survey_id,employee_id,survey_wave,survey_date,engagement_score,satisfaction_score
1,1,2022-Spring,2022-04-13,6.7,4.6
2,3,2022-Spring,2022-04-01,5.5,3.7
3,5,2022-Spring,2022-04-05,4.4,5.0
4,8,2022-Spring,2022-04-23,6.5,7.2
5,10,2022-Spring,2022-04-07,8.8,6.7
6,12,2022-Spring,2022-04-04,8.4,4.6
7,13,2022-Spring,2022-04-08,6.1,8.4
8,14,2022-Spring,2022-04-04,8.8,6.4
9,15,2022-Spring,2022-04-21,6.7,4.6
10,16,2022-Spring,2022-04-14,3.5,5.4
11,17,2022-Spring,2022-04-06,7.7,3.6
12,19,2022-Spring,2022-04-17,6.9,8.3
13,20,2022-Spring,2022-04-01,6.0,6.2
14,21,2022-Spring,2022-04-12,5.1,3.1
15,23,2022-Spring,2022-04-24,7.6,3.7
16,24,2022-Spring,2022-04-25,5.6,3.3
17,25,2022-Spring,2022-04-27,7.5,8.6
18,28,2022-Spring,2022-04-06,8.6,3.4
19,30,2022-Spring,2022-04-10,4.8,8.4
20,32,2022-Spring,2022-04-10,6.7,9.7
21,33,2022-Spring,2022-04-09,3.7,7.4
22,34,2022-Spring,2022-04-28,8.4,8.9
23,35,2022-Spring,2022-04-04,8.5,6.0
24,36,2022-Spring,2022-04-15,9.1,5.6
25,38,2022-Spring,2022-04-16,5.8,8.4
26,39,2022-Spring,2022-04-03,8.1,3.5
27,40,2022-Spring,2022-04-27,4.6,5.0
28,41,2022-Spring,2022-04-11,7.7,5.1
29,42,2022-Spring,2022-04-14,4.5,6.0
30,43,2022-Spring,2022-04-24,9.0,5.4
31,45,2022-Spring,2022-04-26,9.5,3.5
32,46,2022-Spring,2022-04-12,6.7,8.1
33,47,2022-Spring,2022-04-01,4.4,7.1
34,49,2022-Spring,2022-04-03,5.0,7.4
35,50,2022-Spring,2022-04-19,3.7,4.0
36,51,2022-Spring,2022-04-12,5.8,8.2
37,52,2022-Spring,2022-04-17,5.8,5.1
38,53,2022-Spring,2022-04-04,3.7,4.3
39,54,2022-Spring,2022-04-30,7.0,4.8
40,55,2022-Spring,2022-04-15,4.9,7.2
41,59,2022-Spring,2022-04-05,8.9,6.1
42,61,2022-Spring,2022-04-03,8.6,9.6
43,63,2022-Spring,2022-04-23,3.9,6.7
44,68,2022-Spring,2022-04-26,5.8,4.5
45,71,2022-Spring,2022-04-16,3.7,6.8
46,72,2022-Spring,2022-04-26,9.7,3.9
47,75,2022-Spring,2022-04-13,9.8,7.9
48,76,2022-Spring,2022-04-25,6.1,6.9
49,77,2022-Spring,2022-04-11,7.5,6.1
50,79,2022-Spring,2022-04-29,8.7,6.7
51,80,2022-Spring,2022-04-25,9.6,5.9
52,82,2022-Spring,2022-04-04,6.8,5.1
53,83,2022-Spring,2022-04-30,8.0,5.4
54,88,2022-Spring,2022-04-21,9.5,4.9
55,89,2022-Spring,2022-04-20,6.9,6.4
56,90,2022-Spring,2022-04-19,4.5,7.5
57,92,2022-Spring,2022-04-27,9.3,3.3
58,94,2022-Spring,2022-04-21,8.4,4.8
59,95,2022-Spring,2022-04-19,6.1,7.3
60,96,2022-Spring,2022-04-21,6.9,7.4
61,97,2022-Spring,2022-04-08,8.6,7.7
62,98,2022-Spring,2022-04-03,7.8,4.1
63,99,2022-Spring,2022-04-15,4.8,7.1
64,100,2022-Spring,2022-04-23,5.5,9.7
65,101,2022-Spring,2022-04-13,4.3,5.5
66,102,2022-Spring,2022-04-11,5.0,3.8
67,103,2022-Spring,2022-04-05,4.1,5.0
68,104,2022-Spring,2022-04-20,6.1,9.5
69,109,2022-Spring,2022-04-06,6.6,6.5
70,110,2022-Spring,2022-04-10,6.6,3.6
71,111,2022-Spring,2022-04-15,9.6,4.5
72,112,2022-Spring,2022-04-02,5.3,7.1
73,114,2022-Spring,2022-04-10,6.9,8.8
74,115,2022-Spring,2022-04-29,5.2,5.5
75,116,2022-Spring,2022-04-02,6.0,6.9
76,117,2022-Spring,2022-04-18,5.3,5.6
77,118,2022-Spring,2022-04-18,5.3,9.7
78,120,2022-Spring,2022-04-04,6.0,8.4
79,121,2022-Spring,2022-04-12,8.3,4.4
80,122,2022-Spring,2022-04-17,3.8,3.3
81,125,2022-Spring,2022-04-05,7.3,6.5
82,126,2022-Spring,2022-04-20,5.5,5.7
83,127,2022-Spring,2022-04-27,5.4,5.3
84,129,2022-Spring,2022-04-23,7.0,6.2
85,130,2022-Spring,2022-04-11,7.7,9.7
86,131,2022-Spring,2022-04-26,9.2,8.9
87,132,2022-Spring,2022-04-20,6.5,9.6
88,135,2022-Spring,2022-04-24,3.8,6.3
89,136,2022-Spring,2022-04-24,7.4,8.7
90,137,2022-Spring,2022-04-22,5.0,6.9
91,139,2022-Spring,2022-04-15,5.5,4.0
92,141,2022-Spring,2022-04-25,7.4,6.2
93,145,2022-Spring,2022-04-18,5.5,7.5
94,146,2022-Spring,2022-04-11,9.5,6.1
95,2,2022-Fall,2022-10-08,9.2,3.6
96,3,2022-Fall,2022-10-18,6.1,4.3
97,7,2022-Fall,2022-10-04,6.8,5.6
98,8,2022-Fall,2022-10-26,5.5,5.5
99,9,2022-Fall,2022-10-21,7.2,4.8
100,10,2022-Fall,2022-10-19,5.8,4.9
101,13,2022-Fall,2022-10-26,7.0,4.2
102,14,2022-Fall,2022-10-16,5.1,5.1
103,15,2022-Fall,2022-10-23,6.0,3.9
104,17,2022-Fall,2022-10-08,6.3,7.8
105,18,2022-Fall,2022-10-07,6.7,8.3
106,20,2022-Fall,2022-10-22,8.0,4.1
107,22,2022-Fall,2022-10-03,8.7,6.2
108,23,2022-Fall,2022-10-03,3.9,4.5
109,24,2022-Fall,2022-10-02,8.1,9.3
110,25,2022-Fall,2022-10-21,6.8,7.8
111,26,2022-Fall,2022-10-31,8.4,4.2
112,27,2022-Fall,2022-10-01,4.8,7.5
113,29,2022-Fall,2022-10-02,8.4,6.5
114,31,2022-Fall,2022-10-22,3.7,4.6
115,32,2022-Fall,2022-10-06,4.0,4.9
116,33,2022-Fall,2022-10-22,6.0,7.0
117,34,2022-Fall,2022-10-24,7.9,9.3
118,35,2022-Fall,2022-10-24,8.7,9.2
119,36,2022-Fall,2022-10-31,8.6,4.5
120,39,2022-Fall,2022-10-13,7.1,4.8
121,40,2022-Fall,2022-10-04,7.0,6.4
122,41,2022-Fall,2022-10-04,8.6,9.5
123,44,2022-Fall,2022-10-23,6.3,5.6
124,45,2022-Fall,2022-10-08,8.3,9.5
125,46,2022-Fall,2022-10-15,9.1,8.9
126,47,2022-Fall,2022-10-09,3.9,7.3
127,49,2022-Fall,2022-10-08,8.5,5.8
128,50,2022-Fall,2022-10-18,3.6,8.7
129,51,2022-Fall,2022-10-03,6.0,8.1
130,52,2022-Fall,2022-10-18,9.4,6.2
131,53,2022-Fall,2022-10-29,7.1,4.2
132,58,2022-Fall,2022-10-24,4.8,8.0
133,60,2022-Fall,2022-10-07,8.8,8.7
134,61,2022-Fall,2022-10-25,4.2,9.3
135,62,2022-Fall,2022-10-22,6.6,3.0
136,66,2022-Fall,2022-10-11,6.6,9.7
137,69,2022-Fall,2022-10-25,9.3,4.9
138,70,2022-Fall,2022-10-19,4.3,6.6
139,71,2022-Fall,2022-10-31,6.9,6.4
140,72,2022-Fall,2022-10-22,8.4,6.1
141,73,2022-Fall,2022-10-17,6.4,7.7
142,75,2022-Fall,2022-10-07,5.9,3.7
143,76,2022-Fall,2022-10-28,5.1,6.7
144,77,2022-Fall,2022-10-16,9.5,5.3
145,78,2022-Fall,2022-10-14,4.8,7.8
146,79,2022-Fall,2022-10-28,6.0,6.1
147,80,2022-Fall,2022-10-19,7.8,8.5
148,83,2022-Fall,2022-10-28,5.9,4.0
149,86,2022-Fall,2022-10-26,3.6,5.9
150,87,2022-Fall,2022-10-29,8.9,6.5
151,90,2022-Fall,2022-10-18,8.9,3.3
152,91,2022-Fall,2022-10-06,3.9,8.5
153,92,2022-Fall,2022-10-21,4.1,8.1
154,93,2022-Fall,2022-10-12,7.0,9.3
155,94,2022-Fall,2022-10-01,6.1,5.4
156,95,2022-Fall,2022-10-20,4.8,6.9
157,96,2022-Fall,2022-10-06,9.7,4.9
158,97,2022-Fall,2022-10-17,6.6,8.0
159,100,2022-Fall,2022-10-10,6.4,9.5
160,102,2022-Fall,2022-10-30,5.6,7.3
161,103,2022-Fall,2022-10-28,9.2,3.5
162,105,2022-Fall,2022-10-11,5.5,5.0
163,106,2022-Fall,2022-10-21,6.0,9.0
164,110,2022-Fall,2022-10-15,6.1,4.3
165,111,2022-Fall,2022-10-24,5.0,4.7
166,115,2022-Fall,2022-10-13,4.1,3.4
167,117,2022-Fall,2022-10-01,8.4,6.6
168,119,2022-Fall,2022-10-20,4.5,7.5
169,121,2022-Fall,2022-10-08,8.1,6.0
170,122,2022-Fall,2022-10-17,8.8,3.2
171,123,2022-Fall,2022-10-28,9.3,8.9
172,124,2022-Fall,2022-10-28,6.9,4.9
173,125,2022-Fall,2022-10-31,7.9,4.2
174,126,2022-Fall,2022-10-21,8.2,9.0
175,127,2022-Fall,2022-10-21,7.5,5.1
176,128,2022-Fall,2022-10-18,4.9,3.6
177,129,2022-Fall,2022-10-14,5.1,5.1
178,130,2022-Fall,2022-10-27,8.3,3.9
179,131,2022-Fall,2022-10-18,3.6,9.3
180,134,2022-Fall,2022-10-01,8.3,8.4
181,135,2022-Fall,2022-10-26,3.5,5.5
182,136,2022-Fall,2022-10-18,6.3,4.7
183,138,2022-Fall,2022-10-27,5.9,4.8
184,139,2022-Fall,2022-10-08,6.8,8.4
185,140,2022-Fall,2022-10-23,7.8,4.9
186,143,2022-Fall,2022-10-28,3.9,3.9
187,144,2022-Fall,2022-10-15,7.4,4.9
188,145,2022-Fall,2022-10-07,5.5,4.0
189,147,2022-Fall,2022-10-04,5.3,3.9
190,148,2022-Fall,2022-10-01,5.0,4.0
191,149,2022-Fall,2022-10-11,6.1,8.3
192,150,2022-Fall,2022-10-12,6.4,8.4
193,151,2022-Fall,2022-10-27,8.2,4.0
194,152,2022-Fall,2022-10-13,3.9,6.2
195,153,2022-Fall,2022-10-27,5.1,5.6
196,154,2022-Fall,2022-10-25,8.0,5.6
197,156,2022-Fall,2022-10-02,4.8,8.0
198,157,2022-Fall,2022-10-22,9.7,6.2
199,159,2022-Fall,2022-10-11,4.5,8.0
200,161,2022-Fall,2022-10-04,5.1,7.3
201,162,2022-Fall,2022-10-29,3.8,7.5
202,164,2022-Fall,2022-10-14,5.5,4.1
203,165,2022-Fall,2022-10-04,6.0,4.7
204,167,2022-Fall,2022-10-23,6.5,7.1
205,168,2022-Fall,2022-10-03,5.1,6.4
206,170,2022-Fall,2022-10-25,7.4,3.4
207,171,2022-Fall,2022-10-23,6.9,3.7
208,172,2022-Fall,2022-10-11,9.7,8.4
209,175,2022-Fall,2022-10-07,3.6,5.6
210,177,2022-Fall,2022-10-02,6.6,6.0
211,178,2022-Fall,2022-10-23,6.6,6.9
212,179,2022-Fall,2022-10-11,8.1,4.9
213,182,2022-Fall,2022-10-03,6.8,6.1
214,184,2022-Fall,2022-10-15,3.5,7.3
215,185,2022-Fall,2022-10-06,9.1,7.2
216,186,2022-Fall,2022-10-20,5.0,7.9
217,187,2022-Fall,2022-10-18,8.7,4.3
218,190,2022-Fall,2022-10-10,5.5,7.4
219,191,2022-Fall,2022-10-17,7.7,3.3
220,194,2022-Fall,2022-10-02,4.8,6.3
221,195,2022-Fall,2022-10-19,7.5,5.6
222,196,2022-Fall,2022-10-20,7.9,4.7
223,197,2022-Fall,2022-10-20,8.0,3.1
224,199,2022-Fall,2022-10-30,9.1,3.5
225,201,2022-Fall,2022-10-18,8.2,9.1
226,204,2022-Fall,2022-10-20,5.2,3.3
227,205,2022-Fall,2022-10-10,4.0,4.5
228,206,2022-Fall,2022-10-04,8.1,6.6
229,207,2022-Fall,2022-10-17,7.6,6.9
230,209,2022-Fall,2022-10-18,6.1,3.7
231,210,2022-Fall,2022-10-12,7.7,7.8
232,211,2022-Fall,2022-10-04,4.6,4.2
233,212,2022-Fall,2022-10-11,7.6,6.6
234,213,2022-Fall,2022-10-30,5.7,5.1
235,215,2022-Fall,2022-10-12,6.1,7.3
236,217,2022-Fall,2022-10-08,7.0,4.5
237,221,2022-Fall,2022-10-31,6.4,9.5
238,222,2022-Fall,2022-10-02,9.7,7.1
239,223,2022-Fall,2022-10-29,5.4,5.0
240,224,2022-Fall,2022-10-28,5.5,8.2
241,228,2022-Fall,2022-10-19,9.3,4.1
242,229,2022-Fall,2022-10-12,4.5,4.8
243,231,2022-Fall,2022-10-09,8.6,3.6
244,232,2022-Fall,2022-10-30,4.9,3.5
245,233,2022-Fall,2022-10-16,4.6,8.6
246,235,2022-Fall,2022-10-30,4.1,7.4
247,236,2022-Fall,2022-10-26,7.1,3.5
248,237,2022-Fall,2022-10-25,5.6,9.0
249,238,2022-Fall,2022-10-30,9.0,8.9
250,239,2022-Fall,2022-10-21,8.9,9.3
251,240,2022-Fall,2022-10-21,5.9,5.1
252,241,2022-Fall,2022-10-18,7.1,5.2
253,243,2022-Fall,2022-10-22,8.1,5.7
254,244,2022-Fall,2022-10-20,7.1,3.6
255,245,2022-Fall,2022-10-26,6.0,3.9
256,247,2022-Fall,2022-10-19,8.2,6.7
257,248,2022-Fall,2022-10-13,6.7,8.3
258,249,2022-Fall,2022-10-05,6.5,4.3
259,250,2022-Fall,2022-10-19,4.7,7.2
260,2,2023-Spring,2023-04-05,9.1,3.9
261,3,2023-Spring,2023-04-18,5.9,5.5
262,4,2023-Spring,2023-04-21,5.0,3.3
263,6,2023-Spring,2023-04-07,8.9,5.0
264,8,2023-Spring,2023-04-08,3.8,8.4
265,13,2023-Spring,2023-04-03,8.4,8.4
266,16,2023-Spring,2023-04-06,6.7,8.1
267,17,2023-Spring,2023-04-17,5.9,6.5
268,18,2023-Spring,2023-04-23,5.9,7.7
269,20,2023-Spring,2023-04-09,7.2,7.3
270,22,2023-Spring,2023-04-07,4.9,4.4
271,25,2023-Spring,2023-04-10,6.2,5.6
272,26,2023-Spring,2023-04-27,5.9,6.7
273,27,2023-Spring,2023-04-03,5.4,6.5
274,28,2023-Spring,2023-04-02,6.4,7.2
275,29,2023-Spring,2023-04-15,6.2,5.5
276,30,2023-Spring,2023-04-09,5.9,4.2
277,31,2023-Spring,2023-04-21,4.0,9.1
278,32,2023-Spring,2023-04-17,6.7,7.4
279,35,2023-Spring,2023-04-03,5.8,6.7
280,36,2023-Spring,2023-04-22,5.6,5.1
281,42,2023-Spring,2023-04-23,7.3,3.9
282,45,2023-Spring,2023-04-09,3.6,5.0
283,48,2023-Spring,2023-04-13,8.7,8.2
284,49,2023-Spring,2023-04-21,6.7,8.2
285,50,2023-Spring,2023-04-13,4.9,7.9
286,51,2023-Spring,2023-04-08,6.7,8.3
287,54,2023-Spring,2023-04-26,4.0,8.8
288,55,2023-Spring,2023-04-23,6.1,6.0
289,59,2023-Spring,2023-04-05,7.1,3.9
290,61,2023-Spring,2023-04-26,7.7,5.4
291,62,2023-Spring,2023-04-14,7.8,5.7
292,64,2023-Spring,2023-04-11,7.2,6.9
293,65,2023-Spring,2023-04-05,4.5,9.5
294,66,2023-Spring,2023-04-21,8.5,9.2
295,67,2023-Spring,2023-04-13,9.7,4.4
296,68,2023-Spring,2023-04-18,5.9,6.2
297,69,2023-Spring,2023-04-15,7.5,5.1
298,70,2023-Spring,2023-04-22,7.0,3.2
299,72,2023-Spring,2023-04-06,4.8,9.2
300,73,2023-Spring,2023-04-07,5.0,7.5
301,75,2023-Spring,2023-04-02,5.8,3.1
302,76,2023-Spring,2023-04-30,6.1,4.1
303,77,2023-Spring,2023-04-18,6.1,8.1
304,78,2023-Spring,2023-04-29,9.0,3.9
305,79,2023-Spring,2023-04-14,8.7,7.5
306,80,2023-Spring,2023-04-19,9.4,7.0
307,81,2023-Spring,2023-04-22,6.4,4.4
308,84,2023-Spring,2023-04-27,6.0,8.5
309,86,2023-Spring,2023-04-30,7.1,6.3
310,87,2023-Spring,2023-04-02,8.1,5.0
311,89,2023-Spring,2023-04-23,8.8,8.4
312,90,2023-Spring,2023-04-27,8.6,4.2
313,91,2023-Spring,2023-04-29,7.4,5.9
314,92,2023-Spring,2023-04-22,4.7,6.9
315,93,2023-Spring,2023-04-02,5.0,8.9
316,94,2023-Spring,2023-04-21,6.9,7.5
317,95,2023-Spring,2023-04-24,8.1,4.5
318,96,2023-Spring,2023-04-25,7.0,9.8
319,97,2023-Spring,2023-04-04,6.7,8.3
320,98,2023-Spring,2023-04-06,5.1,6.4
321,100,2023-Spring,2023-04-03,7.5,7.6
322,101,2023-Spring,2023-04-11,8.2,8.8
323,102,2023-Spring,2023-04-01,5.1,7.8
324,103,2023-Spring,2023-04-22,8.2,6.3
325,105,2023-Spring,2023-04-18,7.6,7.9
326,106,2023-Spring,2023-04-16,8.7,8.7
327,107,2023-Spring,2023-04-01,7.3,4.2
328,109,2023-Spring,2023-04-24,6.0,3.5
329,111,2023-Spring,2023-04-05,6.3,4.2
330,115,2023-Spring,2023-04-15,7.9,8.7
331,117,2023-Spring,2023-04-23,7.7,3.7
332,119,2023-Spring,2023-04-20,3.5,8.3
333,122,2023-Spring,2023-04-08,4.8,3.1
334,123,2023-Spring,2023-04-01,5.6,4.3
335,124,2023-Spring,2023-04-08,9.5,3.7
336,126,2023-Spring,2023-04-24,4.6,5.8
337,127,2023-Spring,2023-04-11,5.5,7.3
338,128,2023-Spring,2023-04-30,6.9,9.4
339,129,2023-Spring,2023-04-07,4.2,5.2
340,130,2023-Spring,2023-04-21,5.5,5.6
341,131,2023-Spring,2023-04-03,7.6,4.9
342,133,2023-Spring,2023-04-02,3.9,4.5
343,135,2023-Spring,2023-04-20,6.6,9.7
344,139,2023-Spring,2023-04-09,9.5,7.1
345,142,2023-Spring,2023-04-25,7.9,5.3
346,144,2023-Spring,2023-04-29,7.8,9.7
347,145,2023-Spring,2023-04-03,5.6,7.1
348,146,2023-Spring,2023-04-13,6.7,8.0
349,147,2023-Spring,2023-04-23,9.7,4.6
350,148,2023-Spring,2023-04-29,4.3,4.6
351,149,2023-Spring,2023-04-08,7.4,3.4
352,150,2023-Spring,2023-04-10,4.8,5.6
353,151,2023-Spring,2023-04-08,9.3,7.1
354,154,2023-Spring,2023-04-09,5.5,8.4
355,155,2023-Spring,2023-04-26,9.7,7.4
356,156,2023-Spring,2023-04-01,4.9,8.0
357,157,2023-Spring,2023-04-07,6.9,9.2
358,158,2023-Spring,2023-04-08,8.5,7.7
359,160,2023-Spring,2023-04-28,5.9,5.2
360,161,2023-Spring,2023-04-01,3.9,6.3
361,163,2023-Spring,2023-04-05,9.4,3.9
362,164,2023-Spring,2023-04-18,8.7,9.3
363,165,2023-Spring,2023-04-03,6.2,6.2
364,166,2023-Spring,2023-04-07,5.0,4.2
365,167,2023-Spring,2023-04-10,7.1,9.6
366,168,2023-Spring,2023-04-28,8.4,3.5
367,170,2023-Spring,2023-04-06,6.5,5.9
368,171,2023-Spring,2023-04-14,8.3,8.6
369,173,2023-Spring,2023-04-13,6.2,3.6
370,176,2023-Spring,2023-04-18,4.5,7.9
371,177,2023-Spring,2023-04-15,5.4,4.9
372,178,2023-Spring,2023-04-16,4.0,3.9
373,179,2023-Spring,2023-04-05,9.3,3.0
374,182,2023-Spring,2023-04-13,9.3,9.4
375,184,2023-Spring,2023-04-16,5.4,9.7
376,185,2023-Spring,2023-04-29,3.7,9.3
377,186,2023-Spring,2023-04-19,4.5,8.2
378,190,2023-Spring,2023-04-23,6.6,7.7
379,192,2023-Spring,2023-04-30,6.2,4.7
380,194,2023-Spring,2023-04-30,8.6,7.3
381,195,2023-Spring,2023-04-23,7.7,4.0
382,196,2023-Spring,2023-04-22,4.4,4.7
383,197,2023-Spring,2023-04-22,8.8,3.1
384,199,2023-Spring,2023-04-30,5.9,7.8
385,201,2023-Spring,2023-04-30,4.7,5.9
386,203,2023-Spring,2023-04-10,6.7,6.6
387,205,2023-Spring,2023-04-24,6.1,9.0
388,207,2023-Spring,2023-04-21,7.1,8.4
389,209,2023-Spring,2023-04-07,9.4,5.7
390,210,2023-Spring,2023-04-06,8.6,3.0
391,211,2023-Spring,2023-04-23,6.1,5.8
392,212,2023-Spring,2023-04-14,4.6,5.5
393,214,2023-Spring,2023-04-06,6.7,3.7
394,216,2023-Spring,2023-04-07,4.7,3.4
395,217,2023-Spring,2023-04-25,4.7,9.7
396,220,2023-Spring,2023-04-30,7.4,8.9
397,221,2023-Spring,2023-04-10,4.0,3.8
398,222,2023-Spring,2023-04-01,7.2,6.2
399,223,2023-Spring,2023-04-04,3.6,4.8
400,225,2023-Spring,2023-04-26,9.7,3.7
401,226,2023-Spring,2023-04-01,5.9,6.5
402,228,2023-Spring,2023-04-16,6.5,5.3
403,229,2023-Spring,2023-04-12,7.8,5.3
404,230,2023-Spring,2023-04-08,9.4,7.5
405,231,2023-Spring,2023-04-02,9.6,8.9
406,233,2023-Spring,2023-04-28,7.9,7.9
407,235,2023-Spring,2023-04-20,4.3,6.6
408,238,2023-Spring,2023-04-15,7.4,7.5
409,239,2023-Spring,2023-04-14,7.7,3.0
410,240,2023-Spring,2023-04-27,5.5,7.3
411,244,2023-Spring,2023-04-08,7.3,5.7
412,245,2023-Spring,2023-04-03,5.7,9.4
413,248,2023-Spring,2023-04-22,8.9,9.2
414,250,2023-Spring,2023-04-07,8.0,8.9
415,254,2023-Spring,2023-04-16,8.5,5.0
416,255,2023-Spring,2023-04-18,9.7,6.2
417,258,2023-Spring,2023-04-18,5.0,4.4
418,260,2023-Spring,2023-04-03,4.2,9.8
419,262,2023-Spring,2023-04-30,9.4,9.1
420,264,2023-Spring,2023-04-09,7.7,9.5
421,265,2023-Spring,2023-04-22,4.4,6.6
422,267,2023-Spring,2023-04-23,5.6,4.5
423,268,2023-Spring,2023-04-30,7.3,7.4
424,269,2023-Spring,2023-04-23,8.2,7.9
425,270,2023-Spring,2023-04-26,7.0,8.8
426,272,2023-Spring,2023-04-04,5.3,3.8
427,273,2023-Spring,2023-04-19,9.4,8.1
428,274,2023-Spring,2023-04-12,4.3,5.1
429,275,2023-Spring,2023-04-24,3.5,3.4
430,276,2023-Spring,2023-04-28,5.9,5.9
431,281,2023-Spring,2023-04-22,7.3,4.5
432,282,2023-Spring,2023-04-18,8.9,5.1
433,284,2023-Spring,2023-04-08,6.6,6.1
434,285,2023-Spring,2023-04-05,8.2,8.8
435,287,2023-Spring,2023-04-11,5.4,9.7
436,288,2023-Spring,2023-04-28,8.0,6.3
437,290,2023-Spring,2023-04-23,9.6,3.4
438,292,2023-Spring,2023-04-23,4.8,8.0
439,295,2023-Spring,2023-04-28,8.4,8.8
440,297,2023-Spring,2023-04-27,7.7,8.8
441,300,2023-Spring,2023-04-11,6.2,6.2
442,301,2023-Spring,2023-04-13,6.0,6.6
443,302,2023-Spring,2023-04-23,9.3,7.8
444,303,2023-Spring,2023-04-04,4.3,8.1
445,304,2023-Spring,2023-04-26,3.8,9.4
446,305,2023-Spring,2023-04-21,4.5,3.9
447,307,2023-Spring,2023-04-05,4.8,8.5
448,308,2023-Spring,2023-04-21,3.6,7.9
449,309,2023-Spring,2023-04-22,8.4,8.8
450,310,2023-Spring,2023-04-14,7.8,4.1
451,311,2023-Spring,2023-04-12,9.6,4.2
452,312,2023-Spring,2023-04-17,7.6,7.0
453,314,2023-Spring,2023-04-13,5.0,3.8
454,315,2023-Spring,2023-04-10,7.8,9.5
455,316,2023-Spring,2023-04-13,8.4,9.7
456,317,2023-Spring,2023-04-03,8.4,8.9
457,318,2023-Spring,2023-04-09,7.5,6.0
458,319,2023-Spring,2023-04-04,4.0,6.3
459,320,2023-Spring,2023-04-17,4.9,7.0
460,322,2023-Spring,2023-04-23,8.2,8.4
461,323,2023-Spring,2023-04-16,9.8,7.8
462,324,2023-Spring,2023-04-05,4.1,3.4
463,327,2023-Spring,2023-04-27,7.9,5.7
464,330,2023-Spring,2023-04-03,6.8,7.0
465,333,2023-Spring,2023-04-25,4.8,7.5
466,334,2023-Spring,2023-04-28,7.3,4.2
467,335,2023-Spring,2023-04-26,5.5,3.3
468,336,2023-Spring,2023-04-21,4.5,6.8
469,338,2023-Spring,2023-04-04,6.7,5.5
470,339,2023-Spring,2023-04-14,9.7,7.5
471,340,2023-Spring,2023-04-02,9.5,6.5
472,342,2023-Spring,2023-04-15,4.4,6.3
473,343,2023-Spring,2023-04-30,9.7,5.4
474,344,2023-Spring,2023-04-07,7.8,7.5
475,345,2023-Spring,2023-04-02,4.7,5.0
476,348,2023-Spring,2023-04-07,7.2,4.9
477,350,2023-Spring,2023-04-18,5.1,5.6
478,352,2023-Spring,2023-04-03,9.5,7.6
479,354,2023-Spring,2023-04-07,3.9,8.0
480,357,2023-Spring,2023-04-12,7.1,7.4
481,358,2023-Spring,2023-04-06,6.1,4.0
482,360,2023-Spring,2023-04-01,9.6,4.7
483,361,2023-Spring,2023-04-18,4.2,6.7
484,362,2023-Spring,2023-04-21,4.1,9.2
485,364,2023-Spring,2023-04-26,4.9,3.1
486,3,2023-Fall,2023-10-08,6.3,3.3
487,4,2023-Fall,2023-10-22,9.8,3.2
488,6,2023-Fall,2023-10-23,9.7,4.7
489,9,2023-Fall,2023-10-21,8.6,4.0
490,10,2023-Fall,2023-10-31,3.6,7.2
491,12,2023-Fall,2023-10-18,9.8,4.3
492,13,2023-Fall,2023-10-17,7.2,7.3
493,22,2023-Fall,2023-10-12,5.8,9.3
494,23,2023-Fall,2023-10-18,5.7,9.5
495,25,2023-Fall,2023-10-28,8.7,7.8
496,27,2023-Fall,2023-10-04,9.7,8.3
497,28,2023-Fall,2023-10-16,6.9,3.7
498,30,2023-Fall,2023-10-12,8.0,7.4
499,31,2023-Fall,2023-10-08,6.4,6.9
500,32,2023-Fall,2023-10-20,6.3,7.0
501,33,2023-Fall,2023-10-06,3.6,6.0
502,34,2023-Fall,2023-10-29,5.7,8.9
503,35,2023-Fall,2023-10-22,5.7,9.5
504,36,2023-Fall,2023-10-09,9.5,7.9
505,40,2023-Fall,2023-10-23,8.3,3.9
506,42,2023-Fall,2023-10-22,6.3,6.7
507,43,2023-Fall,2023-10-11,5.0,8.4
508,44,2023-Fall,2023-10-14,4.4,6.7
509,46,2023-Fall,2023-10-01,9.6,3.4
510,48,2023-Fall,2023-10-25,9.7,7.2
511,49,2023-Fall,2023-10-24,4.5,4.3
512,54,2023-Fall,2023-10-30,6.6,3.8
513,55,2023-Fall,2023-10-31,6.0,7.8
514,61,2023-Fall,2023-10-16,4.4,5.3
515,62,2023-Fall,2023-10-12,4.6,5.9
516,63,2023-Fall,2023-10-03,4.7,5.7
517,64,2023-Fall,2023-10-21,7.5,5.3
518,66,2023-Fall,2023-10-01,9.0,3.4
519,67,2023-Fall,2023-10-22,5.9,4.1
520,70,2023-Fall,2023-10-01,5.6,5.1
521,72,2023-Fall,2023-10-12,8.9,9.5
522,73,2023-Fall,2023-10-20,6.6,6.6
523,76,2023-Fall,2023-10-22,9.2,7.1
524,77,2023-Fall,2023-10-29,6.3,8.8
525,80,2023-Fall,2023-10-27,8.7,3.2
526,81,2023-Fall,2023-10-18,9.1,8.4
527,82,2023-Fall,2023-10-30,5.5,5.0
528,84,2023-Fall,2023-10-06,7.2,4.1
529,86,2023-Fall,2023-10-07,7.3,9.8
530,91,2023-Fall,2023-10-13,8.4,9.4
531,92,2023-Fall,2023-10-03,5.6,5.5
532,94,2023-Fall,2023-10-27,6.6,8.4
533,95,2023-Fall,2023-10-02,9.3,9.3
534,101,2023-Fall,2023-10-17,4.1,7.5
535,103,2023-Fall,2023-10-23,6.9,5.7
536,105,2023-Fall,2023-10-07,5.3,3.9
537,107,2023-Fall,2023-10-21,6.2,6.0
538,109,2023-Fall,2023-10-01,6.6,5.2
539,110,2023-Fall,2023-10-13,5.4,9.7
540,115,2023-Fall,2023-10-02,4.7,3.6
541,119,2023-Fall,2023-10-06,7.5,8.0
542,120,2023-Fall,2023-10-02,9.6,5.6
543,121,2023-Fall,2023-10-18,3.8,8.6
544,124,2023-Fall,2023-10-06,6.7,7.6
545,125,2023-Fall,2023-10-07,4.1,9.5
546,128,2023-Fall,2023-10-07,6.6,6.9
547,129,2023-Fall,2023-10-02,9.3,4.4
548,133,2023-Fall,2023-10-08,7.7,9.2
549,135,2023-Fall,2023-10-06,9.7,8.6
550,136,2023-Fall,2023-10-27,6.0,4.1
551,137,2023-Fall,2023-10-20,7.7,9.0
552,138,2023-Fall,2023-10-19,8.0,9.1
553,140,2023-Fall,2023-10-31,9.0,8.0
554,141,2023-Fall,2023-10-23,3.6,8.6
555,142,2023-Fall,2023-10-27,9.2,8.6
556,144,2023-Fall,2023-10-20,3.6,7.7
557,145,2023-Fall,2023-10-25,6.3,7.5
558,146,2023-Fall,2023-10-21,4.2,4.1
559,148,2023-Fall,2023-10-18,5.6,9.4
560,149,2023-Fall,2023-10-22,8.0,7.7
561,151,2023-Fall,2023-10-10,5.3,6.9
562,152,2023-Fall,2023-10-04,6.0,9.0
563,153,2023-Fall,2023-10-03,7.0,6.4
564,154,2023-Fall,2023-10-02,6.5,3.7
565,155,2023-Fall,2023-10-27,5.9,3.6
566,157,2023-Fall,2023-10-14,7.4,6.0
567,160,2023-Fall,2023-10-20,8.3,7.5
568,161,2023-Fall,2023-10-07,8.3,7.9
569,162,2023-Fall,2023-10-01,9.5,5.3
570,165,2023-Fall,2023-10-07,9.2,3.4
571,166,2023-Fall,2023-10-31,5.3,3.4
572,167,2023-Fall,2023-10-07,5.6,7.9
573,168,2023-Fall,2023-10-15,3.9,4.7
574,169,2023-Fall,2023-10-18,4.5,6.7
575,170,2023-Fall,2023-10-04,7.8,5.8
576,171,2023-Fall,2023-10-20,8.0,7.9
577,172,2023-Fall,2023-10-02,4.4,3.7
578,173,2023-Fall,2023-10-13,3.5,3.4
579,175,2023-Fall,2023-10-19,4.3,4.5
580,176,2023-Fall,2023-10-19,6.9,3.1
581,178,2023-Fall,2023-10-19,7.6,4.9
582,180,2023-Fall,2023-10-15,9.2,4.6
583,181,2023-Fall,2023-10-09,5.7,9.7
584,182,2023-Fall,2023-10-30,9.2,6.1
585,184,2023-Fall,2023-10-10,7.5,4.2
586,188,2023-Fall,2023-10-01,6.2,5.0
587,190,2023-Fall,2023-10-14,8.0,6.7
588,191,2023-Fall,2023-10-13,4.3,7.3
589,192,2023-Fall,2023-10-13,6.2,5.8
590,195,2023-Fall,2023-10-13,6.4,5.3
591,196,2023-Fall,2023-10-05,8.1,4.4
592,198,2023-Fall,2023-10-07,7.1,9.4
593,201,2023-Fall,2023-10-15,7.0,8.2
594,202,2023-Fall,2023-10-21,5.4,5.7
595,203,2023-Fall,2023-10-18,7.6,5.0
596,206,2023-Fall,2023-10-02,4.8,5.3
597,208,2023-Fall,2023-10-30,6.8,4.2
598,209,2023-Fall,2023-10-23,4.8,6.9
599,210,2023-Fall,2023-10-24,7.8,8.2
600,211,2023-Fall,2023-10-19,8.4,4.3
601,212,2023-Fall,2023-10-15,5.0,8.0
602,214,2023-Fall,2023-10-20,9.4,7.2
603,219,2023-Fall,2023-10-26,3.9,3.1
604,222,2023-Fall,2023-10-03,5.5,9.1
605,223,2023-Fall,2023-10-05,9.5,5.1
606,224,2023-Fall,2023-10-20,9.2,7.0
607,226,2023-Fall,2023-10-23,4.6,5.1
608,228,2023-Fall,2023-10-29,4.5,5.8
609,229,2023-Fall,2023-10-20,6.1,6.8
610,231,2023-Fall,2023-10-23,9.7,7.7
611,234,2023-Fall,2023-10-05,9.2,3.7
612,235,2023-Fall,2023-10-29,5.9,5.6
613,236,2023-Fall,2023-10-01,7.2,9.7
614,237,2023-Fall,2023-10-15,7.2,4.2
615,241,2023-Fall,2023-10-29,5.6,3.6
616,242,2023-Fall,2023-10-06,4.4,5.0
617,244,2023-Fall,2023-10-05,4.2,9.4
618,247,2023-Fall,2023-10-21,5.5,7.8
619,249,2023-Fall,2023-10-20,9.7,6.4
620,250,2023-Fall,2023-10-19,6.1,4.1
621,252,2023-Fall,2023-10-09,9.7,9.1
622,253,2023-Fall,2023-10-11,9.2,3.4
623,254,2023-Fall,2023-10-10,5.2,9.8
624,255,2023-Fall,2023-10-09,8.2,8.2
625,256,2023-Fall,2023-10-03,5.6,3.2
626,259,2023-Fall,2023-10-19,3.6,5.6
627,262,2023-Fall,2023-10-02,7.9,4.8
628,263,2023-Fall,2023-10-12,8.6,8.8
629,265,2023-Fall,2023-10-11,4.3,5.4
630,266,2023-Fall,2023-10-07,6.6,4.8
631,269,2023-Fall,2023-10-22,9.3,8.9
632,271,2023-Fall,2023-10-05,8.6,3.7
633,272,2023-Fall,2023-10-12,3.9,6.9
634,273,2023-Fall,2023-10-03,8.9,3.1
635,274,2023-Fall,2023-10-26,5.6,9.2
636,275,2023-Fall,2023-10-19,7.4,8.9
637,276,2023-Fall,2023-10-28,5.6,7.5
638,277,2023-Fall,2023-10-02,7.9,4.4
639,279,2023-Fall,2023-10-03,8.0,3.6
640,282,2023-Fall,2023-10-22,5.0,3.3
641,283,2023-Fall,2023-10-11,7.4,4.3
642,286,2023-Fall,2023-10-23,4.7,5.0
643,287,2023-Fall,2023-10-28,8.9,6.0
644,288,2023-Fall,2023-10-03,4.6,4.3
645,289,2023-Fall,2023-10-18,7.1,4.3
646,290,2023-Fall,2023-10-25,4.0,4.3
647,291,2023-Fall,2023-10-08,4.5,7.3
648,292,2023-Fall,2023-10-20,6.1,7.4
649,293,2023-Fall,2023-10-09,8.7,8.0
650,294,2023-Fall,2023-10-21,9.1,7.6
651,295,2023-Fall,2023-10-06,3.9,3.4
652,296,2023-Fall,2023-10-24,3.9,8.1
653,297,2023-Fall,2023-10-22,8.3,7.9
654,298,2023-Fall,2023-10-24,7.7,5.2
655,303,2023-Fall,2023-10-31,3.9,4.8
656,305,2023-Fall,2023-10-24,8.6,5.5
657,306,2023-Fall,2023-10-16,5.5,9.8
658,307,2023-Fall,2023-10-19,4.6,7.7
659,308,2023-Fall,2023-10-29,6.4,9.3
660,311,2023-Fall,2023-10-29,6.4,4.0
661,313,2023-Fall,2023-10-31,3.7,3.9
662,314,2023-Fall,2023-10-28,7.5,5.7
663,315,2023-Fall,2023-10-26,8.6,9.2
664,316,2023-Fall,2023-10-31,4.7,3.6
665,317,2023-Fall,2023-10-05,5.2,4.3
666,318,2023-Fall,2023-10-06,5.4,9.5
667,320,2023-Fall,2023-10-08,4.7,7.1
668,321,2023-Fall,2023-10-14,9.5,4.1
669,324,2023-Fall,2023-10-31,4.2,9.5
670,326,2023-Fall,2023-10-05,5.0,9.4
671,329,2023-Fall,2023-10-01,9.5,7.3
672,330,2023-Fall,2023-10-10,7.8,5.9
673,331,2023-Fall,2023-10-05,6.8,5.3
674,332,2023-Fall,2023-10-23,8.9,5.5
675,334,2023-Fall,2023-10-15,5.8,4.7
676,339,2023-Fall,2023-10-29,9.6,8.4
677,340,2023-Fall,2023-10-19,8.5,7.7
678,344,2023-Fall,2023-10-30,4.9,7.0
679,345,2023-Fall,2023-10-27,5.1,6.8
680,347,2023-Fall,2023-10-29,4.1,8.1
681,348,2023-Fall,2023-10-03,6.8,6.1
682,352,2023-Fall,2023-10-13,8.4,8.4
683,353,2023-Fall,2023-10-05,5.8,8.3
684,354,2023-Fall,2023-10-08,7.5,5.2
685,356,2023-Fall,2023-10-05,8.4,9.5
686,357,2023-Fall,2023-10-11,7.3,6.6
687,359,2023-Fall,2023-10-31,9.3,7.1
688,360,2023-Fall,2023-10-02,8.1,4.3
689,362,2023-Fall,2023-10-26,5.9,7.8
690,364,2023-Fall,2023-10-07,4.4,3.2
691,365,2023-Fall,2023-10-25,6.2,5.5
692,368,2023-Fall,2023-10-13,7.0,7.0
693,370,2023-Fall,2023-10-09,6.4,4.3
694,371,2023-Fall,2023-10-10,4.5,3.9
695,373,2023-Fall,2023-10-28,5.6,6.2
696,374,2023-Fall,2023-10-27,8.0,6.7
697,375,2023-Fall,2023-10-21,5.5,4.2
698,376,2023-Fall,2023-10-25,3.7,4.9
699,377,2023-Fall,2023-10-19,3.7,6.5
700,380,2023-Fall,2023-10-30,3.9,4.0
701,381,2023-Fall,2023-10-31,8.0,3.6
702,382,2023-Fall,2023-10-12,5.6,5.8
703,384,2023-Fall,2023-10-18,3.9,5.8
704,387,2023-Fall,2023-10-03,8.6,6.0
705,389,2023-Fall,2023-10-30,9.0,4.5
706,390,2023-Fall,2023-10-22,7.0,3.4
707,393,2023-Fall,2023-10-02,3.8,8.2
708,396,2023-Fall,2023-10-11,5.5,8.1
709,397,2023-Fall,2023-10-01,6.7,5.0
710,398,2023-Fall,2023-10-23,7.9,6.7
711,399,2023-Fall,2023-10-19,3.7,4.6
712,400,2023-Fall,2023-10-12,7.9,7.0
713,401,2023-Fall,2023-10-29,8.7,5.7
714,402,2023-Fall,2023-10-01,9.3,8.1
715,403,2023-Fall,2023-10-18,5.9,5.6
716,407,2023-Fall,2023-10-07,5.6,4.8
717,408,2023-Fall,2023-10-10,6.3,6.0
718,410,2023-Fall,2023-10-25,6.1,4.3
719,411,2023-Fall,2023-10-26,4.2,9.3
720,412,2023-Fall,2023-10-25,7.1,8.1
721,414,2023-Fall,2023-10-29,7.2,5.1
722,415,2023-Fall,2023-10-21,7.4,6.9
723,418,2023-Fall,2023-10-17,3.7,3.1
724,421,2023-Fall,2023-10-31,8.0,7.9
725,423,2023-Fall,2023-10-13,7.3,4.1
726,424,2023-Fall,2023-10-18,7.3,8.4
727,425,2023-Fall,2023-10-31,5.1,7.2
728,428,2023-Fall,2023-10-28,3.6,4.9
729,429,2023-Fall,2023-10-15,5.9,6.9
730,430,2023-Fall,2023-10-02,5.8,7.4
731,433,2023-Fall,2023-10-09,6.1,3.2
732,436,2023-Fall,2023-10-09,6.4,9.3
733,439,2023-Fall,2023-10-21,8.2,7.6
734,440,2023-Fall,2023-10-30,9.4,4.2
735,441,2023-Fall,2023-10-24,5.0,8.9
736,442,2023-Fall,2023-10-18,5.2,3.2
737,443,2023-Fall,2023-10-03,8.1,4.0
738,444,2023-Fall,2023-10-22,5.9,3.3
739,445,2023-Fall,2023-10-15,6.1,9.6
740,446,2023-Fall,2023-10-02,7.6,9.5
741,450,2023-Fall,2023-10-09,3.7,4.8
742,452,2023-Fall,2023-10-15,8.6,9.8
743,453,2023-Fall,2023-10-19,8.8,6.0
744,455,2023-Fall,2023-10-08,8.0,8.0
745,456,2023-Fall,2023-10-03,7.3,6.1
746,457,2023-Fall,2023-10-06,5.9,9.1
747,459,2023-Fall,2023-10-11,8.1,5.4
748,460,2023-Fall,2023-10-13,5.8,9.7
749,463,2023-Fall,2023-10-22,8.2,6.4
750,464,2023-Fall,2023-10-12,9.6,3.6
751,465,2023-Fall,2023-10-05,5.6,5.4
752,466,2023-Fall,2023-10-25,6.9,7.6
753,468,2023-Fall,2023-10-30,8.9,7.3
754,469,2023-Fall,2023-10-18,7.5,8.1
755,471,2023-Fall,2023-10-27,8.5,8.6
756,472,2023-Fall,2023-10-27,6.1,3.8
757,474,2023-Fall,2023-10-02,6.8,6.9
758,475,2023-Fall,2023-10-18,7.7,4.1
759,476,2023-Fall,2023-10-23,8.5,6.3
760,477,2023-Fall,2023-10-27,8.5,6.7
761,478,2023-Fall,2023-10-22,8.7,4.5
762,479,2023-Fall,2023-10-14,7.8,9.7
763,480,2023-Fall,2023-10-21,6.4,8.7
764,482,2023-Fall,2023-10-01,9.1,9.6
765,484,2023-Fall,2023-10-30,4.0,9.5
766,485,2023-Fall,2023-10-13,5.4,4.4
767,486,2023-Fall,2023-10-31,8.6,3.2
768,487,2023-Fall,2023-10-04,4.8,8.6
769,489,2023-Fall,2023-10-15,9.5,5.9
770,490,2023-Fall,2023-10-13,3.6,7.1
771,491,2023-Fall,2023-10-12,4.8,5.9
772,2,2024-Spring,2024-04-12,6.8,4.5
773,3,2024-Spring,2024-04-07,9.5,3.2
774,9,2024-Spring,2024-04-23,8.8,8.8
775,10,2024-Spring,2024-04-13,3.7,9.7
776,11,2024-Spring,2024-04-28,6.4,7.9
777,13,2024-Spring,2024-04-09,6.6,8.4
778,16,2024-Spring,2024-04-23,9.1,8.4
779,17,2024-Spring,2024-04-25,9.4,9.2
780,18,2024-Spring,2024-04-07,5.8,4.6
781,19,2024-Spring,2024-04-16,9.7,4.8
782,20,2024-Spring,2024-04-24,7.2,6.4
783,22,2024-Spring,2024-04-07,9.2,3.9
784,23,2024-Spring,2024-04-10,5.8,6.6
785,26,2024-Spring,2024-04-30,8.8,7.2
786,29,2024-Spring,2024-04-27,5.7,8.2
787,30,2024-Spring,2024-04-11,8.5,5.5
788,31,2024-Spring,2024-04-10,8.8,4.2
789,33,2024-Spring,2024-04-15,9.0,4.9
790,34,2024-Spring,2024-04-25,8.0,9.7
791,35,2024-Spring,2024-04-13,4.3,8.5
792,36,2024-Spring,2024-04-22,9.5,7.4
793,39,2024-Spring,2024-04-08,8.5,4.1
794,40,2024-Spring,2024-04-04,5.4,5.2
795,42,2024-Spring,2024-04-23,8.6,6.1
796,43,2024-Spring,2024-04-22,8.4,4.5
797,46,2024-Spring,2024-04-18,7.6,8.0
798,47,2024-Spring,2024-04-17,8.7,9.3
799,48,2024-Spring,2024-04-04,4.0,8.0
800,49,2024-Spring,2024-04-30,9.4,4.9
801,50,2024-Spring,2024-04-12,8.6,7.5
802,52,2024-Spring,2024-04-29,9.2,8.4
803,53,2024-Spring,2024-04-28,7.8,9.1
804,54,2024-Spring,2024-04-04,6.6,7.4
805,55,2024-Spring,2024-04-21,9.4,7.6
806,60,2024-Spring,2024-04-11,9.0,8.6
807,61,2024-Spring,2024-04-15,6.4,3.9
808,62,2024-Spring,2024-04-22,5.5,4.3
809,63,2024-Spring,2024-04-04,5.3,3.4
810,66,2024-Spring,2024-04-12,8.6,8.5
811,68,2024-Spring,2024-04-30,9.4,5.2
812,70,2024-Spring,2024-04-02,3.7,9.3
813,71,2024-Spring,2024-04-22,4.6,3.9
814,72,2024-Spring,2024-04-11,6.4,8.8
815,73,2024-Spring,2024-04-14,3.7,5.0
816,77,2024-Spring,2024-04-30,4.9,5.7
817,81,2024-Spring,2024-04-06,9.2,4.3
818,82,2024-Spring,2024-04-20,5.7,7.8
819,84,2024-Spring,2024-04-13,4.6,7.9
820,86,2024-Spring,2024-04-06,7.1,7.3
821,88,2024-Spring,2024-04-08,5.7,7.9
822,91,2024-Spring,2024-04-29,8.9,7.6
823,94,2024-Spring,2024-04-05,7.5,8.2
824,96,2024-Spring,2024-04-23,7.4,9.1
825,97,2024-Spring,2024-04-06,3.5,5.5
826,98,2024-Spring,2024-04-23,8.7,8.3
827,100,2024-Spring,2024-04-12,4.9,4.5
828,101,2024-Spring,2024-04-17,5.7,3.2
829,102,2024-Spring,2024-04-30,3.8,9.6
830,103,2024-Spring,2024-04-06,6.0,6.4
831,110,2024-Spring,2024-04-02,4.1,6.3
832,111,2024-Spring,2024-04-04,5.7,8.7
833,113,2024-Spring,2024-04-29,9.6,7.6
834,116,2024-Spring,2024-04-06,7.9,9.6
835,118,2024-Spring,2024-04-26,8.8,6.0
836,121,2024-Spring,2024-04-28,5.1,5.7
837,122,2024-Spring,2024-04-15,8.2,3.9
838,123,2024-Spring,2024-04-07,9.7,9.7
839,124,2024-Spring,2024-04-06,9.3,6.5
840,125,2024-Spring,2024-04-25,7.3,4.7
841,126,2024-Spring,2024-04-18,9.7,8.8
842,127,2024-Spring,2024-04-23,8.6,9.7
843,128,2024-Spring,2024-04-06,4.6,9.5
844,129,2024-Spring,2024-04-13,4.7,9.0
845,131,2024-Spring,2024-04-12,7.6,9.1
846,133,2024-Spring,2024-04-29,7.5,7.9
847,136,2024-Spring,2024-04-28,7.6,6.6
848,137,2024-Spring,2024-04-22,8.5,4.9
849,140,2024-Spring,2024-04-22,5.5,8.8
850,144,2024-Spring,2024-04-11,4.4,9.0
851,145,2024-Spring,2024-04-25,5.9,5.7
852,146,2024-Spring,2024-04-26,5.3,5.7
853,147,2024-Spring,2024-04-24,6.5,5.5
854,148,2024-Spring,2024-04-24,5.2,6.2
855,149,2024-Spring,2024-04-09,7.1,8.4
856,152,2024-Spring,2024-04-12,4.0,9.6
857,153,2024-Spring,2024-04-03,7.1,9.2
858,154,2024-Spring,2024-04-14,5.2,6.9
859,155,2024-Spring,2024-04-19,8.0,7.0
860,156,2024-Spring,2024-04-11,6.3,6.4
861,160,2024-Spring,2024-04-26,3.5,3.9
862,161,2024-Spring,2024-04-14,9.7,7.5
863,162,2024-Spring,2024-04-28,7.6,3.7
864,164,2024-Spring,2024-04-10,4.0,4.4
865,166,2024-Spring,2024-04-23,6.2,9.4
866,167,2024-Spring,2024-04-18,7.1,6.1
867,168,2024-Spring,2024-04-17,6.5,3.5
868,169,2024-Spring,2024-04-29,6.5,3.5
869,170,2024-Spring,2024-04-25,4.7,6.0
870,171,2024-Spring,2024-04-25,3.7,9.5
871,176,2024-Spring,2024-04-16,7.6,5.9
872,177,2024-Spring,2024-04-21,9.4,9.4
873,182,2024-Spring,2024-04-04,7.3,7.3
874,183,2024-Spring,2024-04-10,4.7,9.5
875,184,2024-Spring,2024-04-26,7.1,5.3
876,185,2024-Spring,2024-04-05,3.8,3.8
877,186,2024-Spring,2024-04-27,3.6,5.4
878,188,2024-Spring,2024-04-10,7.0,6.1
879,191,2024-Spring,2024-04-23,3.8,4.0
880,194,2024-Spring,2024-04-10,5.4,7.5
881,195,2024-Spring,2024-04-13,5.4,6.0
882,196,2024-Spring,2024-04-10,9.1,3.6
883,199,2024-Spring,2024-04-12,6.2,9.7
884,200,2024-Spring,2024-04-11,3.7,5.8
885,201,2024-Spring,2024-04-23,4.9,4.4
886,202,2024-Spring,2024-04-13,9.6,6.8
887,203,2024-Spring,2024-04-15,6.3,3.7
888,204,2024-Spring,2024-04-21,5.8,6.9
889,205,2024-Spring,2024-04-11,4.8,7.7
890,206,2024-Spring,2024-04-24,3.6,5.5
891,207,2024-Spring,2024-04-17,4.5,5.8
892,208,2024-Spring,2024-04-10,5.0,3.5
893,209,2024-Spring,2024-04-10,9.3,7.2
894,210,2024-Spring,2024-04-19,8.3,7.2
895,211,2024-Spring,2024-04-10,6.1,6.0
896,212,2024-Spring,2024-04-11,8.2,8.9
897,214,2024-Spring,2024-04-08,5.4,4.8
898,216,2024-Spring,2024-04-29,5.4,3.8
899,217,2024-Spring,2024-04-20,7.2,8.1
900,219,2024-Spring,2024-04-23,9.5,4.8
901,220,2024-Spring,2024-04-10,4.9,9.0
902,222,2024-Spring,2024-04-17,8.3,8.7
903,224,2024-Spring,2024-04-08,3.8,5.2
904,225,2024-Spring,2024-04-20,8.1,7.9
905,226,2024-Spring,2024-04-19,7.7,6.6
906,228,2024-Spring,2024-04-28,9.4,3.7
907,229,2024-Spring,2024-04-01,9.8,8.2
908,231,2024-Spring,2024-04-02,7.9,3.8
909,232,2024-Spring,2024-04-02,6.5,5.0
910,234,2024-Spring,2024-04-10,7.5,8.3
911,235,2024-Spring,2024-04-16,8.5,3.9
912,237,2024-Spring,2024-04-01,3.8,4.9
913,238,2024-Spring,2024-04-10,5.9,3.4
914,240,2024-Spring,2024-04-02,8.7,4.0
915,242,2024-Spring,2024-04-05,8.4,4.4
916,245,2024-Spring,2024-04-13,8.9,6.6
917,247,2024-Spring,2024-04-07,5.6,5.3
918,248,2024-Spring,2024-04-16,9.6,6.8
919,249,2024-Spring,2024-04-26,4.0,6.9
920,250,2024-Spring,2024-04-03,5.1,5.5
921,251,2024-Spring,2024-04-09,7.9,5.7
922,252,2024-Spring,2024-04-03,4.9,6.7
923,253,2024-Spring,2024-04-29,4.8,9.1
924,254,2024-Spring,2024-04-14,4.5,7.6
925,255,2024-Spring,2024-04-28,5.1,5.1
926,256,2024-Spring,2024-04-09,6.1,7.5
927,257,2024-Spring,2024-04-08,7.7,7.9
928,259,2024-Spring,2024-04-24,7.9,8.4
929,260,2024-Spring,2024-04-27,6.9,3.2
930,262,2024-Spring,2024-04-29,9.7,7.4
931,265,2024-Spring,2024-04-09,5.9,7.0
932,266,2024-Spring,2024-04-29,8.6,3.6
933,267,2024-Spring,2024-04-16,6.3,4.9
934,268,2024-Spring,2024-04-07,9.8,5.1
935,271,2024-Spring,2024-04-08,6.9,8.4
936,272,2024-Spring,2024-04-02,4.5,8.5
937,273,2024-Spring,2024-04-09,6.2,5.3
938,274,2024-Spring,2024-04-11,8.1,8.1
939,276,2024-Spring,2024-04-05,6.8,4.0
940,278,2024-Spring,2024-04-01,4.3,5.7
941,282,2024-Spring,2024-04-29,3.6,3.1
942,283,2024-Spring,2024-04-14,6.5,3.5
943,285,2024-Spring,2024-04-14,8.4,5.5
944,287,2024-Spring,2024-04-14,4.4,6.3
945,288,2024-Spring,2024-04-25,8.6,4.7
946,290,2024-Spring,2024-04-21,5.8,3.4
947,292,2024-Spring,2024-04-08,8.1,6.8
948,293,2024-Spring,2024-04-16,4.6,3.2
949,294,2024-Spring,2024-04-30,9.5,3.9
950,296,2024-Spring,2024-04-10,6.4,9.4
951,304,2024-Spring,2024-04-15,8.0,9.5
952,305,2024-Spring,2024-04-05,5.3,9.0
953,306,2024-Spring,2024-04-27,9.0,5.8
954,308,2024-Spring,2024-04-18,6.4,8.3
955,309,2024-Spring,2024-04-30,6.5,7.3
956,310,2024-Spring,2024-04-27,5.1,3.7
957,312,2024-Spring,2024-04-28,4.7,4.8
958,313,2024-Spring,2024-04-21,6.9,6.7
959,315,2024-Spring,2024-04-22,6.5,4.0
960,316,2024-Spring,2024-04-30,3.9,4.1
961,317,2024-Spring,2024-04-26,9.5,8.3
962,318,2024-Spring,2024-04-13,8.3,4.9
963,320,2024-Spring,2024-04-17,8.1,4.0
964,321,2024-Spring,2024-04-08,7.5,6.1
965,324,2024-Spring,2024-04-06,4.1,3.6
966,326,2024-Spring,2024-04-15,9.6,3.3
967,331,2024-Spring,2024-04-26,9.3,7.2
968,332,2024-Spring,2024-04-29,9.6,3.5
969,335,2024-Spring,2024-04-23,3.7,7.3
970,336,2024-Spring,2024-04-05,5.7,7.0
971,337,2024-Spring,2024-04-09,7.9,4.2
972,338,2024-Spring,2024-04-29,9.2,3.7
973,339,2024-Spring,2024-04-06,4.4,6.3
974,340,2024-Spring,2024-04-09,5.1,6.8
975,341,2024-Spring,2024-04-01,5.8,5.0
976,343,2024-Spring,2024-04-13,4.6,7.6
977,345,2024-Spring,2024-04-29,7.6,8.8
978,346,2024-Spring,2024-04-07,8.2,3.0
979,347,2024-Spring,2024-04-07,4.8,5.0
980,348,2024-Spring,2024-04-29,9.2,3.1
981,349,2024-Spring,2024-04-17,6.6,7.1
982,351,2024-Spring,2024-04-15,3.6,4.1
983,355,2024-Spring,2024-04-13,8.3,7.7
984,356,2024-Spring,2024-04-25,9.0,4.3
985,358,2024-Spring,2024-04-20,7.9,4.2
986,359,2024-Spring,2024-04-22,4.8,9.4
987,360,2024-Spring,2024-04-11,6.1,4.8
988,361,2024-Spring,2024-04-16,6.5,8.4
989,362,2024-Spring,2024-04-12,7.1,3.1
990,363,2024-Spring,2024-04-13,5.7,3.6
991,365,2024-Spring,2024-04-21,5.8,7.9
992,366,2024-Spring,2024-04-19,5.3,3.5
993,370,2024-Spring,2024-04-05,7.2,5.1
994,371,2024-Spring,2024-04-19,6.0,6.0
995,372,2024-Spring,2024-04-24,8.6,7.4
996,373,2024-Spring,2024-04-20,8.1,7.5
997,375,2024-Spring,2024-04-13,4.0,7.5
998,376,2024-Spring,2024-04-01,7.6,6.7
999,377,2024-Spring,2024-04-07,8.1,4.5
1000,378,2024-Spring,2024-04-28,3.8,4.9
1001,379,2024-Spring,2024-04-28,4.9,8.8
1002,380,2024-Spring,2024-04-21,4.0,8.8
1003,381,2024-Spring,2024-04-27,4.6,3.5
1004,383,2024-Spring,2024-04-30,9.1,7.8
1005,384,2024-Spring,2024-04-28,6.2,5.8
1006,386,2024-Spring,2024-04-13,5.4,3.1
1007,389,2024-Spring,2024-04-11,5.2,6.7
1008,390,2024-Spring,2024-04-10,8.2,8.7
1009,391,2024-Spring,2024-04-02,8.5,4.2
1010,395,2024-Spring,2024-04-21,6.8,4.7
1011,396,2024-Spring,2024-04-11,8.4,9.5
1012,397,2024-Spring,2024-04-10,9.5,5.7
1013,398,2024-Spring,2024-04-24,4.2,6.0
1014,400,2024-Spring,2024-04-10,7.6,3.8
1015,401,2024-Spring,2024-04-30,6.2,4.0
1016,402,2024-Spring,2024-04-06,3.6,7.7
1017,403,2024-Spring,2024-04-06,7.4,6.6
1018,405,2024-Spring,2024-04-24,6.6,6.5
1019,411,2024-Spring,2024-04-16,8.9,6.0
1020,413,2024-Spring,2024-04-20,7.2,7.2
1021,414,2024-Spring,2024-04-17,4.1,4.1
1022,417,2024-Spring,2024-04-18,3.6,4.5
1023,418,2024-Spring,2024-04-14,3.6,7.7
1024,420,2024-Spring,2024-04-01,3.9,5.4
1025,421,2024-Spring,2024-04-06,6.9,4.3
1026,423,2024-Spring,2024-04-28,4.1,5.2
1027,424,2024-Spring,2024-04-26,4.6,4.7
1028,425,2024-Spring,2024-04-08,7.0,3.0
1029,426,2024-Spring,2024-04-23,4.5,5.8
1030,428,2024-Spring,2024-04-25,7.1,7.2
1031,429,2024-Spring,2024-04-13,6.9,5.9
1032,434,2024-Spring,2024-04-18,9.8,4.4
1033,436,2024-Spring,2024-04-13,7.7,9.0
1034,437,2024-Spring,2024-04-27,6.5,9.1
1035,438,2024-Spring,2024-04-11,7.5,9.0
1036,443,2024-Spring,2024-04-15,4.2,6.0
1037,444,2024-Spring,2024-04-25,4.2,9.6
1038,445,2024-Spring,2024-04-22,6.7,4.1
1039,448,2024-Spring,2024-04-22,6.9,6.5
1040,450,2024-Spring,2024-04-06,6.4,7.1
1041,452,2024-Spring,2024-04-11,8.0,8.2
1042,454,2024-Spring,2024-04-29,6.5,5.6
1043,455,2024-Spring,2024-04-14,8.3,7.9
1044,457,2024-Spring,2024-04-21,9.2,6.7
1045,458,2024-Spring,2024-04-21,8.6,4.7
1046,459,2024-Spring,2024-04-05,6.4,6.0
1047,460,2024-Spring,2024-04-15,9.3,7.7
1048,461,2024-Spring,2024-04-19,6.1,8.8
1049,463,2024-Spring,2024-04-18,7.9,5.4
1050,464,2024-Spring,2024-04-24,7.8,9.7
1051,466,2024-Spring,2024-04-13,5.9,7.7
1052,468,2024-Spring,2024-04-25,4.6,8.9
1053,469,2024-Spring,2024-04-04,4.4,6.0
1054,470,2024-Spring,2024-04-17,7.2,9.1
1055,472,2024-Spring,2024-04-11,4.9,4.9
1056,474,2024-Spring,2024-04-21,3.6,6.0
1057,475,2024-Spring,2024-04-05,7.1,7.1
1058,476,2024-Spring,2024-04-21,6.5,8.2
1059,477,2024-Spring,2024-04-19,9.7,5.1
1060,479,2024-Spring,2024-04-13,6.6,6.8
1061,480,2024-Spring,2024-04-20,6.4,7.7
1062,481,2024-Spring,2024-04-18,5.7,7.2
1063,482,2024-Spring,2024-04-13,5.2,9.5
1064,483,2024-Spring,2024-04-20,8.6,8.8
1065,484,2024-Spring,2024-04-15,5.0,8.7
1066,485,2024-Spring,2024-04-21,5.7,5.7
1067,486,2024-Spring,2024-04-26,6.9,9.8
1068,487,2024-Spring,2024-04-19,6.9,4.8
1069,488,2024-Spring,2024-04-26,7.3,7.5
1070,489,2024-Spring,2024-04-13,9.0,5.2
1071,490,2024-Spring,2024-04-27,9.1,3.2
1072,491,2024-Spring,2024-04-15,3.7,5.7
1073,492,2024-Spring,2024-04-29,3.9,8.7
1074,494,2024-Spring,2024-04-18,8.8,5.4
1075,495,2024-Spring,2024-04-08,3.5,9.0
1076,498,2024-Spring,2024-04-07,9.0,8.5
1077,499,2024-Spring,2024-04-10,7.7,6.7
1078,500,2024-Spring,2024-04-20,8.1,4.8
1079,503,2024-Spring,2024-04-14,9.7,4.6
1080,504,2024-Spring,2024-04-15,8.5,9.2
1081,505,2024-Spring,2024-04-07,3.8,5.3
1082,506,2024-Spring,2024-04-22,6.0,7.0
1083,508,2024-Spring,2024-04-21,4.8,9.2
1084,510,2024-Spring,2024-04-04,7.0,8.2
1085,511,2024-Spring,2024-04-15,9.7,7.5
1086,514,2024-Spring,2024-04-15,7.1,6.4
1087,515,2024-Spring,2024-04-24,9.2,7.4
1088,516,2024-Spring,2024-04-06,6.1,7.4
1089,517,2024-Spring,2024-04-04,7.5,4.4
1090,518,2024-Spring,2024-04-23,4.3,4.6
1091,520,2024-Spring,2024-04-09,4.3,7.0
1092,521,2024-Spring,2024-04-16,5.2,5.3
1093,522,2024-Spring,2024-04-29,9.4,8.6
1094,523,2024-Spring,2024-04-10,9.4,5.6
1095,525,2024-Spring,2024-04-11,9.2,7.2
1096,526,2024-Spring,2024-04-16,4.4,9.3
1097,528,2024-Spring,2024-04-28,4.6,7.1
1098,529,2024-Spring,2024-04-07,9.4,7.4
1099,530,2024-Spring,2024-04-26,3.7,6.4
1100,531,2024-Spring,2024-04-13,5.4,5.0
1101,534,2024-Spring,2024-04-08,7.3,5.2
1102,535,2024-Spring,2024-04-27,8.7,6.6
1103,536,2024-Spring,2024-04-16,8.7,9.6
1104,537,2024-Spring,2024-04-24,5.7,3.7
1105,540,2024-Spring,2024-04-01,8.2,5.7
1106,541,2024-Spring,2024-04-03,9.4,3.5
1107,543,2024-Spring,2024-04-30,8.4,4.0
1108,545,2024-Spring,2024-04-14,8.4,6.6
1109,546,2024-Spring,2024-04-08,7.4,6.8
1110,548,2024-Spring,2024-04-11,4.6,7.0
1111,549,2024-Spring,2024-04-22,8.8,4.0
1112,551,2024-Spring,2024-04-04,9.7,5.2
1113,552,2024-Spring,2024-04-03,6.3,3.4
1114,554,2024-Spring,2024-04-21,3.8,5.1
1115,555,2024-Spring,2024-04-15,6.4,4.8
1116,556,2024-Spring,2024-04-12,7.5,5.4
1117,557,2024-Spring,2024-04-15,9.0,8.0
1118,559,2024-Spring,2024-04-27,8.5,6.1
1119,560,2024-Spring,2024-04-10,7.9,9.7
1120,561,2024-Spring,2024-04-09,5.3,9.1
1121,562,2024-Spring,2024-04-11,5.0,6.5
1122,563,2024-Spring,2024-04-07,4.3,4.5
1123,564,2024-Spring,2024-04-26,3.9,4.4
1124,566,2024-Spring,2024-04-20,9.7,5.9
1125,567,2024-Spring,2024-04-16,6.7,9.0
1126,569,2024-Spring,2024-04-12,8.5,6.3
1127,570,2024-Spring,2024-04-01,5.3,6.8
1128,571,2024-Spring,2024-04-22,3.9,4.2
1129,572,2024-Spring,2024-04-10,6.1,8.7
1130,573,2024-Spring,2024-04-11,8.1,6.3
1131,575,2024-Spring,2024-04-04,6.7,8.9
1132,576,2024-Spring,2024-04-22,6.5,5.0
1133,578,2024-Spring,2024-04-24,6.5,8.0
1134,580,2024-Spring,2024-04-13,7.2,3.4
1135,581,2024-Spring,2024-04-07,8.6,3.9
1136,582,2024-Spring,2024-04-09,9.1,7.3
1137,583,2024-Spring,2024-04-29,5.7,7.1
1138,585,2024-Spring,2024-04-26,3.7,3.3
1139,586,2024-Spring,2024-04-20,7.0,6.3
1140,587,2024-Spring,2024-04-18,9.2,8.7
1141,589,2024-Spring,2024-04-04,7.9,6.7
1142,590,2024-Spring,2024-04-17,5.3,5.0
1143,591,2024-Spring,2024-04-13,5.2,9.4
1144,593,2024-Spring,2024-04-25,9.4,8.7
1145,594,2024-Spring,2024-04-15,7.2,6.0
1146,595,2024-Spring,2024-04-29,5.8,8.3
1147,596,2024-Spring,2024-04-21,8.0,5.4
1148,597,2024-Spring,2024-04-17,8.2,8.7
1149,598,2024-Spring,2024-04-05,4.0,8.1
1150,599,2024-Spring,2024-04-18,7.3,9.1
1151,603,2024-Spring,2024-04-18,4.7,7.1
1152,606,2024-Spring,2024-04-30,5.6,6.9
1153,607,2024-Spring,2024-04-09,9.3,8.5
1154,610,2024-Spring,2024-04-16,8.3,4.1
1155,613,2024-Spring,2024-04-06,8.1,7.3
1156,614,2024-Spring,2024-04-17,5.7,6.0
1157,615,2024-Spring,2024-04-25,4.0,4.7
1158,617,2024-Spring,2024-04-18,4.0,9.4
1159,618,2024-Spring,2024-04-01,9.1,3.2
1160,2,2024-Fall,2024-10-24,9.0,6.4
1161,4,2024-Fall,2024-10-28,4.9,9.4
1162,9,2024-Fall,2024-10-18,9.5,7.3
1163,12,2024-Fall,2024-10-13,8.7,6.5
1164,13,2024-Fall,2024-10-01,8.9,8.5
1165,16,2024-Fall,2024-10-17,6.5,9.3
1166,18,2024-Fall,2024-10-06,8.4,7.4
1167,20,2024-Fall,2024-10-07,7.6,7.4
1168,21,2024-Fall,2024-10-28,9.6,5.9
1169,22,2024-Fall,2024-10-11,9.0,3.2
1170,23,2024-Fall,2024-10-24,8.5,5.2
1171,25,2024-Fall,2024-10-24,3.7,4.2
1172,26,2024-Fall,2024-10-15,4.5,8.6
1173,27,2024-Fall,2024-10-07,5.3,9.2
1174,31,2024-Fall,2024-10-23,6.4,4.5
1175,36,2024-Fall,2024-10-09,7.5,9.3
1176,39,2024-Fall,2024-10-22,3.5,6.8
1177,40,2024-Fall,2024-10-14,4.4,6.8
1178,42,2024-Fall,2024-10-12,3.7,3.9
1179,45,2024-Fall,2024-10-11,3.6,4.3
1180,46,2024-Fall,2024-10-10,4.8,4.5
1181,47,2024-Fall,2024-10-30,6.4,4.8
1182,50,2024-Fall,2024-10-08,8.7,8.1
1183,51,2024-Fall,2024-10-27,8.3,4.3
1184,54,2024-Fall,2024-10-05,5.0,5.4
1185,55,2024-Fall,2024-10-28,4.6,5.4
1186,61,2024-Fall,2024-10-14,8.8,5.6
1187,62,2024-Fall,2024-10-22,5.7,7.7
1188,63,2024-Fall,2024-10-16,4.9,4.3
1189,65,2024-Fall,2024-10-10,5.7,3.5
1190,66,2024-Fall,2024-10-14,9.7,8.4
1191,70,2024-Fall,2024-10-19,5.0,3.6
1192,71,2024-Fall,2024-10-29,9.3,5.3
1193,72,2024-Fall,2024-10-25,7.8,7.7
1194,76,2024-Fall,2024-10-16,4.7,8.7
1195,78,2024-Fall,2024-10-07,5.1,4.7
1196,80,2024-Fall,2024-10-27,4.4,3.6
1197,81,2024-Fall,2024-10-16,5.9,5.9
1198,86,2024-Fall,2024-10-14,5.1,3.7
1199,89,2024-Fall,2024-10-09,6.8,6.5
1200,92,2024-Fall,2024-10-06,3.6,7.2
1201,94,2024-Fall,2024-10-19,5.0,7.1
1202,96,2024-Fall,2024-10-01,8.5,4.6
1203,97,2024-Fall,2024-10-11,9.5,6.0
1204,98,2024-Fall,2024-10-02,5.5,3.2
1205,100,2024-Fall,2024-10-20,8.7,6.7
1206,102,2024-Fall,2024-10-22,7.9,5.8
1207,105,2024-Fall,2024-10-26,4.1,4.2
1208,107,2024-Fall,2024-10-08,8.7,6.6
1209,109,2024-Fall,2024-10-31,3.7,6.4
1210,111,2024-Fall,2024-10-10,7.6,3.4
1211,112,2024-Fall,2024-10-27,5.0,5.0
1212,116,2024-Fall,2024-10-22,4.4,4.2
1213,119,2024-Fall,2024-10-09,4.3,5.5
1214,121,2024-Fall,2024-10-13,6.4,7.1
1215,122,2024-Fall,2024-10-23,5.6,7.0
1216,124,2024-Fall,2024-10-07,9.1,6.5
1217,126,2024-Fall,2024-10-08,6.2,7.2
1218,128,2024-Fall,2024-10-26,4.0,3.3
1219,129,2024-Fall,2024-10-06,7.7,7.0
1220,131,2024-Fall,2024-10-22,7.5,5.2
1221,133,2024-Fall,2024-10-22,7.2,9.5
1222,136,2024-Fall,2024-10-13,9.2,9.5
1223,141,2024-Fall,2024-10-06,6.7,8.7
1224,142,2024-Fall,2024-10-20,4.0,3.4
1225,144,2024-Fall,2024-10-08,8.7,4.1
1226,145,2024-Fall,2024-10-18,5.1,6.9
1227,146,2024-Fall,2024-10-11,6.3,7.6
1228,147,2024-Fall,2024-10-16,4.2,3.2
1229,148,2024-Fall,2024-10-17,7.8,6.3
1230,149,2024-Fall,2024-10-10,5.7,7.0
1231,151,2024-Fall,2024-10-24,4.0,8.9
1232,152,2024-Fall,2024-10-09,5.5,3.1
1233,154,2024-Fall,2024-10-25,7.6,8.0
1234,155,2024-Fall,2024-10-18,6.6,7.2
1235,160,2024-Fall,2024-10-12,9.0,4.2
1236,161,2024-Fall,2024-10-13,6.4,5.7
1237,162,2024-Fall,2024-10-25,3.8,3.1
1238,166,2024-Fall,2024-10-22,7.8,7.6
1239,167,2024-Fall,2024-10-03,6.9,7.9
1240,168,2024-Fall,2024-10-14,6.9,3.7
1241,169,2024-Fall,2024-10-08,8.7,7.5
1242,170,2024-Fall,2024-10-03,3.8,8.1
1243,171,2024-Fall,2024-10-08,5.3,3.4
1244,172,2024-Fall,2024-10-06,4.4,3.7
1245,175,2024-Fall,2024-10-18,4.6,8.4
1246,176,2024-Fall,2024-10-25,7.0,4.3
1247,180,2024-Fall,2024-10-17,4.3,8.3
1248,181,2024-Fall,2024-10-14,8.8,4.6
1249,182,2024-Fall,2024-10-22,7.8,7.4
1250,186,2024-Fall,2024-10-15,8.2,7.0
1251,187,2024-Fall,2024-10-16,6.2,4.3
1252,188,2024-Fall,2024-10-12,4.3,4.7
1253,195,2024-Fall,2024-10-14,5.0,6.8
1254,198,2024-Fall,2024-10-21,7.7,8.7
1255,199,2024-Fall,2024-10-06,4.9,3.0
1256,200,2024-Fall,2024-10-25,4.2,8.3
1257,202,2024-Fall,2024-10-26,7.5,5.5
1258,204,2024-Fall,2024-10-16,4.4,5.7
1259,205,2024-Fall,2024-10-27,4.2,4.3
1260,206,2024-Fall,2024-10-03,5.0,6.0
1261,208,2024-Fall,2024-10-25,7.8,6.4
1262,211,2024-Fall,2024-10-12,6.0,3.9
1263,212,2024-Fall,2024-10-27,5.9,8.3
1264,213,2024-Fall,2024-10-31,3.7,5.5
1265,214,2024-Fall,2024-10-04,4.7,8.8
1266,216,2024-Fall,2024-10-24,5.3,9.8
1267,217,2024-Fall,2024-10-05,4.9,7.5
1268,221,2024-Fall,2024-10-31,3.9,5.0
1269,222,2024-Fall,2024-10-13,4.6,5.9
1270,224,2024-Fall,2024-10-31,7.8,3.5
1271,225,2024-Fall,2024-10-25,4.1,5.0
1272,226,2024-Fall,2024-10-04,5.9,5.0
1273,227,2024-Fall,2024-10-20,6.0,6.6
1274,228,2024-Fall,2024-10-29,9.3,4.8
1275,229,2024-Fall,2024-10-09,5.9,5.6
1276,232,2024-Fall,2024-10-17,9.2,9.3
1277,233,2024-Fall,2024-10-18,7.0,9.5
1278,234,2024-Fall,2024-10-09,6.9,6.3
1279,235,2024-Fall,2024-10-21,4.9,8.0
1280,237,2024-Fall,2024-10-12,7.1,4.2
1281,242,2024-Fall,2024-10-21,4.6,9.4
1282,244,2024-Fall,2024-10-20,4.9,3.4
1283,247,2024-Fall,2024-10-24,9.4,4.0
1284,249,2024-Fall,2024-10-18,6.3,3.9
1285,250,2024-Fall,2024-10-16,4.3,4.3
1286,251,2024-Fall,2024-10-04,6.3,7.0
1287,253,2024-Fall,2024-10-02,8.8,6.3
1288,254,2024-Fall,2024-10-17,7.4,8.4
1289,256,2024-Fall,2024-10-27,7.1,9.1
1290,259,2024-Fall,2024-10-15,7.4,3.4
1291,260,2024-Fall,2024-10-28,4.3,6.3
1292,262,2024-Fall,2024-10-18,8.9,8.4
1293,264,2024-Fall,2024-10-24,4.1,7.2
1294,265,2024-Fall,2024-10-31,9.1,3.1
1295,266,2024-Fall,2024-10-07,7.5,7.7
1296,269,2024-Fall,2024-10-08,4.1,5.8
1297,272,2024-Fall,2024-10-15,9.7,5.5
1298,274,2024-Fall,2024-10-27,4.6,8.9
1299,275,2024-Fall,2024-10-14,7.3,7.1
1300,277,2024-Fall,2024-10-30,7.0,3.5
1301,278,2024-Fall,2024-10-29,4.8,8.8
1302,282,2024-Fall,2024-10-29,7.2,5.7
1303,285,2024-Fall,2024-10-02,4.2,4.4
1304,287,2024-Fall,2024-10-14,9.7,5.4
1305,290,2024-Fall,2024-10-08,8.6,7.7
1306,291,2024-Fall,2024-10-04,8.6,4.6
1307,292,2024-Fall,2024-10-28,6.8,4.8
1308,293,2024-Fall,2024-10-28,3.8,7.7
1309,298,2024-Fall,2024-10-22,4.5,5.4
1310,301,2024-Fall,2024-10-17,8.4,6.4
1311,302,2024-Fall,2024-10-14,9.2,8.6
1312,303,2024-Fall,2024-10-20,9.3,6.7
1313,305,2024-Fall,2024-10-28,5.3,8.0
1314,307,2024-Fall,2024-10-05,4.4,5.2
1315,309,2024-Fall,2024-10-15,8.6,3.5
1316,310,2024-Fall,2024-10-24,4.7,6.8
1317,312,2024-Fall,2024-10-27,9.7,9.5
1318,313,2024-Fall,2024-10-16,9.0,9.1
1319,315,2024-Fall,2024-10-23,9.7,7.8
1320,317,2024-Fall,2024-10-02,4.3,6.7
1321,318,2024-Fall,2024-10-20,5.1,4.8
1322,324,2024-Fall,2024-10-11,5.0,5.1
1323,325,2024-Fall,2024-10-02,7.3,3.1
1324,330,2024-Fall,2024-10-13,6.8,8.0
1325,332,2024-Fall,2024-10-21,7.2,7.7
1326,333,2024-Fall,2024-10-29,8.5,6.7
1327,334,2024-Fall,2024-10-09,9.3,3.2
1328,336,2024-Fall,2024-10-28,4.6,3.7
1329,337,2024-Fall,2024-10-25,9.1,5.2
1330,340,2024-Fall,2024-10-17,3.9,9.0
1331,341,2024-Fall,2024-10-20,6.5,9.4
1332,343,2024-Fall,2024-10-16,7.9,3.8
1333,344,2024-Fall,2024-10-23,5.4,3.1
1334,346,2024-Fall,2024-10-21,4.6,4.2
1335,348,2024-Fall,2024-10-23,7.4,9.0
1336,350,2024-Fall,2024-10-26,3.9,7.6
1337,351,2024-Fall,2024-10-24,5.0,5.1
1338,355,2024-Fall,2024-10-18,4.1,8.4
1339,356,2024-Fall,2024-10-06,5.4,9.6
1340,358,2024-Fall,2024-10-22,9.7,3.2
1341,360,2024-Fall,2024-10-27,8.2,3.0
1342,361,2024-Fall,2024-10-15,6.1,7.8
1343,363,2024-Fall,2024-10-24,6.7,7.5
1344,365,2024-Fall,2024-10-09,3.6,8.5
1345,366,2024-Fall,2024-10-10,6.6,4.3
1346,367,2024-Fall,2024-10-23,3.9,4.3
1347,368,2024-Fall,2024-10-10,8.7,3.9
1348,373,2024-Fall,2024-10-17,9.2,4.2
1349,375,2024-Fall,2024-10-27,8.4,3.2
1350,376,2024-Fall,2024-10-13,5.5,4.8
1351,378,2024-Fall,2024-10-06,3.7,9.5
1352,379,2024-Fall,2024-10-13,8.0,5.9
1353,381,2024-Fall,2024-10-14,7.3,8.3
1354,382,2024-Fall,2024-10-08,5.0,5.6
1355,383,2024-Fall,2024-10-03,8.8,7.3
1356,384,2024-Fall,2024-10-25,4.7,7.6
1357,390,2024-Fall,2024-10-09,7.6,8.8
1358,391,2024-Fall,2024-10-13,6.2,4.2
1359,394,2024-Fall,2024-10-07,4.8,5.0
1360,395,2024-Fall,2024-10-20,4.9,4.6
1361,396,2024-Fall,2024-10-12,4.1,9.5
1362,397,2024-Fall,2024-10-14,9.2,4.7
1363,398,2024-Fall,2024-10-14,8.4,5.5
1364,400,2024-Fall,2024-10-10,5.1,6.8
1365,401,2024-Fall,2024-10-20,9.5,6.8
1366,402,2024-Fall,2024-10-15,5.2,5.3
1367,404,2024-Fall,2024-10-12,4.5,8.2
1368,405,2024-Fall,2024-10-29,9.4,8.5
1369,409,2024-Fall,2024-10-29,9.7,6.3
1370,410,2024-Fall,2024-10-01,5.1,5.9
1371,415,2024-Fall,2024-10-11,4.8,7.1
1372,418,2024-Fall,2024-10-11,3.8,6.1
1373,421,2024-Fall,2024-10-01,3.7,7.0
1374,423,2024-Fall,2024-10-09,4.4,6.5
1375,424,2024-Fall,2024-10-30,5.2,4.9
1376,427,2024-Fall,2024-10-22,5.9,9.5
1377,429,2024-Fall,2024-10-19,6.9,6.9
1378,430,2024-Fall,2024-10-14,7.9,6.1
1379,432,2024-Fall,2024-10-28,8.9,8.8
1380,433,2024-Fall,2024-10-03,8.8,7.2
1381,436,2024-Fall,2024-10-31,8.3,8.4
1382,437,2024-Fall,2024-10-31,9.5,9.3
1383,438,2024-Fall,2024-10-11,6.0,8.6
1384,439,2024-Fall,2024-10-24,5.6,7.4
1385,440,2024-Fall,2024-10-24,6.7,9.4
1386,442,2024-Fall,2024-10-22,5.3,6.8
1387,444,2024-Fall,2024-10-10,7.9,9.6
1388,445,2024-Fall,2024-10-29,7.5,6.0
1389,446,2024-Fall,2024-10-01,9.1,9.7
1390,447,2024-Fall,2024-10-25,9.2,7.4
1391,449,2024-Fall,2024-10-23,7.1,9.4
1392,450,2024-Fall,2024-10-10,3.8,8.6
1393,452,2024-Fall,2024-10-06,8.5,6.0
1394,453,2024-Fall,2024-10-23,6.9,4.1
1395,454,2024-Fall,2024-10-15,4.3,9.5
1396,456,2024-Fall,2024-10-28,7.8,4.6
1397,457,2024-Fall,2024-10-23,9.8,5.9
1398,458,2024-Fall,2024-10-13,9.0,5.0
1399,460,2024-Fall,2024-10-14,8.3,4.7
1400,461,2024-Fall,2024-10-19,5.0,8.1
1401,465,2024-Fall,2024-10-07,5.5,5.4
1402,466,2024-Fall,2024-10-27,4.0,8.2
1403,468,2024-Fall,2024-10-18,7.1,7.1
1404,469,2024-Fall,2024-10-26,7.3,4.4
1405,472,2024-Fall,2024-10-17,8.9,4.0
1406,476,2024-Fall,2024-10-17,5.9,6.2
1407,478,2024-Fall,2024-10-14,4.4,9.4
1408,480,2024-Fall,2024-10-10,7.8,4.4
1409,481,2024-Fall,2024-10-13,6.7,7.1
1410,484,2024-Fall,2024-10-18,4.0,9.5
1411,486,2024-Fall,2024-10-12,6.3,5.9
1412,487,2024-Fall,2024-10-27,8.2,3.3
1413,491,2024-Fall,2024-10-28,5.8,6.1
1414,492,2024-Fall,2024-10-22,6.1,3.9
1415,494,2024-Fall,2024-10-13,6.3,5.1
1416,495,2024-Fall,2024-10-20,9.2,6.8
1417,499,2024-Fall,2024-10-16,5.2,6.4
1418,501,2024-Fall,2024-10-09,7.8,7.4
1419,505,2024-Fall,2024-10-12,8.8,6.0
1420,506,2024-Fall,2024-10-09,9.0,8.9
1421,509,2024-Fall,2024-10-15,6.1,6.2
1422,510,2024-Fall,2024-10-28,4.4,9.5
1423,511,2024-Fall,2024-10-15,5.7,5.1
1424,514,2024-Fall,2024-10-07,5.4,3.5
1425,517,2024-Fall,2024-10-07,3.9,7.0
1426,519,2024-Fall,2024-10-02,7.1,4.9
1427,520,2024-Fall,2024-10-14,5.8,5.4
1428,521,2024-Fall,2024-10-08,8.2,7.9
1429,522,2024-Fall,2024-10-17,9.7,8.4
1430,523,2024-Fall,2024-10-14,5.8,5.3
1431,524,2024-Fall,2024-10-07,8.9,3.9
1432,525,2024-Fall,2024-10-02,7.5,9.2
1433,526,2024-Fall,2024-10-01,8.9,3.3
1434,527,2024-Fall,2024-10-28,9.8,8.0
1435,528,2024-Fall,2024-10-24,5.0,5.1
1436,531,2024-Fall,2024-10-27,6.2,3.5
1437,534,2024-Fall,2024-10-19,7.2,5.7
1438,535,2024-Fall,2024-10-03,4.0,3.7
1439,537,2024-Fall,2024-10-24,9.6,8.4
1440,538,2024-Fall,2024-10-14,4.0,8.0
1441,539,2024-Fall,2024-10-14,9.3,6.5
1442,541,2024-Fall,2024-10-16,7.7,4.9
1443,543,2024-Fall,2024-10-19,6.1,7.6
1444,546,2024-Fall,2024-10-05,8.0,3.1
1445,548,2024-Fall,2024-10-05,5.8,5.3
1446,549,2024-Fall,2024-10-12,3.6,7.4
1447,550,2024-Fall,2024-10-23,4.5,4.6
1448,551,2024-Fall,2024-10-24,4.6,7.8
1449,552,2024-Fall,2024-10-30,5.3,3.1
1450,553,2024-Fall,2024-10-16,7.8,7.2
1451,554,2024-Fall,2024-10-30,4.5,4.7
1452,555,2024-Fall,2024-10-07,9.0,6.6
1453,556,2024-Fall,2024-10-10,6.6,6.1
1454,558,2024-Fall,2024-10-18,7.2,3.6
1455,559,2024-Fall,2024-10-24,6.7,4.1
1456,560,2024-Fall,2024-10-28,5.4,3.9
1457,562,2024-Fall,2024-10-20,5.2,3.7
1458,565,2024-Fall,2024-10-30,8.0,8.3
1459,566,2024-Fall,2024-10-08,8.8,9.7
1460,567,2024-Fall,2024-10-24,7.8,8.1
1461,568,2024-Fall,2024-10-10,9.3,8.9
1462,569,2024-Fall,2024-10-04,4.8,9.6
1463,571,2024-Fall,2024-10-22,4.7,4.0
1464,572,2024-Fall,2024-10-07,5.2,9.4
1465,573,2024-Fall,2024-10-11,6.9,3.5
1466,575,2024-Fall,2024-10-20,9.4,8.3
1467,576,2024-Fall,2024-10-06,7.9,6.3
1468,577,2024-Fall,2024-10-11,9.0,8.5
1469,578,2024-Fall,2024-10-19,6.8,7.8
1470,579,2024-Fall,2024-10-03,9.3,9.6
1471,580,2024-Fall,2024-10-13,5.6,8.5
1472,583,2024-Fall,2024-10-15,5.7,7.2
1473,585,2024-Fall,2024-10-07,9.4,3.7
1474,586,2024-Fall,2024-10-18,8.3,6.9
1475,587,2024-Fall,2024-10-23,8.3,8.0
1476,590,2024-Fall,2024-10-09,9.0,4.3
1477,591,2024-Fall,2024-10-20,9.7,4.2
1478,593,2024-Fall,2024-10-20,9.0,6.9
1479,595,2024-Fall,2024-10-25,8.8,8.7
1480,597,2024-Fall,2024-10-03,6.7,4.1
1481,599,2024-Fall,2024-10-03,5.4,5.7
1482,600,2024-Fall,2024-10-03,5.6,7.4
1483,601,2024-Fall,2024-10-28,3.8,3.4
1484,602,2024-Fall,2024-10-07,3.9,5.1
1485,603,2024-Fall,2024-10-15,6.9,7.6
1486,604,2024-Fall,2024-10-02,7.4,9.0
1487,605,2024-Fall,2024-10-20,7.0,7.5
1488,607,2024-Fall,2024-10-15,6.1,8.7
1489,608,2024-Fall,2024-10-24,8.5,5.2
1490,610,2024-Fall,2024-10-18,8.2,4.2
1491,611,2024-Fall,2024-10-05,6.1,7.2
1492,613,2024-Fall,2024-10-05,3.8,5.1
1493,614,2024-Fall,2024-10-20,9.3,8.5
1494,615,2024-Fall,2024-10-04,9.3,8.1
1495,617,2024-Fall,2024-10-20,4.1,3.4
1496,621,2024-Fall,2024-10-05,4.5,4.7
1497,623,2024-Fall,2024-10-18,4.4,8.6
1498,625,2024-Fall,2024-10-03,7.5,6.4
1499,629,2024-Fall,2024-10-21,8.4,8.7
1500,630,2024-Fall,2024-10-13,9.5,3.2
1501,631,2024-Fall,2024-10-09,6.6,8.4
1502,634,2024-Fall,2024-10-19,5.0,7.5
1503,635,2024-Fall,2024-10-30,9.4,7.3
1504,636,2024-Fall,2024-10-25,4.3,7.3
1505,637,2024-Fall,2024-10-07,4.5,3.2
1506,639,2024-Fall,2024-10-30,8.8,6.8
1507,640,2024-Fall,2024-10-24,4.3,8.5
1508,641,2024-Fall,2024-10-31,4.3,7.1
1509,642,2024-Fall,2024-10-11,4.7,7.9
1510,643,2024-Fall,2024-10-22,9.8,9.0
1511,645,2024-Fall,2024-10-30,4.4,7.3
1512,646,2024-Fall,2024-10-01,8.6,3.3
1513,647,2024-Fall,2024-10-06,8.5,8.7
1514,648,2024-Fall,2024-10-14,8.4,8.8
1515,650,2024-Fall,2024-10-31,8.6,7.7
1516,651,2024-Fall,2024-10-11,3.8,6.9
1517,652,2024-Fall,2024-10-03,7.5,9.6
1518,653,2024-Fall,2024-10-11,6.2,9.5
1519,655,2024-Fall,2024-10-02,4.1,5.6
1520,656,2024-Fall,2024-10-12,6.2,3.9
1521,657,2024-Fall,2024-10-16,6.8,9.3
1522,658,2024-Fall,2024-10-29,5.9,5.9
1523,661,2024-Fall,2024-10-08,4.0,5.6
1524,663,2024-Fall,2024-10-05,9.1,3.9
1525,664,2024-Fall,2024-10-29,4.1,3.7
1526,666,2024-Fall,2024-10-13,3.6,4.9
1527,668,2024-Fall,2024-10-25,6.3,9.0
1528,670,2024-Fall,2024-10-07,6.7,4.4
1529,671,2024-Fall,2024-10-24,8.1,8.8
1530,672,2024-Fall,2024-10-26,9.7,5.2
1531,673,2024-Fall,2024-10-06,9.5,6.9
1532,674,2024-Fall,2024-10-19,8.0,3.8
1533,675,2024-Fall,2024-10-19,8.1,9.5
1534,676,2024-Fall,2024-10-15,4.3,4.6
1535,677,2024-Fall,2024-10-03,9.5,5.8
1536,678,2024-Fall,2024-10-02,8.7,5.3
1537,679,2024-Fall,2024-10-22,8.1,6.4
1538,681,2024-Fall,2024-10-17,8.3,5.7
1539,682,2024-Fall,2024-10-24,8.4,8.7
1540,684,2024-Fall,2024-10-23,7.7,7.0
1541,685,2024-Fall,2024-10-25,7.7,7.5
1542,686,2024-Fall,2024-10-28,9.1,6.6
1543,688,2024-Fall,2024-10-18,9.2,8.2
1544,689,2024-Fall,2024-10-07,4.5,5.5
1545,690,2024-Fall,2024-10-29,6.7,5.3
1546,691,2024-Fall,2024-10-10,7.8,8.7
1547,692,2024-Fall,2024-10-14,7.5,6.4
1548,693,2024-Fall,2024-10-13,5.3,8.5
1549,694,2024-Fall,2024-10-09,8.1,6.9
1550,696,2024-Fall,2024-10-05,4.0,5.4
1551,698,2024-Fall,2024-10-31,6.5,9.1
1552,701,2024-Fall,2024-10-06,9.3,7.8
1553,702,2024-Fall,2024-10-18,8.0,9.6
1554,703,2024-Fall,2024-10-22,3.9,7.3
1555,705,2024-Fall,2024-10-29,9.7,4.1
1556,706,2024-Fall,2024-10-25,4.3,8.1
1557,707,2024-Fall,2024-10-20,7.4,5.9
1558,708,2024-Fall,2024-10-09,7.4,5.4
1559,709,2024-Fall,2024-10-25,5.8,7.4
1560,710,2024-Fall,2024-10-04,7.4,6.0
1561,711,2024-Fall,2024-10-08,9.4,3.1
1562,713,2024-Fall,2024-10-07,5.7,6.4
1563,714,2024-Fall,2024-10-27,4.2,8.3
1564,716,2024-Fall,2024-10-24,5.6,6.2
1565,717,2024-Fall,2024-10-06,9.3,4.0
1566,718,2024-Fall,2024-10-25,6.9,8.1
1567,719,2024-Fall,2024-10-22,7.3,6.3
1568,720,2024-Fall,2024-10-02,7.1,6.5
1569,721,2024-Fall,2024-10-21,7.9,9.5
1570,725,2024-Fall,2024-10-26,4.8,9.2
1571,726,2024-Fall,2024-10-03,8.8,5.3
1572,727,2024-Fall,2024-10-24,5.0,8.4
1573,728,2024-Fall,2024-10-13,9.7,6.3
1574,730,2024-Fall,2024-10-09,6.1,3.1
1575,731,2024-Fall,2024-10-05,9.1,3.3
1576,733,2024-Fall,2024-10-09,9.4,8.6
1577,735,2024-Fall,2024-10-23,4.4,3.9
1578,736,2024-Fall,2024-10-24,4.8,9.3
1579,738,2024-Fall,2024-10-19,3.9,7.1
1580,739,2024-Fall,2024-10-17,8.7,5.4
1581,740,2024-Fall,2024-10-21,9.3,4.0
1582,741,2024-Fall,2024-10-24,3.8,9.7
1583,747,2024-Fall,2024-10-22,4.9,4.7
1584,748,2024-Fall,2024-10-16,6.4,8.9
1585,749,2024-Fall,2024-10-03,9.3,5.6
1586,750,2024-Fall,2024-10-07,9.4,5.5
1587,751,2024-Fall,2024-10-17,5.2,8.1
1588,752,2024-Fall,2024-10-18,7.3,8.7
1589,755,2024-Fall,2024-10-26,9.1,7.7
1590,757,2024-Fall,2024-10-03,6.4,5.5
1591,2,2025-Spring,2025-04-06,8.2,5.8
1592,3,2025-Spring,2025-04-09,4.4,8.5
1593,4,2025-Spring,2025-04-28,3.7,6.1
1594,10,2025-Spring,2025-04-25,7.8,4.1
1595,11,2025-Spring,2025-04-27,6.2,4.6
1596,12,2025-Spring,2025-04-21,5.6,3.6
1597,16,2025-Spring,2025-04-27,8.9,4.9
1598,17,2025-Spring,2025-04-10,5.9,6.0
1599,18,2025-Spring,2025-04-30,9.5,5.6
1600,20,2025-Spring,2025-04-26,7.1,7.8
1601,21,2025-Spring,2025-04-26,5.6,8.5
1602,22,2025-Spring,2025-04-21,4.4,7.2
1603,23,2025-Spring,2025-04-05,7.4,8.4
1604,25,2025-Spring,2025-04-01,8.8,9.4
1605,27,2025-Spring,2025-04-19,5.9,5.8
1606,30,2025-Spring,2025-04-29,4.3,9.7
1607,31,2025-Spring,2025-04-05,7.1,8.4
1608,32,2025-Spring,2025-04-25,7.6,9.6
1609,34,2025-Spring,2025-04-09,5.9,6.3
1610,35,2025-Spring,2025-04-02,4.9,4.4
1611,36,2025-Spring,2025-04-18,8.4,3.4
1612,39,2025-Spring,2025-04-23,3.9,6.5
1613,40,2025-Spring,2025-04-10,8.0,9.7
1614,44,2025-Spring,2025-04-08,3.8,4.8
1615,45,2025-Spring,2025-04-19,5.9,8.4
1616,47,2025-Spring,2025-04-15,7.7,7.4
1617,48,2025-Spring,2025-04-26,9.7,8.6
1618,50,2025-Spring,2025-04-13,7.0,3.0
1619,52,2025-Spring,2025-04-28,8.1,9.2
1620,53,2025-Spring,2025-04-16,7.6,4.8
1621,54,2025-Spring,2025-04-20,5.2,9.6
1622,59,2025-Spring,2025-04-02,5.8,3.7
1623,61,2025-Spring,2025-04-29,5.1,4.7
1624,62,2025-Spring,2025-04-10,4.5,9.7
1625,63,2025-Spring,2025-04-15,5.1,7.9
1626,66,2025-Spring,2025-04-08,5.6,7.3
1627,67,2025-Spring,2025-04-17,5.7,9.4
1628,70,2025-Spring,2025-04-11,6.1,7.3
1629,71,2025-Spring,2025-04-11,9.0,6.7
1630,72,2025-Spring,2025-04-03,7.4,9.7
1631,78,2025-Spring,2025-04-30,6.5,5.9
1632,82,2025-Spring,2025-04-28,6.6,7.0
1633,88,2025-Spring,2025-04-07,7.0,3.0
1634,89,2025-Spring,2025-04-24,8.5,7.2
1635,91,2025-Spring,2025-04-27,6.6,3.3
1636,94,2025-Spring,2025-04-20,4.0,4.8
1637,96,2025-Spring,2025-04-27,7.6,8.7
1638,97,2025-Spring,2025-04-27,8.3,5.5
1639,98,2025-Spring,2025-04-11,8.8,6.2
1640,101,2025-Spring,2025-04-20,6.2,9.5
1641,106,2025-Spring,2025-04-29,9.7,8.6
1642,107,2025-Spring,2025-04-28,3.5,6.3
1643,111,2025-Spring,2025-04-08,3.8,3.5
1644,112,2025-Spring,2025-04-05,9.2,9.7
1645,116,2025-Spring,2025-04-18,7.2,5.0
1646,119,2025-Spring,2025-04-15,4.2,9.8
1647,121,2025-Spring,2025-04-27,4.5,4.9
1648,122,2025-Spring,2025-04-05,6.3,4.7
1649,123,2025-Spring,2025-04-14,6.2,5.4
1650,125,2025-Spring,2025-04-07,6.0,9.1
1651,128,2025-Spring,2025-04-01,6.1,4.0
1652,129,2025-Spring,2025-04-11,5.6,5.9
1653,135,2025-Spring,2025-04-13,7.5,6.2
1654,136,2025-Spring,2025-04-15,8.1,3.8
1655,138,2025-Spring,2025-04-12,9.2,8.7
1656,142,2025-Spring,2025-04-02,6.2,3.0
1657,144,2025-Spring,2025-04-03,8.4,9.6
1658,145,2025-Spring,2025-04-17,4.1,5.6
1659,147,2025-Spring,2025-04-26,4.6,4.6
1660,149,2025-Spring,2025-04-26,4.9,7.7
1661,151,2025-Spring,2025-04-21,8.9,4.9
1662,152,2025-Spring,2025-04-19,7.9,9.6
1663,154,2025-Spring,2025-04-16,8.7,9.1
1664,155,2025-Spring,2025-04-07,4.4,3.7
1665,156,2025-Spring,2025-04-02,4.4,4.2
1666,160,2025-Spring,2025-04-17,8.4,7.3
1667,163,2025-Spring,2025-04-05,8.0,5.1
1668,166,2025-Spring,2025-04-03,5.5,5.1
1669,167,2025-Spring,2025-04-25,5.5,3.3
1670,168,2025-Spring,2025-04-10,6.0,5.5
1671,169,2025-Spring,2025-04-14,4.8,4.6
1672,170,2025-Spring,2025-04-23,8.4,7.8
1673,171,2025-Spring,2025-04-23,9.0,3.0
1674,176,2025-Spring,2025-04-25,9.7,4.6
1675,178,2025-Spring,2025-04-21,4.4,8.3
1676,180,2025-Spring,2025-04-24,5.2,3.4
1677,182,2025-Spring,2025-04-23,9.0,4.2
1678,185,2025-Spring,2025-04-07,9.3,7.3
1679,186,2025-Spring,2025-04-16,4.1,7.4
1680,188,2025-Spring,2025-04-17,4.2,5.6
1681,190,2025-Spring,2025-04-02,5.7,3.6
1682,192,2025-Spring,2025-04-23,8.4,4.6
1683,195,2025-Spring,2025-04-02,7.8,7.9
1684,198,2025-Spring,2025-04-25,5.9,8.2
1685,200,2025-Spring,2025-04-23,7.6,6.3
1686,202,2025-Spring,2025-04-29,5.9,7.4
1687,203,2025-Spring,2025-04-20,8.0,4.8
1688,204,2025-Spring,2025-04-13,5.7,7.9
1689,205,2025-Spring,2025-04-30,9.8,5.4
1690,206,2025-Spring,2025-04-24,5.6,4.4
1691,208,2025-Spring,2025-04-22,6.6,9.4
1692,209,2025-Spring,2025-04-12,3.5,4.8
1693,210,2025-Spring,2025-04-01,6.5,9.0
1694,211,2025-Spring,2025-04-05,7.6,7.9
1695,212,2025-Spring,2025-04-19,7.7,4.1
1696,213,2025-Spring,2025-04-05,9.7,8.6
1697,214,2025-Spring,2025-04-26,8.2,9.5
1698,216,2025-Spring,2025-04-14,6.7,8.9
1699,219,2025-Spring,2025-04-20,9.1,8.4
1700,220,2025-Spring,2025-04-01,7.2,3.5
1701,221,2025-Spring,2025-04-19,3.5,6.8
1702,222,2025-Spring,2025-04-02,3.8,4.3
1703,223,2025-Spring,2025-04-23,6.1,4.1
1704,224,2025-Spring,2025-04-30,8.8,7.5
1705,226,2025-Spring,2025-04-27,6.6,6.4
1706,227,2025-Spring,2025-04-09,7.7,6.2
1707,229,2025-Spring,2025-04-29,9.5,3.7
1708,231,2025-Spring,2025-04-21,7.6,8.0
1709,233,2025-Spring,2025-04-01,9.6,6.1
1710,234,2025-Spring,2025-04-20,5.8,7.7
1711,235,2025-Spring,2025-04-04,9.7,8.6
1712,236,2025-Spring,2025-04-12,9.0,9.1
1713,237,2025-Spring,2025-04-07,5.8,4.6
1714,242,2025-Spring,2025-04-26,5.3,6.6
1715,244,2025-Spring,2025-04-06,5.7,3.3
1716,245,2025-Spring,2025-04-14,6.4,4.8
1717,249,2025-Spring,2025-04-21,6.5,5.5
1718,250,2025-Spring,2025-04-05,8.1,6.3
1719,251,2025-Spring,2025-04-17,6.3,9.7
1720,252,2025-Spring,2025-04-20,5.0,8.9
1721,253,2025-Spring,2025-04-20,7.7,9.4
1722,254,2025-Spring,2025-04-10,4.9,4.6
1723,255,2025-Spring,2025-04-19,7.2,8.1
1724,259,2025-Spring,2025-04-05,8.4,8.7
1725,260,2025-Spring,2025-04-02,7.9,9.1
1726,262,2025-Spring,2025-04-19,4.3,5.6
1727,263,2025-Spring,2025-04-19,4.1,5.9
1728,264,2025-Spring,2025-04-07,4.8,4.6
1729,265,2025-Spring,2025-04-21,4.0,8.2
1730,266,2025-Spring,2025-04-07,3.7,7.4
1731,267,2025-Spring,2025-04-17,8.5,7.9
1732,268,2025-Spring,2025-04-08,5.0,8.7
1733,269,2025-Spring,2025-04-23,4.6,3.9
1734,271,2025-Spring,2025-04-25,7.0,6.3
1735,272,2025-Spring,2025-04-04,4.2,6.8
1736,274,2025-Spring,2025-04-28,7.7,4.3
1737,277,2025-Spring,2025-04-08,7.1,4.1
1738,278,2025-Spring,2025-04-19,4.9,6.0
1739,279,2025-Spring,2025-04-14,5.6,9.3
1740,284,2025-Spring,2025-04-09,7.8,8.5
1741,285,2025-Spring,2025-04-27,8.3,7.4
1742,286,2025-Spring,2025-04-16,7.9,6.4
1743,287,2025-Spring,2025-04-28,7.0,6.1
1744,288,2025-Spring,2025-04-30,4.3,5.0
1745,289,2025-Spring,2025-04-11,4.8,4.7
1746,291,2025-Spring,2025-04-23,5.6,5.4
1747,293,2025-Spring,2025-04-15,4.5,7.2
1748,294,2025-Spring,2025-04-24,8.5,5.6
1749,301,2025-Spring,2025-04-21,5.7,5.8
1750,303,2025-Spring,2025-04-07,7.1,5.8
1751,304,2025-Spring,2025-04-27,8.5,9.6
1752,307,2025-Spring,2025-04-11,3.6,6.9
1753,308,2025-Spring,2025-04-25,9.3,7.4
1754,310,2025-Spring,2025-04-26,4.2,8.3
1755,311,2025-Spring,2025-04-10,4.4,6.3
1756,314,2025-Spring,2025-04-20,4.7,4.9
1757,315,2025-Spring,2025-04-04,9.3,3.0
1758,320,2025-Spring,2025-04-29,7.5,5.8
1759,324,2025-Spring,2025-04-04,4.8,4.1
1760,327,2025-Spring,2025-04-08,5.8,9.6
1761,330,2025-Spring,2025-04-17,5.4,6.4
1762,332,2025-Spring,2025-04-04,4.1,7.9
1763,333,2025-Spring,2025-04-07,5.4,5.5
1764,334,2025-Spring,2025-04-03,9.0,8.7
1765,335,2025-Spring,2025-04-30,9.0,4.1
1766,336,2025-Spring,2025-04-27,9.4,9.2
1767,337,2025-Spring,2025-04-06,3.5,4.2
1768,338,2025-Spring,2025-04-08,5.7,4.7
1769,339,2025-Spring,2025-04-23,7.9,4.0
1770,340,2025-Spring,2025-04-10,3.5,8.7
1771,341,2025-Spring,2025-04-15,5.1,5.0
1772,343,2025-Spring,2025-04-13,9.3,9.2
1773,349,2025-Spring,2025-04-22,3.8,7.5
1774,350,2025-Spring,2025-04-26,8.5,9.3
1775,351,2025-Spring,2025-04-03,3.8,6.9
1776,355,2025-Spring,2025-04-07,5.6,3.5
1777,356,2025-Spring,2025-04-24,4.0,4.2
1778,358,2025-Spring,2025-04-21,4.2,5.3
1779,359,2025-Spring,2025-04-17,3.8,7.1
1780,360,2025-Spring,2025-04-22,8.7,6.6
1781,362,2025-Spring,2025-04-04,4.7,7.6
1782,363,2025-Spring,2025-04-12,8.1,3.1
1783,364,2025-Spring,2025-04-20,8.5,3.5
1784,368,2025-Spring,2025-04-15,7.6,3.7
1785,369,2025-Spring,2025-04-16,7.0,6.8
1786,371,2025-Spring,2025-04-26,5.4,4.2
1787,373,2025-Spring,2025-04-19,8.9,7.4
1788,374,2025-Spring,2025-04-10,4.5,7.0
1789,375,2025-Spring,2025-04-17,4.2,3.7
1790,376,2025-Spring,2025-04-03,4.9,6.5
1791,377,2025-Spring,2025-04-23,6.0,6.9
1792,378,2025-Spring,2025-04-04,5.3,4.1
1793,379,2025-Spring,2025-04-01,9.2,8.6
1794,382,2025-Spring,2025-04-15,5.4,3.3
1795,383,2025-Spring,2025-04-29,6.7,5.1
1796,384,2025-Spring,2025-04-20,9.7,6.5
1797,386,2025-Spring,2025-04-13,5.8,5.0
1798,387,2025-Spring,2025-04-18,4.4,4.3
1799,390,2025-Spring,2025-04-22,5.9,9.0
1800,391,2025-Spring,2025-04-20,9.5,9.2
1801,393,2025-Spring,2025-04-09,7.9,6.9
1802,397,2025-Spring,2025-04-05,8.0,6.8
1803,398,2025-Spring,2025-04-04,4.1,3.4
1804,400,2025-Spring,2025-04-05,4.9,5.4
1805,402,2025-Spring,2025-04-06,9.1,4.6
1806,403,2025-Spring,2025-04-09,9.4,9.6
1807,405,2025-Spring,2025-04-24,9.0,9.3
1808,408,2025-Spring,2025-04-13,6.5,3.6
1809,409,2025-Spring,2025-04-25,4.5,9.8
1810,410,2025-Spring,2025-04-30,8.8,8.2
1811,412,2025-Spring,2025-04-08,6.9,6.0
1812,413,2025-Spring,2025-04-15,6.5,3.2
1813,417,2025-Spring,2025-04-24,4.7,9.8
1814,420,2025-Spring,2025-04-25,6.9,7.4
1815,423,2025-Spring,2025-04-13,9.2,5.1
1816,429,2025-Spring,2025-04-28,4.3,3.3
1817,430,2025-Spring,2025-04-06,8.5,8.7
1818,432,2025-Spring,2025-04-08,8.7,7.8
1819,434,2025-Spring,2025-04-03,3.6,7.6
1820,437,2025-Spring,2025-04-28,6.6,9.2
1821,438,2025-Spring,2025-04-15,8.6,3.9
1822,439,2025-Spring,2025-04-14,5.7,9.0
1823,440,2025-Spring,2025-04-26,7.7,6.6
1824,442,2025-Spring,2025-04-19,4.6,9.8
1825,443,2025-Spring,2025-04-24,9.5,7.8
1826,444,2025-Spring,2025-04-18,5.5,4.3
1827,445,2025-Spring,2025-04-04,8.6,4.2
1828,447,2025-Spring,2025-04-30,5.9,4.3
1829,448,2025-Spring,2025-04-06,8.4,6.1
1830,449,2025-Spring,2025-04-17,3.6,9.0
1831,451,2025-Spring,2025-04-06,7.6,4.6
1832,453,2025-Spring,2025-04-21,5.0,6.5
1833,454,2025-Spring,2025-04-19,5.0,8.6
1834,458,2025-Spring,2025-04-22,4.0,4.3
1835,459,2025-Spring,2025-04-23,6.4,3.4
1836,460,2025-Spring,2025-04-16,9.7,9.8
1837,461,2025-Spring,2025-04-16,5.9,7.9
1838,463,2025-Spring,2025-04-25,9.2,6.9
1839,464,2025-Spring,2025-04-20,7.4,9.2
1840,465,2025-Spring,2025-04-12,6.4,6.4
1841,467,2025-Spring,2025-04-25,3.9,6.7
1842,468,2025-Spring,2025-04-11,9.2,5.4
1843,469,2025-Spring,2025-04-27,5.1,4.9
1844,470,2025-Spring,2025-04-24,4.6,9.1
1845,472,2025-Spring,2025-04-11,4.1,8.6
1846,477,2025-Spring,2025-04-12,5.4,7.0
1847,478,2025-Spring,2025-04-23,5.7,9.3
1848,481,2025-Spring,2025-04-14,6.6,5.3
1849,482,2025-Spring,2025-04-28,8.6,5.9
1850,483,2025-Spring,2025-04-12,8.1,3.1
1851,487,2025-Spring,2025-04-16,5.0,9.0
1852,489,2025-Spring,2025-04-09,4.3,8.9
1853,491,2025-Spring,2025-04-17,8.5,6.2
1854,494,2025-Spring,2025-04-23,4.8,9.5
1855,495,2025-Spring,2025-04-07,7.5,6.7
1856,498,2025-Spring,2025-04-03,6.3,9.0
1857,501,2025-Spring,2025-04-19,8.2,5.4
1858,504,2025-Spring,2025-04-24,7.8,8.1
1859,507,2025-Spring,2025-04-29,4.5,8.1
1860,509,2025-Spring,2025-04-25,8.9,9.1
1861,510,2025-Spring,2025-04-03,5.4,8.7
1862,511,2025-Spring,2025-04-04,9.2,9.8
1863,514,2025-Spring,2025-04-06,9.6,3.4
1864,515,2025-Spring,2025-04-25,5.6,9.6
1865,517,2025-Spring,2025-04-01,3.7,8.5
1866,518,2025-Spring,2025-04-17,8.5,4.7
1867,519,2025-Spring,2025-04-18,9.5,7.9
1868,520,2025-Spring,2025-04-30,3.8,3.5
1869,521,2025-Spring,2025-04-03,8.0,3.2
1870,522,2025-Spring,2025-04-02,4.3,4.8
1871,523,2025-Spring,2025-04-14,7.5,6.2
1872,524,2025-Spring,2025-04-26,7.5,4.2
1873,526,2025-Spring,2025-04-19,7.3,6.3
1874,528,2025-Spring,2025-04-22,4.3,3.1
1875,531,2025-Spring,2025-04-10,7.7,4.7
1876,534,2025-Spring,2025-04-05,4.2,5.8
1877,535,2025-Spring,2025-04-02,8.6,5.0
1878,536,2025-Spring,2025-04-03,3.6,5.0
1879,537,2025-Spring,2025-04-08,5.6,5.3
1880,539,2025-Spring,2025-04-05,3.8,6.2
1881,541,2025-Spring,2025-04-22,4.3,4.6
1882,544,2025-Spring,2025-04-28,9.8,6.2
1883,545,2025-Spring,2025-04-16,5.9,8.3
1884,549,2025-Spring,2025-04-25,7.0,7.0
1885,550,2025-Spring,2025-04-18,9.2,8.6
1886,551,2025-Spring,2025-04-16,8.1,9.2
1887,553,2025-Spring,2025-04-16,6.4,3.5
1888,555,2025-Spring,2025-04-03,6.9,6.9
1889,556,2025-Spring,2025-04-21,7.5,4.1
1890,558,2025-Spring,2025-04-16,4.9,4.9
1891,559,2025-Spring,2025-04-09,5.5,8.0
1892,560,2025-Spring,2025-04-17,8.6,3.6
1893,564,2025-Spring,2025-04-24,4.9,3.8
1894,565,2025-Spring,2025-04-22,3.7,9.5
1895,566,2025-Spring,2025-04-13,8.4,7.9
1896,567,2025-Spring,2025-04-21,7.5,3.7
1897,570,2025-Spring,2025-04-20,4.7,6.9
1898,572,2025-Spring,2025-04-11,5.0,5.7
1899,573,2025-Spring,2025-04-12,9.2,8.6
1900,575,2025-Spring,2025-04-25,5.0,4.2
1901,576,2025-Spring,2025-04-19,5.5,3.2
1902,577,2025-Spring,2025-04-17,5.5,5.9
1903,578,2025-Spring,2025-04-05,9.7,8.0
1904,580,2025-Spring,2025-04-12,4.7,6.8
1905,581,2025-Spring,2025-04-02,7.8,5.4
1906,583,2025-Spring,2025-04-11,8.3,7.6
1907,586,2025-Spring,2025-04-30,8.3,3.2
1908,591,2025-Spring,2025-04-15,6.4,9.6
1909,593,2025-Spring,2025-04-26,7.2,9.0
1910,594,2025-Spring,2025-04-29,8.1,9.6
1911,597,2025-Spring,2025-04-02,6.4,4.0
1912,598,2025-Spring,2025-04-30,5.2,8.2
1913,600,2025-Spring,2025-04-16,8.3,3.5
1914,601,2025-Spring,2025-04-06,5.4,3.7
1915,602,2025-Spring,2025-04-22,6.6,7.7
1916,604,2025-Spring,2025-04-29,3.6,7.7
1917,605,2025-Spring,2025-04-14,6.1,3.6
1918,607,2025-Spring,2025-04-09,4.4,5.9
1919,609,2025-Spring,2025-04-16,3.9,4.8
1920,611,2025-Spring,2025-04-16,4.0,8.5
1921,613,2025-Spring,2025-04-15,8.4,4.6
1922,614,2025-Spring,2025-04-15,8.4,7.7
1923,615,2025-Spring,2025-04-08,8.5,3.2
1924,616,2025-Spring,2025-04-10,8.8,7.5
1925,618,2025-Spring,2025-04-20,9.0,7.5
1926,619,2025-Spring,2025-04-26,8.6,3.4
1927,620,2025-Spring,2025-04-25,3.9,8.4
1928,622,2025-Spring,2025-04-04,8.6,6.0
1929,624,2025-Spring,2025-04-24,6.7,7.0
1930,625,2025-Spring,2025-04-13,8.8,4.1
1931,628,2025-Spring,2025-04-10,8.9,3.8
1932,631,2025-Spring,2025-04-17,6.2,9.6
1933,632,2025-Spring,2025-04-08,4.0,4.8
1934,633,2025-Spring,2025-04-13,8.6,3.7
1935,635,2025-Spring,2025-04-12,7.2,9.1
1936,636,2025-Spring,2025-04-01,5.0,4.6
1937,638,2025-Spring,2025-04-24,8.8,5.4
1938,639,2025-Spring,2025-04-22,6.5,3.2
1939,643,2025-Spring,2025-04-05,5.5,9.0
1940,644,2025-Spring,2025-04-07,4.3,8.6
1941,645,2025-Spring,2025-04-21,3.9,7.0
1942,647,2025-Spring,2025-04-05,3.7,3.1
1943,648,2025-Spring,2025-04-24,6.0,7.0
1944,649,2025-Spring,2025-04-02,5.8,3.9
1945,650,2025-Spring,2025-04-22,5.4,4.1
1946,653,2025-Spring,2025-04-08,8.2,5.5
1947,655,2025-Spring,2025-04-09,7.7,5.1
1948,656,2025-Spring,2025-04-04,8.7,3.7
1949,658,2025-Spring,2025-04-20,7.1,7.2
1950,659,2025-Spring,2025-04-05,6.1,7.8
1951,660,2025-Spring,2025-04-28,8.7,5.1
1952,661,2025-Spring,2025-04-25,9.8,5.2
1953,663,2025-Spring,2025-04-05,8.0,7.2
1954,664,2025-Spring,2025-04-04,5.2,7.2
1955,667,2025-Spring,2025-04-02,4.7,4.3
1956,668,2025-Spring,2025-04-18,5.8,4.6
1957,669,2025-Spring,2025-04-02,7.9,9.5
1958,671,2025-Spring,2025-04-29,7.6,6.5
1959,672,2025-Spring,2025-04-01,9.3,6.4
1960,673,2025-Spring,2025-04-16,8.0,6.5
1961,674,2025-Spring,2025-04-29,9.1,8.6
1962,677,2025-Spring,2025-04-26,8.5,5.0
1963,678,2025-Spring,2025-04-06,5.3,7.8
1964,679,2025-Spring,2025-04-16,5.1,8.3
1965,680,2025-Spring,2025-04-13,5.2,7.0
1966,681,2025-Spring,2025-04-14,5.3,3.4
1967,682,2025-Spring,2025-04-13,7.1,8.9
1968,685,2025-Spring,2025-04-18,6.2,9.5
1969,686,2025-Spring,2025-04-12,8.6,8.5
1970,688,2025-Spring,2025-04-19,4.9,9.0
1971,690,2025-Spring,2025-04-21,9.0,7.4
1972,691,2025-Spring,2025-04-19,4.1,3.8
1973,693,2025-Spring,2025-04-15,4.5,5.5
1974,695,2025-Spring,2025-04-07,7.3,3.3
1975,700,2025-Spring,2025-04-27,9.7,8.8
1976,702,2025-Spring,2025-04-21,8.2,6.2
1977,703,2025-Spring,2025-04-05,6.0,3.9
1978,704,2025-Spring,2025-04-29,8.5,7.8
1979,705,2025-Spring,2025-04-04,7.8,8.3
1980,706,2025-Spring,2025-04-12,3.9,8.6
1981,711,2025-Spring,2025-04-22,7.5,6.5
1982,712,2025-Spring,2025-04-09,9.4,6.1
1983,713,2025-Spring,2025-04-05,7.8,4.7
1984,714,2025-Spring,2025-04-28,6.6,9.2
1985,716,2025-Spring,2025-04-24,5.2,9.3
1986,717,2025-Spring,2025-04-23,8.2,5.4
1987,718,2025-Spring,2025-04-27,6.4,6.4
1988,719,2025-Spring,2025-04-15,8.1,7.9
1989,720,2025-Spring,2025-04-28,5.3,7.9
1990,721,2025-Spring,2025-04-05,6.3,3.7
1991,722,2025-Spring,2025-04-28,4.4,7.6
1992,724,2025-Spring,2025-04-20,9.6,5.7
1993,725,2025-Spring,2025-04-05,6.5,3.7
1994,726,2025-Spring,2025-04-27,5.2,3.2
1995,728,2025-Spring,2025-04-02,5.3,9.3
1996,729,2025-Spring,2025-04-12,4.1,4.1
1997,730,2025-Spring,2025-04-17,4.0,3.8
1998,731,2025-Spring,2025-04-01,9.4,7.8
1999,733,2025-Spring,2025-04-20,4.5,6.2
2000,735,2025-Spring,2025-04-22,7.5,7.0
2001,736,2025-Spring,2025-04-30,6.8,7.9
2002,737,2025-Spring,2025-04-25,9.4,5.9
2003,738,2025-Spring,2025-04-09,4.7,7.2
2004,739,2025-Spring,2025-04-09,4.9,8.1
2005,742,2025-Spring,2025-04-24,8.5,7.9
2006,743,2025-Spring,2025-04-07,7.3,8.2
2007,744,2025-Spring,2025-04-03,8.7,5.3
2008,745,2025-Spring,2025-04-05,5.9,6.3
2009,748,2025-Spring,2025-04-07,9.1,7.3
2010,751,2025-Spring,2025-04-29,7.1,8.4
2011,754,2025-Spring,2025-04-28,6.6,5.5
2012,755,2025-Spring,2025-04-08,4.2,3.2
2013,756,2025-Spring,2025-04-18,7.1,4.3
2014,757,2025-Spring,2025-04-08,3.7,8.5
2015,759,2025-Spring,2025-04-20,4.8,4.6
2016,760,2025-Spring,2025-04-27,9.2,3.7
2017,761,2025-Spring,2025-04-16,9.7,9.0
2018,762,2025-Spring,2025-04-03,8.2,6.5
2019,763,2025-Spring,2025-04-25,4.5,7.7
2020,764,2025-Spring,2025-04-12,7.3,8.6
2021,766,2025-Spring,2025-04-14,6.9,3.1
2022,767,2025-Spring,2025-04-16,4.4,3.2
2023,768,2025-Spring,2025-04-16,4.0,4.1
2024,770,2025-Spring,2025-04-28,8.2,4.9
2025,771,2025-Spring,2025-04-20,9.8,7.8
2026,772,2025-Spring,2025-04-25,3.7,4.6
2027,773,2025-Spring,2025-04-11,8.6,9.2
2028,775,2025-Spring,2025-04-15,9.5,3.8
2029,776,2025-Spring,2025-04-26,7.4,4.3
2030,777,2025-Spring,2025-04-27,9.4,6.6
2031,778,2025-Spring,2025-04-14,8.9,9.0
2032,779,2025-Spring,2025-04-03,6.4,3.1
2033,782,2025-Spring,2025-04-08,9.4,3.3
2034,783,2025-Spring,2025-04-18,6.2,7.4
2035,784,2025-Spring,2025-04-26,6.6,5.3
2036,785,2025-Spring,2025-04-01,7.2,6.9
2037,786,2025-Spring,2025-04-11,3.8,7.2
2038,788,2025-Spring,2025-04-08,6.0,7.2
2039,789,2025-Spring,2025-04-05,6.3,6.4
2040,791,2025-Spring,2025-04-30,4.3,8.2
2041,793,2025-Spring,2025-04-10,8.5,9.2
2042,794,2025-Spring,2025-04-09,8.3,5.2
2043,795,2025-Spring,2025-04-23,5.1,5.7
2044,796,2025-Spring,2025-04-29,5.9,7.5
2045,798,2025-Spring,2025-04-07,8.9,9.1
2046,799,2025-Spring,2025-04-26,9.0,9.4
2047,801,2025-Spring,2025-04-09,9.6,6.0
2048,803,2025-Spring,2025-04-29,7.9,6.8
2049,808,2025-Spring,2025-04-11,6.3,7.2
2050,810,2025-Spring,2025-04-13,7.6,9.4
2051,811,2025-Spring,2025-04-05,9.7,5.0
2052,812,2025-Spring,2025-04-15,7.4,7.4
2053,813,2025-Spring,2025-04-20,9.1,4.5
2054,814,2025-Spring,2025-04-03,9.6,4.9
2055,815,2025-Spring,2025-04-27,4.2,8.0
2056,816,2025-Spring,2025-04-22,7.3,9.8
2057,818,2025-Spring,2025-04-08,9.7,6.0
2058,819,2025-Spring,2025-04-15,3.5,3.3
2059,820,2025-Spring,2025-04-07,6.0,3.5
2060,821,2025-Spring,2025-04-15,5.9,8.3
2061,822,2025-Spring,2025-04-14,9.2,9.1
2062,823,2025-Spring,2025-04-02,8.8,8.3
2063,825,2025-Spring,2025-04-24,4.5,9.5
2064,828,2025-Spring,2025-04-12,6.0,6.3
2065,829,2025-Spring,2025-04-03,4.5,4.7
2066,830,2025-Spring,2025-04-25,5.7,7.5
2067,832,2025-Spring,2025-04-19,4.2,4.6
2068,835,2025-Spring,2025-04-25,5.9,3.1
2069,836,2025-Spring,2025-04-26,8.1,3.0
2070,840,2025-Spring,2025-04-21,7.3,7.7
2071,841,2025-Spring,2025-04-07,9.2,4.8
2072,846,2025-Spring,2025-04-21,4.7,7.0
2073,847,2025-Spring,2025-04-24,9.4,4.8
2074,849,2025-Spring,2025-04-28,6.3,7.9
2075,850,2025-Spring,2025-04-01,8.1,8.4
2076,851,2025-Spring,2025-04-01,6.6,9.4
2077,852,2025-Spring,2025-04-09,8.5,4.7
2078,853,2025-Spring,2025-04-02,8.4,8.0
2079,854,2025-Spring,2025-04-28,7.7,9.7
2080,856,2025-Spring,2025-04-13,7.0,3.6
2081,861,2025-Spring,2025-04-30,7.9,6.0
2082,870,2025-Spring,2025-04-12,8.8,6.0
2083,871,2025-Spring,2025-04-05,5.3,6.7
2084,872,2025-Spring,2025-04-03,5.2,6.3
2085,873,2025-Spring,2025-04-08,7.5,4.7
2086,875,2025-Spring,2025-04-17,6.5,5.8
2087,878,2025-Spring,2025-04-21,4.5,4.4
2088,879,2025-Spring,2025-04-28,7.2,8.4
2089,882,2025-Spring,2025-04-11,7.0,3.2
2090,883,2025-Spring,2025-04-27,4.3,8.9
2091,884,2025-Spring,2025-04-23,3.5,7.9
2092,886,2025-Spring,2025-04-25,5.7,6.1
2093,888,2025-Spring,2025-04-27,8.7,4.8
2094,890,2025-Spring,2025-04-23,5.9,3.0
2095,891,2025-Spring,2025-04-18,7.2,4.6
2096,892,2025-Spring,2025-04-04,6.0,8.6
2097,893,2025-Spring,2025-04-15,7.6,6.3
2098,3,2025-Fall,2025-10-06,8.6,3.0
2099,4,2025-Fall,2025-10-06,8.7,3.9
2100,10,2025-Fall,2025-10-18,7.1,9.4
2101,12,2025-Fall,2025-10-30,8.7,3.4
2102,16,2025-Fall,2025-10-04,6.1,5.7
2103,21,2025-Fall,2025-10-04,3.8,6.0
2104,22,2025-Fall,2025-10-22,7.7,8.1
2105,23,2025-Fall,2025-10-04,8.6,3.6
2106,25,2025-Fall,2025-10-09,3.5,4.0
2107,26,2025-Fall,2025-10-01,6.1,4.2
2108,31,2025-Fall,2025-10-10,8.7,7.4
2109,34,2025-Fall,2025-10-05,9.3,7.6
2110,36,2025-Fall,2025-10-11,9.6,4.9
2111,40,2025-Fall,2025-10-09,4.0,9.8
2112,42,2025-Fall,2025-10-17,5.9,6.9
2113,44,2025-Fall,2025-10-23,8.8,9.1
2114,45,2025-Fall,2025-10-24,6.6,5.4
2115,46,2025-Fall,2025-10-18,6.6,5.2
2116,50,2025-Fall,2025-10-09,8.1,7.6
2117,52,2025-Fall,2025-10-26,9.6,8.0
2118,54,2025-Fall,2025-10-08,3.8,8.9
2119,59,2025-Fall,2025-10-31,5.2,4.6
2120,61,2025-Fall,2025-10-31,9.8,7.1
2121,63,2025-Fall,2025-10-23,5.3,7.4
2122,64,2025-Fall,2025-10-08,8.4,9.6
2123,66,2025-Fall,2025-10-10,5.7,6.1
2124,67,2025-Fall,2025-10-30,9.3,7.7
2125,72,2025-Fall,2025-10-28,9.2,9.4
2126,73,2025-Fall,2025-10-21,7.5,5.7
2127,75,2025-Fall,2025-10-20,6.5,8.4
2128,80,2025-Fall,2025-10-25,5.4,6.8
2129,82,2025-Fall,2025-10-15,7.5,8.4
2130,86,2025-Fall,2025-10-20,7.1,6.8
2131,88,2025-Fall,2025-10-06,7.4,4.1
2132,89,2025-Fall,2025-10-03,5.9,4.8
2133,91,2025-Fall,2025-10-17,4.3,5.4
2134,94,2025-Fall,2025-10-20,6.5,8.3
2135,98,2025-Fall,2025-10-17,7.2,3.0
2136,100,2025-Fall,2025-10-16,7.1,6.9
2137,101,2025-Fall,2025-10-28,8.7,8.1
2138,105,2025-Fall,2025-10-22,9.7,9.1
2139,106,2025-Fall,2025-10-04,7.6,9.8
2140,107,2025-Fall,2025-10-07,9.3,4.9
2141,110,2025-Fall,2025-10-01,6.7,3.1
2142,112,2025-Fall,2025-10-31,8.1,7.0
2143,116,2025-Fall,2025-10-10,5.0,9.3
2144,118,2025-Fall,2025-10-26,7.6,4.8
2145,119,2025-Fall,2025-10-01,8.2,4.4
2146,123,2025-Fall,2025-10-06,4.0,3.7
2147,124,2025-Fall,2025-10-13,5.4,4.0
2148,126,2025-Fall,2025-10-11,5.1,8.2
2149,129,2025-Fall,2025-10-07,8.3,7.3
2150,131,2025-Fall,2025-10-16,3.9,8.8
2151,133,2025-Fall,2025-10-20,5.8,7.4
2152,135,2025-Fall,2025-10-13,9.4,5.6
2153,136,2025-Fall,2025-10-15,6.0,9.3
2154,144,2025-Fall,2025-10-14,5.6,4.0
2155,146,2025-Fall,2025-10-17,3.8,8.0
2156,147,2025-Fall,2025-10-17,7.4,8.4
2157,149,2025-Fall,2025-10-20,9.3,6.4
2158,151,2025-Fall,2025-10-06,7.9,7.4
2159,152,2025-Fall,2025-10-20,6.2,8.7
2160,153,2025-Fall,2025-10-26,4.2,6.5
2161,154,2025-Fall,2025-10-09,4.2,7.6
2162,155,2025-Fall,2025-10-22,4.9,6.4
2163,156,2025-Fall,2025-10-23,9.1,4.0
2164,157,2025-Fall,2025-10-26,4.4,7.1
2165,160,2025-Fall,2025-10-26,9.3,3.7
2166,161,2025-Fall,2025-10-19,5.5,6.3
2167,162,2025-Fall,2025-10-28,8.5,8.7
2168,167,2025-Fall,2025-10-11,8.1,4.3
2169,168,2025-Fall,2025-10-21,6.3,9.4
2170,169,2025-Fall,2025-10-26,7.7,7.4
2171,171,2025-Fall,2025-10-13,9.0,7.2
2172,172,2025-Fall,2025-10-04,8.9,5.6
2173,175,2025-Fall,2025-10-05,4.2,3.1
2174,177,2025-Fall,2025-10-02,4.6,6.6
2175,178,2025-Fall,2025-10-20,8.4,5.4
2176,181,2025-Fall,2025-10-30,8.3,9.0
2177,182,2025-Fall,2025-10-01,5.7,7.3
2178,184,2025-Fall,2025-10-29,7.6,8.9
2179,186,2025-Fall,2025-10-20,7.9,5.3
2180,187,2025-Fall,2025-10-16,8.8,5.6
2181,188,2025-Fall,2025-10-06,8.1,6.2
2182,190,2025-Fall,2025-10-27,7.8,7.8
2183,192,2025-Fall,2025-10-22,8.8,5.6
2184,195,2025-Fall,2025-10-13,9.2,7.6
2185,196,2025-Fall,2025-10-07,4.1,8.1
2186,198,2025-Fall,2025-10-22,5.1,8.4
2187,200,2025-Fall,2025-10-05,8.9,3.2
2188,202,2025-Fall,2025-10-20,4.7,3.7
2189,204,2025-Fall,2025-10-21,7.3,8.5
2190,206,2025-Fall,2025-10-19,5.9,4.8
2191,208,2025-Fall,2025-10-25,8.3,5.6
2192,209,2025-Fall,2025-10-22,4.8,4.9
2193,213,2025-Fall,2025-10-16,6.3,7.5
2194,216,2025-Fall,2025-10-30,4.9,7.3
2195,217,2025-Fall,2025-10-01,7.6,3.4
2196,219,2025-Fall,2025-10-29,6.9,5.4
2197,220,2025-Fall,2025-10-04,8.5,9.4
2198,221,2025-Fall,2025-10-18,6.2,3.9
2199,222,2025-Fall,2025-10-12,7.1,4.9
2200,224,2025-Fall,2025-10-14,9.5,3.5
2201,225,2025-Fall,2025-10-13,8.1,7.7
2202,231,2025-Fall,2025-10-09,5.0,9.8
2203,233,2025-Fall,2025-10-06,6.0,5.5
2204,234,2025-Fall,2025-10-23,5.4,5.5
2205,238,2025-Fall,2025-10-24,6.4,4.3
2206,240,2025-Fall,2025-10-21,6.5,9.6
2207,241,2025-Fall,2025-10-02,5.6,5.9
2208,242,2025-Fall,2025-10-01,8.5,8.5
2209,244,2025-Fall,2025-10-08,3.8,8.3
2210,247,2025-Fall,2025-10-23,4.7,5.1
2211,249,2025-Fall,2025-10-01,8.9,8.7
2212,253,2025-Fall,2025-10-28,8.8,6.1
2213,259,2025-Fall,2025-10-25,9.0,5.0
2214,260,2025-Fall,2025-10-01,9.5,7.8
2215,262,2025-Fall,2025-10-29,8.7,4.0
2216,263,2025-Fall,2025-10-30,7.1,7.4
2217,264,2025-Fall,2025-10-28,3.9,3.8
2218,266,2025-Fall,2025-10-04,6.0,3.4
2219,268,2025-Fall,2025-10-28,6.4,5.3
2220,272,2025-Fall,2025-10-04,4.3,7.5
2221,274,2025-Fall,2025-10-28,7.8,6.0
2222,275,2025-Fall,2025-10-07,4.2,6.9
2223,277,2025-Fall,2025-10-15,3.7,9.3
2224,278,2025-Fall,2025-10-02,7.0,4.8
2225,279,2025-Fall,2025-10-03,8.9,4.0
2226,284,2025-Fall,2025-10-01,6.7,8.1
2227,285,2025-Fall,2025-10-10,8.0,6.1
2228,286,2025-Fall,2025-10-17,9.2,4.0
2229,288,2025-Fall,2025-10-20,6.0,6.6
2230,289,2025-Fall,2025-10-22,6.2,4.2
2231,292,2025-Fall,2025-10-23,5.0,8.9
2232,294,2025-Fall,2025-10-15,3.9,5.2
2233,298,2025-Fall,2025-10-11,7.2,5.4
2234,301,2025-Fall,2025-10-07,8.9,8.5
2235,302,2025-Fall,2025-10-15,8.9,7.9
2236,303,2025-Fall,2025-10-27,5.6,6.0
2237,307,2025-Fall,2025-10-18,4.5,6.6
2238,311,2025-Fall,2025-10-31,7.3,8.6
2239,315,2025-Fall,2025-10-15,4.0,8.4
2240,317,2025-Fall,2025-10-09,7.7,4.1
2241,320,2025-Fall,2025-10-04,5.9,6.9
2242,321,2025-Fall,2025-10-16,9.7,3.6
2243,324,2025-Fall,2025-10-29,7.6,7.2
2244,325,2025-Fall,2025-10-17,8.1,7.8
2245,327,2025-Fall,2025-10-19,8.6,3.2
2246,332,2025-Fall,2025-10-10,6.2,5.1
2247,333,2025-Fall,2025-10-02,8.4,7.6
2248,334,2025-Fall,2025-10-11,4.1,8.2
2249,335,2025-Fall,2025-10-30,4.5,6.8
2250,340,2025-Fall,2025-10-22,4.5,8.4
2251,341,2025-Fall,2025-10-02,3.6,6.4
2252,346,2025-Fall,2025-10-14,8.7,6.6
2253,350,2025-Fall,2025-10-03,6.2,7.3
2254,352,2025-Fall,2025-10-04,6.5,6.2
2255,355,2025-Fall,2025-10-20,5.3,9.6
2256,356,2025-Fall,2025-10-28,6.5,6.8
2257,357,2025-Fall,2025-10-24,6.8,9.7
2258,358,2025-Fall,2025-10-09,9.8,3.1
2259,359,2025-Fall,2025-10-16,6.6,7.7
2260,361,2025-Fall,2025-10-16,4.6,9.8
2261,362,2025-Fall,2025-10-02,4.7,5.5
2262,364,2025-Fall,2025-10-14,4.1,5.4
2263,365,2025-Fall,2025-10-14,4.6,4.0
2264,366,2025-Fall,2025-10-10,7.5,6.2
2265,367,2025-Fall,2025-10-31,4.1,4.8
2266,369,2025-Fall,2025-10-17,9.4,4.2
2267,370,2025-Fall,2025-10-20,7.1,3.6
2268,371,2025-Fall,2025-10-28,8.6,4.6
2269,373,2025-Fall,2025-10-20,8.8,9.7
2270,374,2025-Fall,2025-10-25,6.6,8.2
2271,375,2025-Fall,2025-10-11,7.1,8.8
2272,376,2025-Fall,2025-10-17,4.6,7.2
2273,379,2025-Fall,2025-10-23,5.3,6.7
2274,381,2025-Fall,2025-10-08,6.8,3.0
2275,382,2025-Fall,2025-10-21,8.9,6.2
2276,383,2025-Fall,2025-10-25,4.1,9.6
2277,386,2025-Fall,2025-10-20,6.9,9.1
2278,391,2025-Fall,2025-10-29,9.4,6.2
2279,393,2025-Fall,2025-10-25,4.9,6.4
2280,395,2025-Fall,2025-10-11,9.2,8.5
2281,396,2025-Fall,2025-10-23,4.9,4.9
2282,397,2025-Fall,2025-10-05,4.1,4.4
2283,400,2025-Fall,2025-10-24,6.5,6.9
2284,401,2025-Fall,2025-10-31,6.3,6.8
2285,402,2025-Fall,2025-10-29,4.9,3.1
2286,405,2025-Fall,2025-10-09,8.9,5.2
2287,408,2025-Fall,2025-10-17,3.8,9.1
2288,410,2025-Fall,2025-10-29,5.3,6.2
2289,412,2025-Fall,2025-10-06,6.8,4.3
2290,415,2025-Fall,2025-10-24,4.6,4.3
2291,418,2025-Fall,2025-10-25,6.2,8.1
2292,420,2025-Fall,2025-10-12,9.0,9.5
2293,423,2025-Fall,2025-10-17,3.9,5.4
2294,424,2025-Fall,2025-10-22,4.4,4.0
2295,425,2025-Fall,2025-10-23,7.7,9.6
2296,429,2025-Fall,2025-10-01,3.9,5.5
2297,432,2025-Fall,2025-10-15,8.2,9.7
2298,433,2025-Fall,2025-10-10,8.3,8.6
2299,437,2025-Fall,2025-10-30,5.6,5.6
2300,439,2025-Fall,2025-10-22,6.2,8.0
2301,440,2025-Fall,2025-10-15,9.7,7.0
2302,442,2025-Fall,2025-10-17,3.7,8.5
2303,444,2025-Fall,2025-10-17,4.7,9.4
2304,445,2025-Fall,2025-10-03,8.5,7.8
2305,446,2025-Fall,2025-10-25,4.9,7.5
2306,447,2025-Fall,2025-10-26,8.7,6.1
2307,451,2025-Fall,2025-10-25,6.0,8.5
2308,452,2025-Fall,2025-10-06,7.4,9.3
2309,453,2025-Fall,2025-10-06,4.5,6.7
2310,457,2025-Fall,2025-10-09,8.4,8.7
2311,458,2025-Fall,2025-10-26,9.7,7.0
2312,460,2025-Fall,2025-10-07,6.8,6.0
2313,461,2025-Fall,2025-10-29,9.4,3.3
2314,464,2025-Fall,2025-10-26,7.6,7.1
2315,465,2025-Fall,2025-10-03,3.7,5.6
2316,467,2025-Fall,2025-10-24,4.5,4.0
2317,468,2025-Fall,2025-10-19,6.8,8.0
2318,469,2025-Fall,2025-10-23,4.7,6.4
2319,474,2025-Fall,2025-10-02,5.0,7.4
2320,475,2025-Fall,2025-10-12,5.9,5.3
2321,480,2025-Fall,2025-10-02,7.8,5.6
2322,481,2025-Fall,2025-10-05,4.8,4.1
2323,482,2025-Fall,2025-10-20,7.2,8.4
2324,483,2025-Fall,2025-10-31,9.4,9.0
2325,486,2025-Fall,2025-10-13,8.3,6.6
2326,487,2025-Fall,2025-10-29,3.5,3.7
2327,488,2025-Fall,2025-10-06,9.3,4.4
2328,489,2025-Fall,2025-10-08,8.4,5.8
2329,491,2025-Fall,2025-10-21,5.6,6.8
2330,492,2025-Fall,2025-10-09,8.4,4.8
2331,495,2025-Fall,2025-10-25,4.2,4.3
2332,498,2025-Fall,2025-10-26,8.0,6.4
2333,499,2025-Fall,2025-10-14,4.8,6.8
2334,503,2025-Fall,2025-10-19,4.0,9.3
2335,504,2025-Fall,2025-10-10,5.0,9.1
2336,506,2025-Fall,2025-10-19,9.7,6.9
2337,507,2025-Fall,2025-10-31,8.4,6.5
2338,509,2025-Fall,2025-10-18,4.3,8.2
2339,510,2025-Fall,2025-10-26,6.8,8.1
2340,511,2025-Fall,2025-10-06,7.3,7.9
2341,515,2025-Fall,2025-10-04,4.5,5.6
2342,516,2025-Fall,2025-10-15,5.4,3.1
2343,518,2025-Fall,2025-10-22,4.8,3.9
2344,519,2025-Fall,2025-10-04,6.3,8.1
2345,520,2025-Fall,2025-10-23,5.0,4.0
2346,523,2025-Fall,2025-10-18,4.1,3.5
2347,524,2025-Fall,2025-10-26,4.6,5.8
2348,526,2025-Fall,2025-10-09,4.2,5.3
2349,528,2025-Fall,2025-10-13,4.1,9.0
2350,531,2025-Fall,2025-10-19,5.7,3.7
2351,532,2025-Fall,2025-10-29,8.7,6.1
2352,534,2025-Fall,2025-10-06,8.3,3.4
2353,535,2025-Fall,2025-10-21,4.6,4.3
2354,536,2025-Fall,2025-10-03,4.9,6.1
2355,537,2025-Fall,2025-10-01,8.9,7.4
2356,539,2025-Fall,2025-10-28,4.1,7.1
2357,541,2025-Fall,2025-10-28,9.3,4.9
2358,543,2025-Fall,2025-10-03,9.0,4.6
2359,545,2025-Fall,2025-10-30,6.4,4.0
2360,546,2025-Fall,2025-10-02,7.5,4.9
2361,548,2025-Fall,2025-10-23,7.1,6.7
2362,549,2025-Fall,2025-10-27,9.1,7.7
2363,551,2025-Fall,2025-10-08,9.6,5.5
2364,552,2025-Fall,2025-10-13,8.0,5.9
2365,553,2025-Fall,2025-10-03,3.7,8.7
2366,554,2025-Fall,2025-10-13,9.4,6.3
2367,555,2025-Fall,2025-10-29,5.8,3.5
2368,560,2025-Fall,2025-10-07,4.9,3.9
2369,564,2025-Fall,2025-10-15,4.8,8.9
2370,568,2025-Fall,2025-10-01,6.5,3.6
2371,570,2025-Fall,2025-10-21,7.8,5.8
2372,571,2025-Fall,2025-10-19,3.8,8.4
2373,572,2025-Fall,2025-10-17,9.5,5.5
2374,573,2025-Fall,2025-10-08,7.3,7.0
2375,577,2025-Fall,2025-10-01,3.7,6.8
2376,578,2025-Fall,2025-10-05,7.8,6.3
2377,579,2025-Fall,2025-10-23,5.5,6.5
2378,580,2025-Fall,2025-10-09,6.0,3.0
2379,582,2025-Fall,2025-10-19,5.1,7.3
2380,588,2025-Fall,2025-10-23,7.8,7.9
2381,589,2025-Fall,2025-10-28,8.2,7.4
2382,590,2025-Fall,2025-10-17,4.2,7.4
2383,591,2025-Fall,2025-10-05,4.8,3.0
2384,592,2025-Fall,2025-10-12,4.2,6.6
2385,594,2025-Fall,2025-10-24,3.6,7.0
2386,597,2025-Fall,2025-10-11,4.3,9.7
2387,600,2025-Fall,2025-10-06,6.0,9.1
2388,601,2025-Fall,2025-10-12,8.6,4.9
2389,602,2025-Fall,2025-10-13,7.6,7.5
2390,603,2025-Fall,2025-10-30,6.7,9.4
2391,607,2025-Fall,2025-10-12,6.2,9.0
2392,609,2025-Fall,2025-10-25,7.5,8.3
2393,611,2025-Fall,2025-10-05,9.1,4.7
2394,613,2025-Fall,2025-10-16,4.0,3.2
2395,614,2025-Fall,2025-10-26,7.7,4.5
2396,615,2025-Fall,2025-10-25,5.4,4.7
2397,624,2025-Fall,2025-10-30,7.2,6.0
2398,625,2025-Fall,2025-10-07,3.9,5.0
2399,629,2025-Fall,2025-10-12,3.6,6.8
2400,630,2025-Fall,2025-10-05,7.5,9.1
2401,633,2025-Fall,2025-10-16,4.7,5.1
2402,635,2025-Fall,2025-10-26,6.3,3.9
2403,636,2025-Fall,2025-10-14,7.5,3.3
2404,638,2025-Fall,2025-10-17,9.4,4.8
2405,639,2025-Fall,2025-10-17,4.2,7.8
2406,640,2025-Fall,2025-10-15,3.8,8.7
2407,641,2025-Fall,2025-10-15,5.4,6.3
2408,643,2025-Fall,2025-10-06,5.8,5.3
2409,645,2025-Fall,2025-10-22,4.0,4.7
2410,647,2025-Fall,2025-10-14,4.7,4.3
2411,648,2025-Fall,2025-10-19,5.7,9.3
2412,649,2025-Fall,2025-10-09,7.8,3.7
2413,650,2025-Fall,2025-10-15,7.4,5.4
2414,651,2025-Fall,2025-10-18,4.5,3.8
2415,652,2025-Fall,2025-10-07,4.8,8.8
2416,655,2025-Fall,2025-10-29,4.2,8.2
2417,660,2025-Fall,2025-10-26,7.2,7.4
2418,662,2025-Fall,2025-10-04,4.4,3.4
2419,665,2025-Fall,2025-10-13,5.2,5.8
2420,668,2025-Fall,2025-10-09,6.4,8.6
2421,669,2025-Fall,2025-10-11,9.2,6.8
2422,671,2025-Fall,2025-10-22,4.0,8.9
2423,673,2025-Fall,2025-10-26,9.7,9.6
2424,674,2025-Fall,2025-10-05,5.7,9.0
2425,677,2025-Fall,2025-10-06,6.7,3.8
2426,678,2025-Fall,2025-10-12,7.5,8.2
2427,679,2025-Fall,2025-10-08,6.8,8.8
2428,680,2025-Fall,2025-10-11,4.4,4.7
2429,682,2025-Fall,2025-10-24,6.9,5.8
2430,685,2025-Fall,2025-10-25,9.6,8.9
2431,686,2025-Fall,2025-10-28,6.8,8.3
2432,688,2025-Fall,2025-10-28,4.8,7.1
2433,691,2025-Fall,2025-10-28,5.6,3.1
2434,693,2025-Fall,2025-10-08,9.1,8.0
2435,695,2025-Fall,2025-10-26,3.8,6.8
2436,698,2025-Fall,2025-10-01,4.2,5.9
2437,700,2025-Fall,2025-10-26,6.0,4.0
2438,702,2025-Fall,2025-10-28,7.6,8.0
2439,703,2025-Fall,2025-10-28,6.6,3.7
2440,704,2025-Fall,2025-10-20,5.7,6.3
2441,707,2025-Fall,2025-10-23,5.2,8.8
2442,708,2025-Fall,2025-10-04,9.1,4.7
2443,709,2025-Fall,2025-10-14,6.5,6.8
2444,711,2025-Fall,2025-10-04,8.4,9.3
2445,712,2025-Fall,2025-10-26,5.8,6.4
2446,713,2025-Fall,2025-10-20,9.3,7.2
2447,714,2025-Fall,2025-10-06,8.1,4.5
2448,717,2025-Fall,2025-10-31,5.2,4.6
2449,719,2025-Fall,2025-10-28,7.5,3.5
2450,720,2025-Fall,2025-10-02,5.6,5.8
2451,721,2025-Fall,2025-10-26,9.6,9.3
2452,722,2025-Fall,2025-10-22,5.0,4.3
2453,724,2025-Fall,2025-10-21,8.9,4.0
2454,725,2025-Fall,2025-10-17,6.3,8.5
2455,726,2025-Fall,2025-10-21,7.5,5.9
2456,730,2025-Fall,2025-10-19,4.2,8.4
2457,731,2025-Fall,2025-10-09,4.7,4.6
2458,733,2025-Fall,2025-10-24,7.7,6.1
2459,735,2025-Fall,2025-10-03,4.9,3.5
2460,737,2025-Fall,2025-10-03,4.7,8.8
2461,738,2025-Fall,2025-10-04,8.6,8.1
2462,739,2025-Fall,2025-10-04,3.9,8.0
2463,740,2025-Fall,2025-10-13,9.3,4.2
2464,741,2025-Fall,2025-10-09,6.4,6.3
2465,743,2025-Fall,2025-10-12,5.5,4.9
2466,750,2025-Fall,2025-10-10,6.3,9.4
2467,751,2025-Fall,2025-10-21,4.1,5.7
2468,752,2025-Fall,2025-10-19,4.6,5.7
2469,753,2025-Fall,2025-10-24,3.6,6.7
2470,754,2025-Fall,2025-10-29,7.3,4.5
2471,755,2025-Fall,2025-10-04,5.4,7.5
2472,756,2025-Fall,2025-10-24,9.8,3.7
2473,757,2025-Fall,2025-10-14,3.6,6.6
2474,758,2025-Fall,2025-10-22,8.5,4.8
2475,759,2025-Fall,2025-10-22,7.4,8.1
2476,760,2025-Fall,2025-10-10,5.3,5.7
2477,762,2025-Fall,2025-10-26,4.6,3.4
2478,763,2025-Fall,2025-10-23,5.9,9.3
2479,765,2025-Fall,2025-10-25,8.6,8.7
2480,766,2025-Fall,2025-10-19,4.7,3.6
2481,767,2025-Fall,2025-10-15,9.2,8.2
2482,768,2025-Fall,2025-10-07,6.8,9.8
2483,769,2025-Fall,2025-10-01,7.6,3.0
2484,771,2025-Fall,2025-10-24,4.9,6.9
2485,772,2025-Fall,2025-10-13,5.3,5.8
2486,773,2025-Fall,2025-10-24,6.5,6.8
2487,775,2025-Fall,2025-10-04,4.8,4.6
2488,777,2025-Fall,2025-10-29,7.9,7.3
2489,780,2025-Fall,2025-10-03,5.8,9.1
2490,781,2025-Fall,2025-10-06,5.8,6.4
2491,782,2025-Fall,2025-10-30,4.6,4.4
2492,783,2025-Fall,2025-10-14,3.8,4.6
2493,785,2025-Fall,2025-10-03,9.3,6.2
2494,786,2025-Fall,2025-10-13,3.6,6.5
2495,787,2025-Fall,2025-10-01,6.5,5.8
2496,789,2025-Fall,2025-10-17,3.9,5.3
2497,790,2025-Fall,2025-10-19,4.1,6.3
2498,793,2025-Fall,2025-10-17,6.7,4.7
2499,794,2025-Fall,2025-10-08,7.3,6.7
2500,796,2025-Fall,2025-10-31,8.3,3.4
2501,797,2025-Fall,2025-10-05,9.6,8.4
2502,799,2025-Fall,2025-10-17,4.1,5.9
2503,800,2025-Fall,2025-10-19,5.5,8.6
2504,801,2025-Fall,2025-10-17,8.1,4.7
2505,803,2025-Fall,2025-10-15,4.6,5.0
2506,804,2025-Fall,2025-10-04,8.9,3.6
2507,805,2025-Fall,2025-10-29,7.7,8.4
2508,807,2025-Fall,2025-10-02,8.7,5.6
2509,808,2025-Fall,2025-10-03,7.8,4.9
2510,809,2025-Fall,2025-10-03,5.2,9.7
2511,811,2025-Fall,2025-10-01,5.1,6.0
2512,815,2025-Fall,2025-10-18,4.8,5.9
2513,817,2025-Fall,2025-10-15,5.4,5.2
2514,818,2025-Fall,2025-10-27,6.3,7.4
2515,819,2025-Fall,2025-10-23,3.9,9.3
2516,821,2025-Fall,2025-10-15,6.4,5.8
2517,824,2025-Fall,2025-10-29,7.6,5.3
2518,825,2025-Fall,2025-10-08,6.1,6.9
2519,826,2025-Fall,2025-10-14,5.8,6.2
2520,828,2025-Fall,2025-10-14,7.2,4.7
2521,829,2025-Fall,2025-10-29,6.1,9.3
2522,830,2025-Fall,2025-10-08,6.5,8.7
2523,831,2025-Fall,2025-10-25,4.0,8.9
2524,832,2025-Fall,2025-10-08,5.7,6.1
2525,836,2025-Fall,2025-10-05,7.8,4.9
2526,837,2025-Fall,2025-10-08,6.1,6.6
2527,841,2025-Fall,2025-10-10,5.5,9.0
2528,844,2025-Fall,2025-10-20,9.1,5.6
2529,846,2025-Fall,2025-10-09,5.2,3.0
2530,847,2025-Fall,2025-10-28,6.0,7.4
2531,848,2025-Fall,2025-10-16,8.6,4.2
2532,850,2025-Fall,2025-10-31,7.2,6.7
2533,851,2025-Fall,2025-10-13,8.3,7.9
2534,853,2025-Fall,2025-10-14,4.8,4.1
2535,854,2025-Fall,2025-10-08,8.8,6.5
2536,857,2025-Fall,2025-10-16,5.1,7.3
2537,858,2025-Fall,2025-10-29,8.7,9.4
2538,859,2025-Fall,2025-10-13,5.5,8.8
2539,861,2025-Fall,2025-10-14,8.4,3.7
2540,863,2025-Fall,2025-10-01,9.0,8.8
2541,865,2025-Fall,2025-10-26,4.8,3.5
2542,867,2025-Fall,2025-10-10,3.7,7.6
2543,870,2025-Fall,2025-10-06,5.8,3.3
2544,872,2025-Fall,2025-10-15,5.8,5.2
2545,873,2025-Fall,2025-10-13,4.8,4.0
2546,874,2025-Fall,2025-10-01,7.8,7.5
2547,875,2025-Fall,2025-10-25,3.5,5.3
2548,877,2025-Fall,2025-10-29,5.6,5.1
2549,878,2025-Fall,2025-10-23,7.4,9.5
2550,879,2025-Fall,2025-10-02,7.1,3.0
2551,880,2025-Fall,2025-10-14,9.3,8.6
2552,881,2025-Fall,2025-10-26,7.7,3.5
2553,882,2025-Fall,2025-10-03,6.3,5.8
2554,885,2025-Fall,2025-10-10,7.9,5.6
2555,886,2025-Fall,2025-10-19,4.1,3.6
2556,887,2025-Fall,2025-10-25,7.8,9.0
2557,888,2025-Fall,2025-10-20,9.6,5.2
2558,889,2025-Fall,2025-10-26,5.8,5.7
2559,890,2025-Fall,2025-10-18,4.7,8.3
2560,891,2025-Fall,2025-10-01,5.8,4.6
2561,892,2025-Fall,2025-10-06,8.6,5.1
2562,896,2025-Fall,2025-10-13,8.1,6.7
2563,900,2025-Fall,2025-10-15,8.3,6.5
2564,901,2025-Fall,2025-10-04,5.3,3.1
2565,902,2025-Fall,2025-10-08,9.4,6.6
2566,903,2025-Fall,2025-10-04,4.4,8.1
2567,904,2025-Fall,2025-10-19,9.0,8.9
2568,905,2025-Fall,2025-10-28,4.5,7.5
2569,907,2025-Fall,2025-10-01,7.3,7.7
2570,908,2025-Fall,2025-10-31,9.4,7.7
2571,910,2025-Fall,2025-10-07,5.2,8.8
2572,911,2025-Fall,2025-10-27,6.3,7.2
2573,912,2025-Fall,2025-10-02,6.5,5.3
2574,913,2025-Fall,2025-10-28,8.9,6.8
2575,914,2025-Fall,2025-10-08,3.9,7.4
2576,916,2025-Fall,2025-10-28,6.8,4.3
2577,918,2025-Fall,2025-10-12,4.2,8.4
2578,919,2025-Fall,2025-10-08,6.0,6.1
2579,922,2025-Fall,2025-10-26,7.2,7.7
2580,923,2025-Fall,2025-10-05,8.0,3.9
2581,925,2025-Fall,2025-10-07,6.4,7.0
2582,926,2025-Fall,2025-10-11,8.4,7.0
2583,927,2025-Fall,2025-10-05,3.7,7.1
2584,928,2025-Fall,2025-10-22,3.7,4.1
2585,931,2025-Fall,2025-10-10,4.8,9.3
2586,933,2025-Fall,2025-10-13,8.8,6.0
2587,934,2025-Fall,2025-10-31,4.3,7.6
2588,935,2025-Fall,2025-10-09,8.3,6.5
2589,937,2025-Fall,2025-10-19,6.0,8.9
2590,938,2025-Fall,2025-10-16,6.8,4.6
2591,941,2025-Fall,2025-10-18,7.9,5.2
2592,942,2025-Fall,2025-10-24,9.2,4.9
2593,943,2025-Fall,2025-10-10,8.5,4.8
2594,944,2025-Fall,2025-10-15,3.8,3.9
2595,945,2025-Fall,2025-10-11,8.1,6.3
2596,946,2025-Fall,2025-10-02,7.3,4.7
2597,948,2025-Fall,2025-10-16,5.2,3.4
2598,949,2025-Fall,2025-10-03,9.0,4.7
2599,950,2025-Fall,2025-10-09,5.9,3.0
2600,951,2025-Fall,2025-10-06,9.7,9.4
2601,952,2025-Fall,2025-10-11,6.1,9.5
2602,953,2025-Fall,2025-10-04,7.8,3.1
2603,954,2025-Fall,2025-10-12,6.9,6.3
2604,955,2025-Fall,2025-10-24,6.5,3.2
2605,956,2025-Fall,2025-10-21,7.7,4.5
2606,958,2025-Fall,2025-10-11,6.0,9.5
2607,964,2025-Fall,2025-10-25,5.4,7.6
2608,965,2025-Fall,2025-10-08,4.1,9.7
2609,967,2025-Fall,2025-10-13,4.6,5.8
2610,968,2025-Fall,2025-10-25,8.9,5.8
2611,969,2025-Fall,2025-10-08,8.5,8.2
2612,970,2025-Fall,2025-10-26,6.9,4.6
2613,972,2025-Fall,2025-10-26,6.1,5.1
2614,974,2025-Fall,2025-10-10,3.7,4.7
2615,975,2025-Fall,2025-10-26,8.7,6.9
2616,977,2025-Fall,2025-10-25,5.5,5.7
2617,978,2025-Fall,2025-10-31,8.6,8.6
2618,980,2025-Fall,2025-10-10,4.2,3.7
2619,981,2025-Fall,2025-10-06,3.8,6.7
2620,982,2025-Fall,2025-10-03,7.9,8.9
2621,983,2025-Fall,2025-10-29,5.1,6.5
2622,984,2025-Fall,2025-10-30,3.6,7.6
2623,985,2025-Fall,2025-10-01,5.7,8.8
2624,986,2025-Fall,2025-10-10,7.5,5.7
2625,987,2025-Fall,2025-10-14,7.3,3.3
2626,988,2025-Fall,2025-10-06,9.0,4.3
2627,990,2025-Fall,2025-10-26,5.4,9.5
2628,992,2025-Fall,2025-10-11,7.5,5.2
2629,995,2025-Fall,2025-10-14,6.8,9.6
2630,996,2025-Fall,2025-10-26,4.6,6.1
2631,999,2025-Fall,2025-10-28,4.7,4.6
2632,1000,2025-Fall,2025-10-11,6.2,8.7
2633,1001,2025-Fall,2025-10-05,3.6,6.7
2634,1002,2025-Fall,2025-10-11,6.3,9.5
2635,1003,2025-Fall,2025-10-28,8.7,7.5
2636,1004,2025-Fall,2025-10-19,8.8,9.2
2637,1006,2025-Fall,2025-10-14,5.3,3.1
2638,1007,2025-Fall,2025-10-10,3.9,7.4
2639,1009,2025-Fall,2025-10-08,7.7,7.3
2640,1010,2025-Fall,2025-10-05,4.8,7.3
2641,1011,2025-Fall,2025-10-23,9.1,5.5
2642,1013,2025-Fall,2025-10-03,4.3,7.5
2643,1014,2025-Fall,2025-10-25,8.3,4.9
2644,1016,2025-Fall,2025-10-06,6.2,5.1
2645,1017,2025-Fall,2025-10-28,7.3,8.6
2646,1018,2025-Fall,2025-10-06,7.9,6.5
2647,1019,2025-Fall,2025-10-29,5.4,4.4
2648,1020,2025-Fall,2025-10-07,5.6,8.5
2649,1021,2025-Fall,2025-10-06,5.7,7.9
2650,1023,2025-Fall,2025-10-18,7.7,5.9
2651,1025,2025-Fall,2025-10-23,9.7,3.6
2652,1029,2025-Fall,2025-10-23,6.4,5.3
2653,1030,2025-Fall,2025-10-24,8.3,8.3
2654,1031,2025-Fall,2025-10-09,7.4,6.4
2655,1033,2025-Fall,2025-10-23,9.0,9.0
2656,1034,2025-Fall,2025-10-09,3.8,5.4
2657,1037,2025-Fall,2025-10-12,4.0,3.4
2658,1038,2025-Fall,2025-10-22,7.5,5.9
2659,1039,2025-Fall,2025-10-31,8.4,5.4
2660,1040,2025-Fall,2025-10-07,7.5,4.1
2661,1041,2025-Fall,2025-10-01,5.0,5.1
2662,1042,2025-Fall,2025-10-10,4.9,8.2
2663,1044,2025-Fall,2025-10-27,8.3,6.7
2664,1046,2025-Fall,2025-10-01,3.9,9.7
2665,1049,2025-Fall,2025-10-19,5.7,9.3
2666,1051,2025-Fall,2025-10-08,3.6,8.8
2667,1053,2025-Fall,2025-10-28,3.7,8.2
2668,1054,2025-Fall,2025-10-25,7.5,9.4
2669,1056,2025-Fall,2025-10-13,4.4,9.1
2670,4,2026-Spring,2026-04-12,7.3,9.0
2671,10,2026-Spring,2026-04-02,4.6,4.6
2672,12,2026-Spring,2026-04-25,8.5,4.6
2673,16,2026-Spring,2026-04-14,4.6,5.6
2674,20,2026-Spring,2026-04-10,7.4,3.7
2675,21,2026-Spring,2026-04-04,5.5,9.0
2676,22,2026-Spring,2026-04-08,6.0,7.8
2677,23,2026-Spring,2026-04-02,7.7,8.1
2678,25,2026-Spring,2026-04-22,5.8,7.3
2679,26,2026-Spring,2026-04-07,5.7,3.8
2680,27,2026-Spring,2026-04-15,9.1,4.1
2681,30,2026-Spring,2026-04-16,4.7,5.1
2682,34,2026-Spring,2026-04-07,6.3,8.1
2683,35,2026-Spring,2026-04-20,9.1,8.1
2684,36,2026-Spring,2026-04-13,4.0,7.8
2685,40,2026-Spring,2026-04-29,4.6,6.6
2686,42,2026-Spring,2026-04-17,9.7,9.3
2687,44,2026-Spring,2026-04-07,4.3,7.3
2688,50,2026-Spring,2026-04-17,6.3,6.0
2689,51,2026-Spring,2026-04-15,4.7,6.2
2690,52,2026-Spring,2026-04-14,4.2,6.3
2691,53,2026-Spring,2026-04-15,6.6,6.9
2692,59,2026-Spring,2026-04-17,9.2,8.0
2693,60,2026-Spring,2026-04-11,4.3,6.4
2694,61,2026-Spring,2026-04-09,5.6,3.5
2695,64,2026-Spring,2026-04-10,4.2,9.3
2696,70,2026-Spring,2026-04-14,5.0,6.7
2697,71,2026-Spring,2026-04-14,8.8,3.6
2698,72,2026-Spring,2026-04-29,8.7,7.5
2699,73,2026-Spring,2026-04-30,4.2,5.1
2700,75,2026-Spring,2026-04-08,6.6,9.5
2701,78,2026-Spring,2026-04-27,5.8,7.2
2702,84,2026-Spring,2026-04-22,4.2,7.7
2703,86,2026-Spring,2026-04-03,5.7,6.2
2704,88,2026-Spring,2026-04-14,9.1,6.5
2705,89,2026-Spring,2026-04-20,4.1,4.8
2706,91,2026-Spring,2026-04-17,3.9,7.2
2707,94,2026-Spring,2026-04-19,5.9,7.4
2708,96,2026-Spring,2026-04-10,9.2,3.7
2709,97,2026-Spring,2026-04-04,5.3,8.8
2710,98,2026-Spring,2026-04-11,6.9,4.3
2711,100,2026-Spring,2026-04-07,5.9,3.2
2712,105,2026-Spring,2026-04-13,6.2,3.5
2713,107,2026-Spring,2026-04-09,5.0,6.5
2714,110,2026-Spring,2026-04-18,5.5,4.0
2715,111,2026-Spring,2026-04-06,9.7,7.4
2716,112,2026-Spring,2026-04-20,7.3,6.1
2717,116,2026-Spring,2026-04-10,8.1,5.6
2718,118,2026-Spring,2026-04-01,5.0,7.5
2719,119,2026-Spring,2026-04-01,5.1,7.8
2720,121,2026-Spring,2026-04-20,7.4,6.5
2721,123,2026-Spring,2026-04-07,3.8,4.2
2722,124,2026-Spring,2026-04-13,5.0,9.8
2723,126,2026-Spring,2026-04-06,4.8,6.4
2724,129,2026-Spring,2026-04-11,3.9,8.7
2725,131,2026-Spring,2026-04-21,5.9,3.3
2726,133,2026-Spring,2026-04-09,6.4,5.4
2727,135,2026-Spring,2026-04-05,4.5,8.2
2728,136,2026-Spring,2026-04-12,5.1,4.4
2729,142,2026-Spring,2026-04-07,9.6,6.8
2730,147,2026-Spring,2026-04-22,7.6,8.5
2731,148,2026-Spring,2026-04-10,4.4,3.4
2732,149,2026-Spring,2026-04-02,8.0,7.1
2733,151,2026-Spring,2026-04-15,4.5,4.7
2734,152,2026-Spring,2026-04-11,4.1,7.5
2735,153,2026-Spring,2026-04-30,8.9,5.0
2736,156,2026-Spring,2026-04-28,4.1,4.4
2737,160,2026-Spring,2026-04-10,8.0,9.6
2738,162,2026-Spring,2026-04-12,9.3,9.0
2739,164,2026-Spring,2026-04-02,3.8,3.9
2740,167,2026-Spring,2026-04-06,4.6,6.5
2741,168,2026-Spring,2026-04-28,6.4,9.2
2742,169,2026-Spring,2026-04-21,7.3,9.3
2743,171,2026-Spring,2026-04-29,9.2,6.8
2744,172,2026-Spring,2026-04-03,7.5,4.9
2745,175,2026-Spring,2026-04-06,7.3,7.2
2746,177,2026-Spring,2026-04-13,5.8,3.7
2747,178,2026-Spring,2026-04-25,8.6,7.6
2748,180,2026-Spring,2026-04-11,9.8,4.4
2749,181,2026-Spring,2026-04-16,6.1,5.4
2750,182,2026-Spring,2026-04-07,4.0,3.0
2751,183,2026-Spring,2026-04-21,3.9,4.5
2752,186,2026-Spring,2026-04-12,8.5,7.4
2753,188,2026-Spring,2026-04-03,5.4,8.0
2754,190,2026-Spring,2026-04-26,5.6,7.6
2755,195,2026-Spring,2026-04-19,6.7,7.8
2756,196,2026-Spring,2026-04-14,9.1,9.6
2757,198,2026-Spring,2026-04-05,5.8,5.5
2758,200,2026-Spring,2026-04-02,7.4,4.3
2759,202,2026-Spring,2026-04-08,9.4,5.3
2760,204,2026-Spring,2026-04-16,4.7,9.7
2761,206,2026-Spring,2026-04-28,3.6,8.3
2762,209,2026-Spring,2026-04-26,8.0,9.7
2763,211,2026-Spring,2026-04-04,9.6,6.2
2764,212,2026-Spring,2026-04-29,4.2,6.7
2765,213,2026-Spring,2026-04-03,3.7,4.5
2766,214,2026-Spring,2026-04-06,9.1,7.9
2767,216,2026-Spring,2026-04-11,9.6,3.7
2768,217,2026-Spring,2026-04-27,6.1,6.5
2769,219,2026-Spring,2026-04-05,7.0,9.2
2770,220,2026-Spring,2026-04-05,9.4,5.8
2771,221,2026-Spring,2026-04-05,6.1,9.8
2772,222,2026-Spring,2026-04-10,5.2,4.4
2773,223,2026-Spring,2026-04-11,7.6,4.8
2774,224,2026-Spring,2026-04-20,6.0,6.7
2775,225,2026-Spring,2026-04-18,6.7,3.2
2776,228,2026-Spring,2026-04-04,7.5,8.2
2777,229,2026-Spring,2026-04-06,6.2,5.0
2778,231,2026-Spring,2026-04-06,7.9,5.7
2779,232,2026-Spring,2026-04-26,5.2,7.2
2780,233,2026-Spring,2026-04-07,8.0,8.6
2781,234,2026-Spring,2026-04-07,4.0,9.0
2782,236,2026-Spring,2026-04-19,6.4,4.2
2783,238,2026-Spring,2026-04-10,5.6,3.9
2784,245,2026-Spring,2026-04-25,4.5,5.6
2785,250,2026-Spring,2026-04-10,3.6,7.6
2786,252,2026-Spring,2026-04-20,7.4,7.2
2787,253,2026-Spring,2026-04-20,9.7,7.1
2788,254,2026-Spring,2026-04-16,7.9,6.0
2789,260,2026-Spring,2026-04-20,7.1,7.5
2790,266,2026-Spring,2026-04-29,7.5,5.0
2791,274,2026-Spring,2026-04-13,4.2,4.6
2792,275,2026-Spring,2026-04-20,7.9,3.1
2793,277,2026-Spring,2026-04-03,5.8,3.8
2794,282,2026-Spring,2026-04-25,6.0,4.5
2795,285,2026-Spring,2026-04-11,4.8,4.1
2796,286,2026-Spring,2026-04-05,6.7,8.5
2797,287,2026-Spring,2026-04-14,9.6,6.4
2798,290,2026-Spring,2026-04-18,8.7,4.8
2799,291,2026-Spring,2026-04-13,4.5,3.5
2800,294,2026-Spring,2026-04-28,8.3,5.1
2801,298,2026-Spring,2026-04-27,6.4,8.4
2802,304,2026-Spring,2026-04-07,4.0,5.3
2803,305,2026-Spring,2026-04-03,7.7,9.3
2804,311,2026-Spring,2026-04-19,6.1,6.8
2805,313,2026-Spring,2026-04-19,8.3,6.7
2806,314,2026-Spring,2026-04-20,4.7,5.3
2807,315,2026-Spring,2026-04-07,5.1,4.1
2808,317,2026-Spring,2026-04-19,5.2,5.3
2809,320,2026-Spring,2026-04-23,9.0,9.3
2810,325,2026-Spring,2026-04-14,4.4,9.6
2811,327,2026-Spring,2026-04-20,9.1,3.7
2812,330,2026-Spring,2026-04-09,3.8,6.9
2813,335,2026-Spring,2026-04-11,4.3,9.6
2814,337,2026-Spring,2026-04-12,8.5,6.8
2815,338,2026-Spring,2026-04-03,7.9,7.6
2816,339,2026-Spring,2026-04-09,8.0,9.6
2817,346,2026-Spring,2026-04-29,4.7,8.5
2818,347,2026-Spring,2026-04-05,5.5,4.8
2819,349,2026-Spring,2026-04-19,8.2,4.2
2820,350,2026-Spring,2026-04-20,9.3,5.7
2821,352,2026-Spring,2026-04-01,6.9,3.6
2822,355,2026-Spring,2026-04-21,5.2,5.5
2823,356,2026-Spring,2026-04-19,7.9,8.6
2824,358,2026-Spring,2026-04-21,5.6,7.3
2825,359,2026-Spring,2026-04-27,9.5,5.9
2826,361,2026-Spring,2026-04-04,7.0,6.7
2827,362,2026-Spring,2026-04-10,8.4,8.2
2828,364,2026-Spring,2026-04-30,5.1,4.1
2829,366,2026-Spring,2026-04-26,6.6,4.1
2830,367,2026-Spring,2026-04-27,6.4,7.8
2831,368,2026-Spring,2026-04-22,5.1,8.9
2832,369,2026-Spring,2026-04-27,7.8,7.2
2833,370,2026-Spring,2026-04-11,7.6,4.6
2834,371,2026-Spring,2026-04-05,7.7,5.4
2835,373,2026-Spring,2026-04-16,7.3,3.0
2836,375,2026-Spring,2026-04-10,9.2,4.6
2837,378,2026-Spring,2026-04-06,8.3,4.3
2838,379,2026-Spring,2026-04-05,3.7,3.8
2839,381,2026-Spring,2026-04-08,3.7,4.4
2840,383,2026-Spring,2026-04-13,7.1,8.5
2841,386,2026-Spring,2026-04-25,5.1,9.1
2842,387,2026-Spring,2026-04-29,5.0,9.3
2843,389,2026-Spring,2026-04-20,6.1,4.5
2844,391,2026-Spring,2026-04-18,8.2,7.7
2845,393,2026-Spring,2026-04-14,7.6,4.3
2846,395,2026-Spring,2026-04-29,4.8,7.0
2847,400,2026-Spring,2026-04-07,7.5,7.4
2848,401,2026-Spring,2026-04-19,4.2,3.5
2849,405,2026-Spring,2026-04-07,8.9,7.8
2850,408,2026-Spring,2026-04-03,4.8,5.1
2851,412,2026-Spring,2026-04-24,9.3,5.2
2852,413,2026-Spring,2026-04-25,7.5,4.4
2853,420,2026-Spring,2026-04-11,8.1,8.6
2854,423,2026-Spring,2026-04-25,7.4,4.4
2855,424,2026-Spring,2026-04-28,6.1,9.6
2856,425,2026-Spring,2026-04-18,5.0,7.4
2857,427,2026-Spring,2026-04-04,7.7,6.4
2858,430,2026-Spring,2026-04-01,9.5,5.0
2859,432,2026-Spring,2026-04-30,7.9,8.3
2860,434,2026-Spring,2026-04-11,5.3,4.1
2861,436,2026-Spring,2026-04-15,6.7,3.1
2862,439,2026-Spring,2026-04-13,4.7,6.4
2863,440,2026-Spring,2026-04-07,7.6,6.9
2864,443,2026-Spring,2026-04-28,3.6,5.4
2865,444,2026-Spring,2026-04-20,7.5,4.4
2866,447,2026-Spring,2026-04-30,4.5,3.5
2867,449,2026-Spring,2026-04-09,7.8,9.4
2868,450,2026-Spring,2026-04-16,6.1,7.4
2869,452,2026-Spring,2026-04-14,6.5,5.1
2870,453,2026-Spring,2026-04-28,9.3,5.6
2871,455,2026-Spring,2026-04-23,4.7,9.1
2872,457,2026-Spring,2026-04-08,4.8,3.9
2873,458,2026-Spring,2026-04-18,8.1,9.4
2874,459,2026-Spring,2026-04-05,8.6,8.6
2875,460,2026-Spring,2026-04-21,9.5,7.5
2876,463,2026-Spring,2026-04-20,7.1,3.5
2877,466,2026-Spring,2026-04-04,8.9,5.4
2878,467,2026-Spring,2026-04-15,5.7,9.5
2879,472,2026-Spring,2026-04-19,9.5,9.6
2880,474,2026-Spring,2026-04-01,8.7,6.5
2881,475,2026-Spring,2026-04-06,9.6,6.1
2882,476,2026-Spring,2026-04-13,4.0,8.3
2883,479,2026-Spring,2026-04-13,5.9,7.6
2884,480,2026-Spring,2026-04-06,7.4,4.3
2885,483,2026-Spring,2026-04-20,3.8,6.7
2886,484,2026-Spring,2026-04-29,3.8,6.9
2887,486,2026-Spring,2026-04-27,7.9,8.2
2888,487,2026-Spring,2026-04-24,9.5,8.0
2889,492,2026-Spring,2026-04-02,4.4,4.4
2890,495,2026-Spring,2026-04-29,5.0,6.6
2891,499,2026-Spring,2026-04-19,8.7,7.8
2892,503,2026-Spring,2026-04-21,4.5,9.5
2893,504,2026-Spring,2026-04-05,4.7,8.4
2894,505,2026-Spring,2026-04-24,7.0,4.5
2895,506,2026-Spring,2026-04-20,7.8,3.5
2896,509,2026-Spring,2026-04-20,7.2,8.2
2897,510,2026-Spring,2026-04-26,5.0,8.6
2898,511,2026-Spring,2026-04-06,6.3,9.7
2899,514,2026-Spring,2026-04-15,9.4,8.6
2900,515,2026-Spring,2026-04-01,7.5,7.9
2901,516,2026-Spring,2026-04-19,8.4,8.5
2902,520,2026-Spring,2026-04-10,5.1,4.8
2903,522,2026-Spring,2026-04-11,6.4,4.3
2904,524,2026-Spring,2026-04-01,5.9,3.4
2905,526,2026-Spring,2026-04-28,7.0,5.0
2906,527,2026-Spring,2026-04-21,4.3,6.4
2907,528,2026-Spring,2026-04-02,4.6,7.0
2908,531,2026-Spring,2026-04-07,3.6,3.0
2909,532,2026-Spring,2026-04-30,7.6,7.0
2910,536,2026-Spring,2026-04-18,4.2,9.7
2911,539,2026-Spring,2026-04-19,6.1,9.1
2912,541,2026-Spring,2026-04-11,9.8,9.8
2913,545,2026-Spring,2026-04-11,3.8,4.9
2914,546,2026-Spring,2026-04-28,4.6,3.7
2915,549,2026-Spring,2026-04-18,9.1,9.6
2916,550,2026-Spring,2026-04-17,5.3,9.5
2917,552,2026-Spring,2026-04-30,4.2,8.3
2918,553,2026-Spring,2026-04-13,7.2,9.7
2919,558,2026-Spring,2026-04-02,6.8,6.6
2920,560,2026-Spring,2026-04-28,4.2,9.1
2921,564,2026-Spring,2026-04-08,4.3,6.4
2922,566,2026-Spring,2026-04-01,9.7,8.0
2923,567,2026-Spring,2026-04-22,5.4,3.3
2924,568,2026-Spring,2026-04-30,4.5,5.8
2925,570,2026-Spring,2026-04-04,8.0,3.9
2926,576,2026-Spring,2026-04-12,4.0,5.9
2927,577,2026-Spring,2026-04-17,4.0,8.4
2928,578,2026-Spring,2026-04-26,8.4,7.9
2929,579,2026-Spring,2026-04-17,5.2,6.3
2930,581,2026-Spring,2026-04-30,7.4,8.4
2931,582,2026-Spring,2026-04-02,9.1,8.7
2932,583,2026-Spring,2026-04-11,6.8,8.8
2933,591,2026-Spring,2026-04-17,4.0,3.8
2934,593,2026-Spring,2026-04-13,3.8,4.3
2935,595,2026-Spring,2026-04-11,7.5,7.0
2936,596,2026-Spring,2026-04-06,6.7,3.1
2937,601,2026-Spring,2026-04-28,4.4,4.6
2938,602,2026-Spring,2026-04-26,4.0,6.4
2939,603,2026-Spring,2026-04-02,4.4,3.6
2940,604,2026-Spring,2026-04-06,6.4,9.1
2941,605,2026-Spring,2026-04-09,9.0,6.5
2942,608,2026-Spring,2026-04-03,6.9,8.8
2943,609,2026-Spring,2026-04-18,4.9,6.4
2944,613,2026-Spring,2026-04-03,3.6,8.6
2945,615,2026-Spring,2026-04-08,9.7,9.7
2946,616,2026-Spring,2026-04-06,9.8,4.1
2947,617,2026-Spring,2026-04-04,7.9,7.7
2948,620,2026-Spring,2026-04-21,9.1,3.6
2949,630,2026-Spring,2026-04-25,5.4,5.6
2950,631,2026-Spring,2026-04-21,7.2,4.0
2951,632,2026-Spring,2026-04-14,4.9,6.9
2952,634,2026-Spring,2026-04-01,9.4,7.0
2953,635,2026-Spring,2026-04-24,8.1,4.5
2954,636,2026-Spring,2026-04-01,3.9,3.7
2955,638,2026-Spring,2026-04-22,4.0,7.3
2956,639,2026-Spring,2026-04-15,8.4,8.8
2957,640,2026-Spring,2026-04-01,5.9,9.3
2958,641,2026-Spring,2026-04-24,6.0,8.0
2959,643,2026-Spring,2026-04-23,6.9,9.2
2960,648,2026-Spring,2026-04-05,6.8,8.2
2961,651,2026-Spring,2026-04-18,6.0,5.7
2962,652,2026-Spring,2026-04-25,5.3,9.1
2963,653,2026-Spring,2026-04-12,6.3,8.8
2964,655,2026-Spring,2026-04-25,6.4,3.6
2965,658,2026-Spring,2026-04-19,6.1,4.3
2966,660,2026-Spring,2026-04-23,9.6,3.5
2967,661,2026-Spring,2026-04-22,9.6,7.0
2968,665,2026-Spring,2026-04-23,4.5,4.3
2969,668,2026-Spring,2026-04-15,3.9,8.5
2970,669,2026-Spring,2026-04-27,6.8,5.6
2971,671,2026-Spring,2026-04-23,6.9,5.5
2972,672,2026-Spring,2026-04-07,8.8,6.5
2973,673,2026-Spring,2026-04-24,9.3,7.5
2974,675,2026-Spring,2026-04-02,8.4,9.3
2975,678,2026-Spring,2026-04-29,8.6,8.7
2976,679,2026-Spring,2026-04-12,5.9,9.2
2977,680,2026-Spring,2026-04-22,6.2,5.7
2978,681,2026-Spring,2026-04-04,5.6,8.3
2979,689,2026-Spring,2026-04-30,6.6,3.7
2980,693,2026-Spring,2026-04-11,7.4,8.2
2981,695,2026-Spring,2026-04-12,7.1,6.3
2982,698,2026-Spring,2026-04-06,8.6,9.0
2983,700,2026-Spring,2026-04-24,9.0,3.9
2984,701,2026-Spring,2026-04-03,5.7,7.8
2985,704,2026-Spring,2026-04-12,9.0,7.1
2986,705,2026-Spring,2026-04-21,5.1,3.3
2987,706,2026-Spring,2026-04-03,6.7,7.6
2988,707,2026-Spring,2026-04-21,6.8,9.5
2989,711,2026-Spring,2026-04-05,4.5,7.1
2990,712,2026-Spring,2026-04-16,6.9,4.5
2991,714,2026-Spring,2026-04-23,3.5,7.8
2992,716,2026-Spring,2026-04-19,6.9,8.6
2993,717,2026-Spring,2026-04-01,5.3,3.3
2994,718,2026-Spring,2026-04-27,9.0,5.3
2995,719,2026-Spring,2026-04-24,9.3,7.5
2996,720,2026-Spring,2026-04-01,4.2,5.1
2997,722,2026-Spring,2026-04-24,3.5,8.7
2998,723,2026-Spring,2026-04-16,3.7,8.0
2999,725,2026-Spring,2026-04-11,7.3,4.0
3000,729,2026-Spring,2026-04-09,6.0,5.7
3001,737,2026-Spring,2026-04-07,8.3,5.9
3002,738,2026-Spring,2026-04-25,6.9,5.6
3003,739,2026-Spring,2026-04-30,9.5,3.5
3004,741,2026-Spring,2026-04-15,7.7,6.2
3005,742,2026-Spring,2026-04-30,8.0,5.2
3006,743,2026-Spring,2026-04-23,9.3,6.9
3007,745,2026-Spring,2026-04-22,8.5,7.7
3008,748,2026-Spring,2026-04-12,8.9,7.8
3009,749,2026-Spring,2026-04-15,9.3,6.7
3010,750,2026-Spring,2026-04-21,5.2,7.7
3011,751,2026-Spring,2026-04-27,4.5,6.0
3012,753,2026-Spring,2026-04-02,8.5,8.5
3013,754,2026-Spring,2026-04-30,5.6,5.2
3014,755,2026-Spring,2026-04-10,8.8,6.6
3015,757,2026-Spring,2026-04-26,9.0,8.9
3016,759,2026-Spring,2026-04-27,9.3,6.0
3017,763,2026-Spring,2026-04-29,7.1,9.3
3018,764,2026-Spring,2026-04-15,3.9,9.3
3019,766,2026-Spring,2026-04-29,4.6,3.7
3020,767,2026-Spring,2026-04-20,8.6,8.4
3021,769,2026-Spring,2026-04-29,8.2,6.7
3022,771,2026-Spring,2026-04-29,5.5,5.0
3023,772,2026-Spring,2026-04-16,6.9,7.7
3024,773,2026-Spring,2026-04-12,8.8,9.3
3025,774,2026-Spring,2026-04-14,7.7,6.3
3026,776,2026-Spring,2026-04-02,6.7,6.9
3027,777,2026-Spring,2026-04-11,8.4,5.1
3028,778,2026-Spring,2026-04-10,8.6,4.7
3029,783,2026-Spring,2026-04-30,7.2,5.0
3030,785,2026-Spring,2026-04-18,6.1,6.3
3031,787,2026-Spring,2026-04-02,8.4,6.2
3032,789,2026-Spring,2026-04-03,7.9,7.9
3033,790,2026-Spring,2026-04-30,9.6,7.4
3034,794,2026-Spring,2026-04-26,8.7,9.1
3035,796,2026-Spring,2026-04-14,3.9,3.1
3036,797,2026-Spring,2026-04-04,4.1,3.3
3037,800,2026-Spring,2026-04-24,9.6,5.2
3038,802,2026-Spring,2026-04-02,9.7,7.9
3039,803,2026-Spring,2026-04-05,6.8,5.4
3040,807,2026-Spring,2026-04-01,3.7,3.4
3041,808,2026-Spring,2026-04-09,4.0,5.9
3042,811,2026-Spring,2026-04-02,9.5,5.5
3043,812,2026-Spring,2026-04-06,6.6,5.9
3044,817,2026-Spring,2026-04-06,4.2,5.2
3045,818,2026-Spring,2026-04-27,9.3,4.4
3046,821,2026-Spring,2026-04-15,3.7,8.1
3047,822,2026-Spring,2026-04-23,6.0,8.0
3048,824,2026-Spring,2026-04-06,3.5,8.7
3049,825,2026-Spring,2026-04-24,5.3,9.7
3050,826,2026-Spring,2026-04-25,4.4,7.4
3051,829,2026-Spring,2026-04-12,6.1,6.2
3052,832,2026-Spring,2026-04-18,5.5,8.6
3053,834,2026-Spring,2026-04-25,5.3,4.9
3054,835,2026-Spring,2026-04-18,7.3,9.6
3055,838,2026-Spring,2026-04-16,9.0,9.4
3056,839,2026-Spring,2026-04-12,6.8,7.6
3057,840,2026-Spring,2026-04-12,6.0,5.0
3058,841,2026-Spring,2026-04-23,7.2,4.9
3059,843,2026-Spring,2026-04-08,5.2,6.7
3060,844,2026-Spring,2026-04-21,7.4,6.8
3061,846,2026-Spring,2026-04-13,5.7,4.2
3062,847,2026-Spring,2026-04-29,4.8,3.7
3063,848,2026-Spring,2026-04-16,6.8,4.6
3064,851,2026-Spring,2026-04-10,7.0,6.3
3065,852,2026-Spring,2026-04-10,6.3,5.8
3066,853,2026-Spring,2026-04-15,7.7,3.5
3067,855,2026-Spring,2026-04-03,6.8,6.0
3068,861,2026-Spring,2026-04-28,7.1,5.8
3069,862,2026-Spring,2026-04-14,7.7,6.4
3070,863,2026-Spring,2026-04-13,6.3,7.9
3071,864,2026-Spring,2026-04-30,4.6,3.1
3072,867,2026-Spring,2026-04-27,8.8,6.2
3073,870,2026-Spring,2026-04-05,8.7,5.8
3074,871,2026-Spring,2026-04-14,5.6,6.6
3075,872,2026-Spring,2026-04-11,8.4,5.4
3076,873,2026-Spring,2026-04-03,5.3,3.5
3077,877,2026-Spring,2026-04-20,6.7,8.7
3078,878,2026-Spring,2026-04-18,8.2,8.0
3079,879,2026-Spring,2026-04-14,5.5,3.7
3080,880,2026-Spring,2026-04-14,8.8,8.5
3081,882,2026-Spring,2026-04-01,8.5,8.0
3082,884,2026-Spring,2026-04-20,6.1,3.3
3083,888,2026-Spring,2026-04-23,9.0,4.3
3084,889,2026-Spring,2026-04-24,4.3,9.8
3085,891,2026-Spring,2026-04-05,7.8,9.4
3086,892,2026-Spring,2026-04-23,6.6,6.1
3087,898,2026-Spring,2026-04-18,5.0,3.0
3088,900,2026-Spring,2026-04-29,6.4,3.8
3089,901,2026-Spring,2026-04-03,6.7,3.4
3090,903,2026-Spring,2026-04-09,7.3,3.4
3091,906,2026-Spring,2026-04-22,5.5,8.8
3092,907,2026-Spring,2026-04-22,6.6,5.0
3093,908,2026-Spring,2026-04-05,7.0,4.6
3094,910,2026-Spring,2026-04-07,4.3,7.5
3095,912,2026-Spring,2026-04-27,7.5,5.8
3096,914,2026-Spring,2026-04-24,9.8,7.2
3097,915,2026-Spring,2026-04-19,6.7,3.1
3098,916,2026-Spring,2026-04-20,6.8,8.1
3099,917,2026-Spring,2026-04-19,9.7,6.1
3100,918,2026-Spring,2026-04-09,8.3,5.9
3101,919,2026-Spring,2026-04-29,7.6,6.2
3102,920,2026-Spring,2026-04-09,9.3,5.7
3103,921,2026-Spring,2026-04-09,5.7,6.7
3104,922,2026-Spring,2026-04-01,7.3,5.6
3105,924,2026-Spring,2026-04-10,6.4,4.3
3106,925,2026-Spring,2026-04-14,4.4,8.7
3107,926,2026-Spring,2026-04-24,9.7,6.4
3108,927,2026-Spring,2026-04-19,7.2,6.4
3109,930,2026-Spring,2026-04-10,5.9,9.5
3110,931,2026-Spring,2026-04-05,8.1,7.7
3111,935,2026-Spring,2026-04-06,6.4,7.0
3112,938,2026-Spring,2026-04-03,7.8,4.0
3113,939,2026-Spring,2026-04-25,4.0,7.5
3114,941,2026-Spring,2026-04-17,5.7,4.4
3115,942,2026-Spring,2026-04-02,5.5,8.7
3116,944,2026-Spring,2026-04-06,9.8,6.3
3117,945,2026-Spring,2026-04-18,8.9,6.1
3118,946,2026-Spring,2026-04-03,7.4,8.1
3119,947,2026-Spring,2026-04-06,9.6,5.9
3120,948,2026-Spring,2026-04-10,8.3,6.2
3121,950,2026-Spring,2026-04-14,6.4,4.7
3122,951,2026-Spring,2026-04-14,5.2,7.3
3123,953,2026-Spring,2026-04-02,8.6,9.7
3124,955,2026-Spring,2026-04-08,6.9,7.5
3125,956,2026-Spring,2026-04-09,5.0,7.9
3126,958,2026-Spring,2026-04-02,8.2,6.7
3127,959,2026-Spring,2026-04-03,7.4,9.0
3128,960,2026-Spring,2026-04-11,7.3,7.2
3129,961,2026-Spring,2026-04-05,5.2,3.6
3130,964,2026-Spring,2026-04-22,9.0,4.0
3131,967,2026-Spring,2026-04-17,6.7,6.5
3132,969,2026-Spring,2026-04-07,3.6,6.7
3133,970,2026-Spring,2026-04-05,9.3,8.2
3134,971,2026-Spring,2026-04-22,6.1,9.1
3135,972,2026-Spring,2026-04-27,7.4,7.6
3136,974,2026-Spring,2026-04-21,4.7,8.7
3137,975,2026-Spring,2026-04-23,8.7,5.0
3138,979,2026-Spring,2026-04-21,7.3,6.0
3139,981,2026-Spring,2026-04-27,4.2,8.5
3140,983,2026-Spring,2026-04-17,8.8,4.4
3141,984,2026-Spring,2026-04-05,5.4,5.6
3142,985,2026-Spring,2026-04-20,8.1,5.9
3143,986,2026-Spring,2026-04-09,9.6,6.6
3144,987,2026-Spring,2026-04-07,8.0,8.5
3145,989,2026-Spring,2026-04-28,5.7,7.6
3146,990,2026-Spring,2026-04-16,4.4,4.3
3147,991,2026-Spring,2026-04-26,6.5,3.2
3148,992,2026-Spring,2026-04-21,3.9,4.1
3149,993,2026-Spring,2026-04-04,8.2,4.2
3150,994,2026-Spring,2026-04-15,8.6,9.3
3151,995,2026-Spring,2026-04-27,6.9,6.3
3152,996,2026-Spring,2026-04-14,9.4,9.1
3153,998,2026-Spring,2026-04-16,3.8,7.4
3154,1000,2026-Spring,2026-04-20,3.5,8.0
3155,1001,2026-Spring,2026-04-19,8.7,7.5
3156,1003,2026-Spring,2026-04-22,9.8,4.6
3157,1004,2026-Spring,2026-04-07,7.2,8.4
3158,1005,2026-Spring,2026-04-29,4.0,3.8
3159,1007,2026-Spring,2026-04-01,7.8,9.5
3160,1008,2026-Spring,2026-04-28,4.4,3.9
3161,1009,2026-Spring,2026-04-08,4.3,4.1
3162,1010,2026-Spring,2026-04-08,7.1,5.4
3163,1013,2026-Spring,2026-04-19,6.8,5.0
3164,1014,2026-Spring,2026-04-28,6.3,8.7
3165,1015,2026-Spring,2026-04-03,5.3,8.9
3166,1016,2026-Spring,2026-04-26,6.4,5.4
3167,1017,2026-Spring,2026-04-24,4.1,3.8
3168,1018,2026-Spring,2026-04-19,3.8,5.7
3169,1019,2026-Spring,2026-04-24,6.0,6.6
3170,1021,2026-Spring,2026-04-23,6.2,3.3
3171,1022,2026-Spring,2026-04-30,4.7,5.9
3172,1023,2026-Spring,2026-04-12,3.8,7.7
3173,1025,2026-Spring,2026-04-13,8.7,9.5
3174,1026,2026-Spring,2026-04-15,8.4,9.5
3175,1029,2026-Spring,2026-04-28,9.2,9.2
3176,1030,2026-Spring,2026-04-14,7.3,4.7
3177,1034,2026-Spring,2026-04-10,5.9,5.8
3178,1035,2026-Spring,2026-04-25,7.5,7.5
3179,1037,2026-Spring,2026-04-28,9.4,4.9
3180,1039,2026-Spring,2026-04-01,3.5,9.1
3181,1040,2026-Spring,2026-04-23,4.2,8.2
3182,1042,2026-Spring,2026-04-15,6.7,6.3
3183,1043,2026-Spring,2026-04-25,6.5,6.5
3184,1044,2026-Spring,2026-04-06,4.4,8.8
3185,1048,2026-Spring,2026-04-14,8.4,9.1
3186,1049,2026-Spring,2026-04-05,9.0,4.4
3187,1050,2026-Spring,2026-04-11,3.8,5.3
3188,1051,2026-Spring,2026-04-16,6.1,6.1
3189,1054,2026-Spring,2026-04-02,7.9,3.3
3190,1055,2026-Spring,2026-04-12,7.3,8.8
3191,1056,2026-Spring,2026-04-29,5.9,7.4
3192,1057,2026-Spring,2026-04-20,8.2,7.2
3193,1058,2026-Spring,2026-04-07,9.5,6.5
3194,1059,2026-Spring,2026-04-10,3.9,5.7
3195,1060,2026-Spring,2026-04-22,6.0,9.2
3196,1062,2026-Spring,2026-04-11,9.6,5.4
3197,1064,2026-Spring,2026-04-17,3.8,3.1
3198,1065,2026-Spring,2026-04-16,8.4,6.1
3199,1066,2026-Spring,2026-04-23,4.8,6.5
3200,1069,2026-Spring,2026-04-07,6.6,7.5
3201,1070,2026-Spring,2026-04-09,5.1,6.6
3202,1071,2026-Spring,2026-04-01,4.2,4.3
3203,1072,2026-Spring,2026-04-08,6.7,7.9
3204,1075,2026-Spring,2026-04-04,7.0,5.1
3205,1076,2026-Spring,2026-04-06,9.5,8.0
3206,1078,2026-Spring,2026-04-03,6.5,8.5
3207,1080,2026-Spring,2026-04-08,8.8,6.3
3208,1081,2026-Spring,2026-04-02,6.2,4.3
3209,1082,2026-Spring,2026-04-10,8.5,8.6
3210,1083,2026-Spring,2026-04-06,6.5,4.6
3211,1084,2026-Spring,2026-04-18,4.5,5.6
3212,1085,2026-Spring,2026-04-16,6.4,5.8
3213,1088,2026-Spring,2026-04-20,8.2,6.0
3214,1089,2026-Spring,2026-04-04,6.7,7.2
3215,1090,2026-Spring,2026-04-20,9.6,5.6
3216,1092,2026-Spring,2026-04-27,8.1,6.8
3217,1093,2026-Spring,2026-04-05,8.9,7.8
3218,1095,2026-Spring,2026-04-14,5.4,5.5
3219,1097,2026-Spring,2026-04-16,5.5,9.7
3220,1099,2026-Spring,2026-04-09,7.1,9.7
3221,1100,2026-Spring,2026-04-21,7.2,9.7
3222,1101,2026-Spring,2026-04-22,6.0,7.5
3223,1102,2026-Spring,2026-04-13,6.9,4.5
3224,1104,2026-Spring,2026-04-26,7.2,5.6
3225,1105,2026-Spring,2026-04-22,4.6,3.2
3226,1109,2026-Spring,2026-04-05,5.6,5.3
3227,1111,2026-Spring,2026-04-07,8.5,5.4
3228,1112,2026-Spring,2026-04-23,8.0,8.3
3229,1113,2026-Spring,2026-04-21,9.7,4.7
3230,1115,2026-Spring,2026-04-24,8.9,3.3
3231,1116,2026-Spring,2026-04-27,5.0,9.7
3232,1118,2026-Spring,2026-04-03,9.1,8.7
3233,1120,2026-Spring,2026-04-06,9.4,8.8
3234,1122,2026-Spring,2026-04-26,4.8,3.3
3235,1123,2026-Spring,2026-04-22,7.4,4.3
3236,1125,2026-Spring,2026-04-18,4.1,7.5
3237,1126,2026-Spring,2026-04-16,6.3,3.6
3238,1127,2026-Spring,2026-04-10,3.8,3.4
3239,1130,2026-Spring,2026-04-16,5.5,6.1
3240,1132,2026-Spring,2026-04-21,7.4,6.4
3241,1133,2026-Spring,2026-04-01,3.6,3.4
3242,1136,2026-Spring,2026-04-08,3.9,8.7
3243,1137,2026-Spring,2026-04-24,4.2,8.6
3244,1138,2026-Spring,2026-04-09,9.3,3.5
3245,1143,2026-Spring,2026-04-04,5.7,7.3
3246,1146,2026-Spring,2026-04-15,8.3,9.4
3247,1147,2026-Spring,2026-04-08,7.6,7.8
3248,1149,2026-Spring,2026-04-03,6.8,9.3
3249,1151,2026-Spring,2026-04-18,7.1,3.7
3250,1153,2026-Spring,2026-04-24,8.7,4.4
3251,1154,2026-Spring,2026-04-11,7.4,6.0
3252,1155,2026-Spring,2026-04-02,9.4,7.3
3253,1156,2026-Spring,2026-04-10,6.7,8.0
3254,1158,2026-Spring,2026-04-23,7.7,8.1
3255,1161,2026-Spring,2026-04-17,9.1,8.7
3256,1162,2026-Spring,2026-04-14,4.3,6.2
3257,1163,2026-Spring,2026-04-25,7.2,6.7
3258,1164,2026-Spring,2026-04-13,6.0,7.6
3259,1165,2026-Spring,2026-04-13,8.1,6.9
3260,1166,2026-Spring,2026-04-06,8.1,9.7
3261,1168,2026-Spring,2026-04-22,8.8,8.5
3262,1169,2026-Spring,2026-04-26,5.9,6.1
3263,1171,2026-Spring,2026-04-18,8.1,5.5
3264,1172,2026-Spring,2026-04-15,7.7,5.2
3265,1174,2026-Spring,2026-04-14,6.5,7.7
3266,1176,2026-Spring,2026-04-01,3.7,6.1
3267,1177,2026-Spring,2026-04-27,6.1,3.9
3268,1178,2026-Spring,2026-04-08,8.4,4.6
3269,1181,2026-Spring,2026-04-09,6.4,4.9
3270,1182,2026-Spring,2026-04-22,8.0,6.0
3271,1183,2026-Spring,2026-04-13,8.6,6.1
3272,1184,2026-Spring,2026-04-21,8.7,9.2
3273,1185,2026-Spring,2026-04-27,6.0,8.1
3274,1187,2026-Spring,2026-04-15,9.8,9.4
3275,1188,2026-Spring,2026-04-08,4.9,7.3
3276,1189,2026-Spring,2026-04-15,7.8,7.0
3277,1192,2026-Spring,2026-04-29,3.6,4.1
3278,1194,2026-Spring,2026-04-06,7.2,8.6
3279,1195,2026-Spring,2026-04-25,9.0,6.4
3280,1196,2026-Spring,2026-04-07,3.8,6.6
3281,1197,2026-Spring,2026-04-27,7.8,6.0
