review_id,employee_id,review_period,rating,review_date
1,1,2022-Q1,3,2022-03-06
2,2,2022-Q1,3,2022-03-29
3,3,2022-Q1,3,2022-03-12
4,4,2022-Q1,4,2022-03-05
5,5,2022-Q1,4,2022-03-28
6,6,2022-Q1,4,2022-03-16
7,7,2022-Q1,3,2022-03-09
8,8,2022-Q1,4,2022-03-29
9,10,2022-Q1,4,2022-03-12
10,11,2022-Q1,4,2022-03-31
11,12,2022-Q1,4,2022-03-13
12,13,2022-Q1,3,2022-03-13
13,14,2022-Q1,1,2022-03-10
14,15,2022-Q1,2,2022-03-27
15,16,2022-Q1,3,2022-03-22
16,17,2022-Q1,4,2022-03-02
17,18,2022-Q1,4,2022-03-25
18,19,2022-Q1,2,2022-03-12
19,20,2022-Q1,4,2022-03-25
20,21,2022-Q1,4,2022-03-27
21,22,2022-Q1,3,2022-03-19
22,23,2022-Q1,4,2022-03-05
23,24,2022-Q1,4,2022-03-29
24,25,2022-Q1,5,2022-03-30
25,27,2022-Q1,4,2022-03-15
26,28,2022-Q1,2,2022-03-31
27,29,2022-Q1,3,2022-03-13
28,31,2022-Q1,2,2022-03-12
29,32,2022-Q1,3,2022-03-04
30,33,2022-Q1,4,2022-03-22
31,34,2022-Q1,3,2022-03-12
32,35,2022-Q1,4,2022-03-08
33,36,2022-Q1,4,2022-03-20
34,38,2022-Q1,3,2022-03-14
35,39,2022-Q1,4,2022-03-16
36,40,2022-Q1,3,2022-03-15
37,41,2022-Q1,5,2022-03-18
38,42,2022-Q1,3,2022-03-05
39,44,2022-Q1,4,2022-03-31
40,45,2022-Q1,2,2022-03-12
41,46,2022-Q1,3,2022-03-12
42,47,2022-Q1,4,2022-03-22
43,49,2022-Q1,4,2022-03-31
44,50,2022-Q1,4,2022-03-07
45,51,2022-Q1,5,2022-03-08
46,52,2022-Q1,4,2022-03-07
47,53,2022-Q1,4,2022-03-25
48,54,2022-Q1,3,2022-03-05
49,56,2022-Q1,4,2022-03-28
50,57,2022-Q1,3,2022-03-01
51,58,2022-Q1,5,2022-03-17
52,59,2022-Q1,4,2022-03-17
53,60,2022-Q1,4,2022-03-24
54,62,2022-Q1,4,2022-03-15
55,63,2022-Q1,5,2022-03-14
56,64,2022-Q1,3,2022-03-30
57,65,2022-Q1,4,2022-03-05
58,66,2022-Q1,3,2022-03-23
59,67,2022-Q1,4,2022-03-15
60,68,2022-Q1,3,2022-03-26
61,69,2022-Q1,4,2022-03-25
62,71,2022-Q1,2,2022-03-29
63,72,2022-Q1,3,2022-03-14
64,73,2022-Q1,4,2022-03-11
65,75,2022-Q1,3,2022-03-30
66,76,2022-Q1,4,2022-03-03
67,77,2022-Q1,4,2022-03-26
68,78,2022-Q1,4,2022-03-22
69,80,2022-Q1,4,2022-03-10
70,81,2022-Q1,3,2022-03-19
71,82,2022-Q1,4,2022-03-28
72,83,2022-Q1,4,2022-03-09
73,84,2022-Q1,5,2022-03-27
74,86,2022-Q1,2,2022-03-18
75,87,2022-Q1,5,2022-03-09
76,89,2022-Q1,3,2022-03-06
77,91,2022-Q1,3,2022-03-21
78,93,2022-Q1,4,2022-03-17
79,94,2022-Q1,3,2022-03-31
80,95,2022-Q1,4,2022-03-03
81,96,2022-Q1,3,2022-03-03
82,97,2022-Q1,3,2022-03-22
83,98,2022-Q1,3,2022-03-07
84,99,2022-Q1,3,2022-03-04
85,100,2022-Q1,4,2022-03-19
86,101,2022-Q1,4,2022-03-02
87,102,2022-Q1,3,2022-03-05
88,103,2022-Q1,4,2022-03-10
89,104,2022-Q1,3,2022-03-13
90,105,2022-Q1,3,2022-03-08
91,106,2022-Q1,4,2022-03-03
92,107,2022-Q1,2,2022-03-14
93,108,2022-Q1,5,2022-03-19
94,109,2022-Q1,3,2022-03-21
95,110,2022-Q1,4,2022-03-11
96,111,2022-Q1,4,2022-03-30
97,112,2022-Q1,4,2022-03-13
98,113,2022-Q1,4,2022-03-10
99,114,2022-Q1,3,2022-03-21
100,115,2022-Q1,3,2022-03-17
101,116,2022-Q1,4,2022-03-31
102,117,2022-Q1,3,2022-03-08
103,118,2022-Q1,3,2022-03-05
104,119,2022-Q1,4,2022-03-21
105,120,2022-Q1,3,2022-03-15
106,121,2022-Q1,2,2022-03-29
107,122,2022-Q1,3,2022-03-28
108,124,2022-Q1,3,2022-03-15
109,125,2022-Q1,3,2022-03-09
110,126,2022-Q1,4,2022-03-12
111,127,2022-Q1,3,2022-03-27
112,128,2022-Q1,3,2022-03-21
113,131,2022-Q1,3,2022-03-18
114,133,2022-Q1,3,2022-03-02
115,134,2022-Q1,4,2022-03-11
116,135,2022-Q1,2,2022-03-31
117,1,2022-Q2,3,2022-06-18
118,2,2022-Q2,3,2022-06-22
119,3,2022-Q2,3,2022-06-24
120,4,2022-Q2,2,2022-06-16
121,6,2022-Q2,3,2022-06-05
122,7,2022-Q2,3,2022-06-16
123,8,2022-Q2,5,2022-06-02
124,9,2022-Q2,2,2022-06-03
125,11,2022-Q2,3,2022-06-27
126,12,2022-Q2,3,2022-06-03
127,13,2022-Q2,4,2022-06-12
128,15,2022-Q2,3,2022-06-01
129,16,2022-Q2,3,2022-06-17
130,17,2022-Q2,3,2022-06-18
131,19,2022-Q2,4,2022-06-26
132,20,2022-Q2,2,2022-06-30
133,21,2022-Q2,4,2022-06-17
134,22,2022-Q2,4,2022-06-13
135,23,2022-Q2,3,2022-06-27
136,24,2022-Q2,3,2022-06-21
137,26,2022-Q2,4,2022-06-13
138,27,2022-Q2,4,2022-06-01
139,28,2022-Q2,4,2022-06-11
140,30,2022-Q2,2,2022-06-17
141,32,2022-Q2,4,2022-06-19
142,33,2022-Q2,3,2022-06-03
143,34,2022-Q2,3,2022-06-22
144,35,2022-Q2,4,2022-06-30
145,36,2022-Q2,4,2022-06-27
146,37,2022-Q2,4,2022-06-03
147,38,2022-Q2,2,2022-06-11
148,39,2022-Q2,4,2022-06-24
149,40,2022-Q2,3,2022-06-04
150,41,2022-Q2,3,2022-06-27
151,42,2022-Q2,3,2022-06-20
152,43,2022-Q2,3,2022-06-25
153,44,2022-Q2,2,2022-06-15
154,45,2022-Q2,2,2022-06-12
155,46,2022-Q2,3,2022-06-19
156,47,2022-Q2,4,2022-06-03
157,48,2022-Q2,3,2022-06-09
158,49,2022-Q2,4,2022-06-23
159,50,2022-Q2,3,2022-06-03
160,51,2022-Q2,4,2022-06-10
161,52,2022-Q2,4,2022-06-14
162,53,2022-Q2,4,2022-06-14
163,54,2022-Q2,3,2022-06-13
164,55,2022-Q2,3,2022-06-14
165,58,2022-Q2,5,2022-06-29
166,59,2022-Q2,4,2022-06-17
167,60,2022-Q2,3,2022-06-06
168,61,2022-Q2,4,2022-06-14
169,62,2022-Q2,3,2022-06-20
170,63,2022-Q2,5,2022-06-15
171,64,2022-Q2,2,2022-06-11
172,65,2022-Q2,2,2022-06-14
173,66,2022-Q2,5,2022-06-05
174,67,2022-Q2,2,2022-06-23
175,68,2022-Q2,3,2022-06-11
176,69,2022-Q2,5,2022-06-23
177,71,2022-Q2,3,2022-06-26
178,72,2022-Q2,4,2022-06-04
179,73,2022-Q2,4,2022-06-25
180,76,2022-Q2,3,2022-06-23
181,77,2022-Q2,4,2022-06-03
182,78,2022-Q2,2,2022-06-14
183,79,2022-Q2,4,2022-06-09
184,80,2022-Q2,4,2022-06-26
185,81,2022-Q2,3,2022-06-18
186,82,2022-Q2,3,2022-06-30
187,84,2022-Q2,5,2022-06-23
188,86,2022-Q2,4,2022-06-21
189,87,2022-Q2,3,2022-06-06
190,88,2022-Q2,5,2022-06-02
191,89,2022-Q2,2,2022-06-11
192,91,2022-Q2,2,2022-06-01
193,92,2022-Q2,4,2022-06-18
194,93,2022-Q2,5,2022-06-15
195,94,2022-Q2,3,2022-06-05
196,95,2022-Q2,2,2022-06-01
197,96,2022-Q2,3,2022-06-03
198,97,2022-Q2,5,2022-06-24
199,98,2022-Q2,3,2022-06-04
200,100,2022-Q2,3,2022-06-23
201,101,2022-Q2,4,2022-06-23
202,102,2022-Q2,3,2022-06-26
203,103,2022-Q2,4,2022-06-06
204,104,2022-Q2,3,2022-06-14
205,106,2022-Q2,3,2022-06-21
206,107,2022-Q2,4,2022-06-13
207,108,2022-Q2,3,2022-06-07
208,109,2022-Q2,3,2022-06-25
209,110,2022-Q2,4,2022-06-26
210,111,2022-Q2,2,2022-06-11
211,112,2022-Q2,4,2022-06-16
212,113,2022-Q2,4,2022-06-20
213,114,2022-Q2,4,2022-06-15
214,115,2022-Q2,4,2022-06-23
215,117,2022-Q2,3,2022-06-08
216,118,2022-Q2,3,2022-06-06
217,119,2022-Q2,4,2022-06-20
218,120,2022-Q2,4,2022-06-18
219,121,2022-Q2,4,2022-06-16
220,122,2022-Q2,3,2022-06-28
221,123,2022-Q2,4,2022-06-27
222,124,2022-Q2,3,2022-06-21
223,125,2022-Q2,3,2022-06-27
224,126,2022-Q2,3,2022-06-06
225,127,2022-Q2,5,2022-06-10
226,128,2022-Q2,4,2022-06-15
227,129,2022-Q2,2,2022-06-19
228,130,2022-Q2,3,2022-06-25
229,131,2022-Q2,4,2022-06-25
230,132,2022-Q2,3,2022-06-14
231,133,2022-Q2,4,2022-06-10
232,134,2022-Q2,2,2022-06-09
233,135,2022-Q2,4,2022-06-04
234,136,2022-Q2,3,2022-06-26
235,137,2022-Q2,3,2022-06-20
236,138,2022-Q2,2,2022-06-06
237,139,2022-Q2,4,2022-06-26
238,140,2022-Q2,2,2022-06-06
239,141,2022-Q2,3,2022-06-09
240,143,2022-Q2,3,2022-06-29
241,144,2022-Q2,5,2022-06-26
242,145,2022-Q2,5,2022-06-09
243,146,2022-Q2,4,2022-06-23
244,147,2022-Q2,3,2022-06-27
245,148,2022-Q2,2,2022-06-09
246,149,2022-Q2,3,2022-06-13
247,150,2022-Q2,2,2022-06-03
248,151,2022-Q2,2,2022-06-24
249,152,2022-Q2,4,2022-06-16
250,153,2022-Q2,3,2022-06-25
251,154,2022-Q2,5,2022-06-21
252,155,2022-Q2,5,2022-06-03
253,156,2022-Q2,5,2022-06-16
254,157,2022-Q2,3,2022-06-05
255,158,2022-Q2,3,2022-06-22
256,159,2022-Q2,3,2022-06-02
257,160,2022-Q2,4,2022-06-04
258,161,2022-Q2,3,2022-06-15
259,162,2022-Q2,4,2022-06-23
260,164,2022-Q2,3,2022-06-28
261,166,2022-Q2,3,2022-06-12
262,167,2022-Q2,3,2022-06-21
263,168,2022-Q2,3,2022-06-23
264,169,2022-Q2,4,2022-06-14
265,170,2022-Q2,4,2022-06-05
266,171,2022-Q2,3,2022-06-15
267,172,2022-Q2,3,2022-06-28
268,173,2022-Q2,2,2022-06-05
269,174,2022-Q2,3,2022-06-26
270,175,2022-Q2,4,2022-06-11
271,176,2022-Q2,2,2022-06-28
272,2,2022-Q3,4,2022-09-23
273,3,2022-Q3,2,2022-09-28
274,4,2022-Q3,2,2022-09-08
275,6,2022-Q3,3,2022-09-01
276,9,2022-Q3,4,2022-09-16
277,10,2022-Q3,3,2022-09-09
278,11,2022-Q3,3,2022-09-10
279,12,2022-Q3,3,2022-09-29
280,13,2022-Q3,3,2022-09-12
281,14,2022-Q3,4,2022-09-17
282,15,2022-Q3,4,2022-09-04
283,16,2022-Q3,3,2022-09-22
284,17,2022-Q3,3,2022-09-03
285,18,2022-Q3,3,2022-09-09
286,19,2022-Q3,4,2022-09-23
287,20,2022-Q3,4,2022-09-08
288,21,2022-Q3,4,2022-09-26
289,22,2022-Q3,3,2022-09-01
290,23,2022-Q3,4,2022-09-10
291,24,2022-Q3,1,2022-09-27
292,25,2022-Q3,2,2022-09-24
293,26,2022-Q3,3,2022-09-16
294,28,2022-Q3,2,2022-09-17
295,29,2022-Q3,4,2022-09-18
296,30,2022-Q3,4,2022-09-24
297,31,2022-Q3,4,2022-09-11
298,32,2022-Q3,5,2022-09-08
299,33,2022-Q3,4,2022-09-09
300,34,2022-Q3,3,2022-09-04
301,35,2022-Q3,4,2022-09-20
302,36,2022-Q3,3,2022-09-22
303,37,2022-Q3,3,2022-09-28
304,39,2022-Q3,4,2022-09-07
305,43,2022-Q3,4,2022-09-03
306,44,2022-Q3,3,2022-09-06
307,45,2022-Q3,4,2022-09-07
308,46,2022-Q3,4,2022-09-25
309,47,2022-Q3,3,2022-09-14
310,49,2022-Q3,4,2022-09-02
311,50,2022-Q3,5,2022-09-25
312,51,2022-Q3,3,2022-09-22
313,52,2022-Q3,3,2022-09-29
314,53,2022-Q3,3,2022-09-05
315,54,2022-Q3,3,2022-09-03
316,55,2022-Q3,3,2022-09-10
317,59,2022-Q3,2,2022-09-14
318,62,2022-Q3,3,2022-09-29
319,63,2022-Q3,3,2022-09-30
320,65,2022-Q3,3,2022-09-08
321,66,2022-Q3,4,2022-09-01
322,67,2022-Q3,3,2022-09-12
323,68,2022-Q3,4,2022-09-21
324,69,2022-Q3,3,2022-09-02
325,70,2022-Q3,3,2022-09-23
326,71,2022-Q3,3,2022-09-15
327,72,2022-Q3,3,2022-09-05
328,73,2022-Q3,3,2022-09-22
329,75,2022-Q3,3,2022-09-22
330,76,2022-Q3,5,2022-09-20
331,77,2022-Q3,4,2022-09-24
332,78,2022-Q3,3,2022-09-26
333,79,2022-Q3,4,2022-09-09
334,81,2022-Q3,4,2022-09-14
335,83,2022-Q3,3,2022-09-01
336,84,2022-Q3,3,2022-09-30
337,86,2022-Q3,3,2022-09-03
338,87,2022-Q3,3,2022-09-03
339,88,2022-Q3,4,2022-09-08
340,90,2022-Q3,4,2022-09-02
341,92,2022-Q3,3,2022-09-04
342,93,2022-Q3,3,2022-09-25
343,95,2022-Q3,4,2022-09-11
344,96,2022-Q3,4,2022-09-20
345,97,2022-Q3,4,2022-09-15
346,98,2022-Q3,4,2022-09-21
347,100,2022-Q3,4,2022-09-28
348,101,2022-Q3,4,2022-09-19
349,102,2022-Q3,3,2022-09-01
350,106,2022-Q3,4,2022-09-29
351,108,2022-Q3,4,2022-09-01
352,109,2022-Q3,4,2022-09-25
353,110,2022-Q3,4,2022-09-28
354,111,2022-Q3,5,2022-09-23
355,112,2022-Q3,3,2022-09-22
356,113,2022-Q3,2,2022-09-13
357,115,2022-Q3,4,2022-09-20
358,116,2022-Q3,2,2022-09-16
359,119,2022-Q3,3,2022-09-09
360,120,2022-Q3,3,2022-09-08
361,121,2022-Q3,2,2022-09-03
362,122,2022-Q3,4,2022-09-26
363,123,2022-Q3,3,2022-09-16
364,124,2022-Q3,3,2022-09-01
365,125,2022-Q3,3,2022-09-01
366,126,2022-Q3,4,2022-09-26
367,127,2022-Q3,3,2022-09-07
368,128,2022-Q3,4,2022-09-15
369,129,2022-Q3,4,2022-09-15
370,130,2022-Q3,4,2022-09-20
371,131,2022-Q3,3,2022-09-25
372,133,2022-Q3,3,2022-09-01
373,134,2022-Q3,4,2022-09-10
374,135,2022-Q3,2,2022-09-04
375,136,2022-Q3,4,2022-09-23
376,137,2022-Q3,4,2022-09-09
377,138,2022-Q3,4,2022-09-15
378,139,2022-Q3,3,2022-09-11
379,140,2022-Q3,2,2022-09-27
380,141,2022-Q3,4,2022-09-04
381,142,2022-Q3,2,2022-09-05
382,144,2022-Q3,2,2022-09-24
383,145,2022-Q3,5,2022-09-16
384,146,2022-Q3,3,2022-09-30
385,147,2022-Q3,2,2022-09-05
386,148,2022-Q3,3,2022-09-22
387,149,2022-Q3,4,2022-09-13
388,150,2022-Q3,3,2022-09-23
389,151,2022-Q3,3,2022-09-10
390,152,2022-Q3,5,2022-09-05
391,153,2022-Q3,4,2022-09-11
392,155,2022-Q3,3,2022-09-07
393,156,2022-Q3,3,2022-09-30
394,157,2022-Q3,2,2022-09-23
395,158,2022-Q3,4,2022-09-23
396,159,2022-Q3,3,2022-09-25
397,160,2022-Q3,2,2022-09-22
398,161,2022-Q3,4,2022-09-22
399,162,2022-Q3,3,2022-09-26
400,163,2022-Q3,5,2022-09-04
401,164,2022-Q3,3,2022-09-10
402,165,2022-Q3,5,2022-09-05
403,166,2022-Q3,3,2022-09-02
404,167,2022-Q3,5,2022-09-15
405,168,2022-Q3,4,2022-09-13
406,169,2022-Q3,5,2022-09-22
407,172,2022-Q3,3,2022-09-09
408,173,2022-Q3,3,2022-09-28
409,174,2022-Q3,4,2022-09-30
410,175,2022-Q3,2,2022-09-12
411,176,2022-Q3,2,2022-09-25
412,177,2022-Q3,3,2022-09-07
413,178,2022-Q3,4,2022-09-06
414,179,2022-Q3,4,2022-09-04
415,180,2022-Q3,3,2022-09-19
416,181,2022-Q3,3,2022-09-01
417,182,2022-Q3,3,2022-09-05
418,184,2022-Q3,3,2022-09-25
419,186,2022-Q3,3,2022-09-19
420,187,2022-Q3,3,2022-09-03
421,188,2022-Q3,3,2022-09-06
422,189,2022-Q3,4,2022-09-26
423,190,2022-Q3,3,2022-09-08
424,192,2022-Q3,3,2022-09-11
425,194,2022-Q3,4,2022-09-17
426,195,2022-Q3,5,2022-09-25
427,196,2022-Q3,3,2022-09-29
428,197,2022-Q3,3,2022-09-30
429,198,2022-Q3,5,2022-09-11
430,199,2022-Q3,3,2022-09-04
431,200,2022-Q3,3,2022-09-30
432,201,2022-Q3,3,2022-09-25
433,202,2022-Q3,4,2022-09-02
434,203,2022-Q3,3,2022-09-04
435,204,2022-Q3,4,2022-09-01
436,205,2022-Q3,3,2022-09-21
437,206,2022-Q3,4,2022-09-04
438,207,2022-Q3,3,2022-09-21
439,208,2022-Q3,4,2022-09-01
440,209,2022-Q3,4,2022-09-03
441,210,2022-Q3,3,2022-09-09
442,211,2022-Q3,3,2022-09-15
443,212,2022-Q3,3,2022-09-22
444,213,2022-Q3,3,2022-09-01
445,214,2022-Q3,2,2022-09-19
446,215,2022-Q3,2,2022-09-28
447,216,2022-Q3,4,2022-09-26
448,217,2022-Q3,3,2022-09-10
449,218,2022-Q3,3,2022-09-22
450,219,2022-Q3,4,2022-09-06
451,220,2022-Q3,2,2022-09-18
452,221,2022-Q3,4,2022-09-21
453,222,2022-Q3,4,2022-09-28
454,223,2022-Q3,3,2022-09-01
455,224,2022-Q3,3,2022-09-03
456,225,2022-Q3,4,2022-09-24
457,226,2022-Q3,4,2022-09-28
458,227,2022-Q3,5,2022-09-08
459,228,2022-Q3,4,2022-09-19
460,232,2022-Q3,4,2022-09-18
461,233,2022-Q3,3,2022-09-11
462,2,2022-Q4,2,2022-12-12
463,3,2022-Q4,3,2022-12-06
464,4,2022-Q4,4,2022-12-02
465,10,2022-Q4,3,2022-12-07
466,11,2022-Q4,3,2022-12-30
467,13,2022-Q4,2,2022-12-28
468,14,2022-Q4,3,2022-12-08
469,15,2022-Q4,4,2022-12-27
470,16,2022-Q4,2,2022-12-20
471,18,2022-Q4,2,2022-12-23
472,19,2022-Q4,3,2022-12-17
473,20,2022-Q4,2,2022-12-29
474,22,2022-Q4,4,2022-12-13
475,23,2022-Q4,2,2022-12-31
476,25,2022-Q4,4,2022-12-10
477,27,2022-Q4,3,2022-12-10
478,28,2022-Q4,4,2022-12-02
479,30,2022-Q4,3,2022-12-17
480,31,2022-Q4,3,2022-12-25
481,32,2022-Q4,4,2022-12-13
482,33,2022-Q4,3,2022-12-06
483,34,2022-Q4,5,2022-12-29
484,35,2022-Q4,2,2022-12-23
485,36,2022-Q4,3,2022-12-24
486,37,2022-Q4,3,2022-12-04
487,39,2022-Q4,3,2022-12-23
488,40,2022-Q4,3,2022-12-26
489,42,2022-Q4,4,2022-12-02
490,44,2022-Q4,4,2022-12-22
491,45,2022-Q4,4,2022-12-02
492,46,2022-Q4,4,2022-12-25
493,47,2022-Q4,4,2022-12-31
494,48,2022-Q4,5,2022-12-16
495,49,2022-Q4,5,2022-12-08
496,50,2022-Q4,3,2022-12-03
497,51,2022-Q4,5,2022-12-09
498,52,2022-Q4,3,2022-12-27
499,53,2022-Q4,4,2022-12-12
500,54,2022-Q4,4,2022-12-20
501,55,2022-Q4,4,2022-12-10
502,58,2022-Q4,3,2022-12-20
503,59,2022-Q4,1,2022-12-24
504,60,2022-Q4,3,2022-12-30
505,61,2022-Q4,3,2022-12-29
506,62,2022-Q4,3,2022-12-03
507,63,2022-Q4,4,2022-12-16
508,64,2022-Q4,3,2022-12-14
509,65,2022-Q4,3,2022-12-04
510,66,2022-Q4,2,2022-12-21
511,67,2022-Q4,4,2022-12-20
512,69,2022-Q4,4,2022-12-20
513,70,2022-Q4,2,2022-12-30
514,71,2022-Q4,3,2022-12-19
515,72,2022-Q4,3,2022-12-26
516,73,2022-Q4,2,2022-12-20
517,75,2022-Q4,3,2022-12-04
518,76,2022-Q4,4,2022-12-21
519,77,2022-Q4,4,2022-12-14
520,78,2022-Q4,4,2022-12-18
521,79,2022-Q4,3,2022-12-09
522,80,2022-Q4,2,2022-12-10
523,81,2022-Q4,2,2022-12-04
524,82,2022-Q4,3,2022-12-11
525,83,2022-Q4,2,2022-12-27
526,84,2022-Q4,3,2022-12-11
527,86,2022-Q4,4,2022-12-16
528,87,2022-Q4,3,2022-12-16
529,88,2022-Q4,2,2022-12-29
530,89,2022-Q4,4,2022-12-26
531,91,2022-Q4,2,2022-12-22
532,92,2022-Q4,3,2022-12-18
533,93,2022-Q4,3,2022-12-30
534,95,2022-Q4,3,2022-12-05
535,96,2022-Q4,5,2022-12-21
536,97,2022-Q4,4,2022-12-20
537,98,2022-Q4,4,2022-12-23
538,100,2022-Q4,2,2022-12-09
539,101,2022-Q4,3,2022-12-15
540,102,2022-Q4,3,2022-12-10
541,103,2022-Q4,3,2022-12-26
542,105,2022-Q4,4,2022-12-07
543,106,2022-Q4,4,2022-12-17
544,107,2022-Q4,4,2022-12-17
545,108,2022-Q4,3,2022-12-31
546,109,2022-Q4,3,2022-12-05
547,110,2022-Q4,4,2022-12-28
548,111,2022-Q4,4,2022-12-30
549,112,2022-Q4,4,2022-12-25
550,113,2022-Q4,3,2022-12-19
551,115,2022-Q4,3,2022-12-07
552,116,2022-Q4,3,2022-12-09
553,117,2022-Q4,4,2022-12-09
554,119,2022-Q4,2,2022-12-04
555,120,2022-Q4,3,2022-12-05
556,122,2022-Q4,4,2022-12-19
557,124,2022-Q4,4,2022-12-29
558,125,2022-Q4,3,2022-12-02
559,126,2022-Q4,2,2022-12-29
560,127,2022-Q4,4,2022-12-27
561,128,2022-Q4,3,2022-12-07
562,129,2022-Q4,4,2022-12-22
563,130,2022-Q4,5,2022-12-19
564,131,2022-Q4,3,2022-12-15
565,133,2022-Q4,3,2022-12-16
566,134,2022-Q4,2,2022-12-08
567,135,2022-Q4,4,2022-12-12
568,136,2022-Q4,3,2022-12-22
569,137,2022-Q4,4,2022-12-16
570,138,2022-Q4,3,2022-12-28
571,139,2022-Q4,4,2022-12-05
572,140,2022-Q4,2,2022-12-23
573,141,2022-Q4,3,2022-12-26
574,142,2022-Q4,4,2022-12-15
575,144,2022-Q4,3,2022-12-16
576,145,2022-Q4,3,2022-12-11
577,146,2022-Q4,3,2022-12-14
578,147,2022-Q4,3,2022-12-11
579,148,2022-Q4,4,2022-12-03
580,149,2022-Q4,5,2022-12-27
581,150,2022-Q4,2,2022-12-27
582,151,2022-Q4,4,2022-12-10
583,152,2022-Q4,5,2022-12-25
584,153,2022-Q4,4,2022-12-21
585,154,2022-Q4,4,2022-12-29
586,155,2022-Q4,2,2022-12-25
587,156,2022-Q4,4,2022-12-13
588,157,2022-Q4,4,2022-12-07
589,158,2022-Q4,2,2022-12-10
590,162,2022-Q4,3,2022-12-30
591,163,2022-Q4,3,2022-12-17
592,164,2022-Q4,3,2022-12-05
593,166,2022-Q4,5,2022-12-01
594,167,2022-Q4,2,2022-12-12
595,168,2022-Q4,3,2022-12-14
596,169,2022-Q4,4,2022-12-13
597,170,2022-Q4,3,2022-12-07
598,171,2022-Q4,4,2022-12-16
599,172,2022-Q4,5,2022-12-22
600,173,2022-Q4,5,2022-12-24
601,174,2022-Q4,4,2022-12-05
602,175,2022-Q4,3,2022-12-15
603,177,2022-Q4,4,2022-12-15
604,178,2022-Q4,3,2022-12-15
605,179,2022-Q4,4,2022-12-01
606,180,2022-Q4,4,2022-12-08
607,181,2022-Q4,4,2022-12-02
608,182,2022-Q4,3,2022-12-23
609,183,2022-Q4,2,2022-12-03
610,184,2022-Q4,2,2022-12-24
611,185,2022-Q4,4,2022-12-09
612,186,2022-Q4,2,2022-12-29
613,187,2022-Q4,3,2022-12-22
614,189,2022-Q4,5,2022-12-21
615,190,2022-Q4,2,2022-12-18
616,191,2022-Q4,2,2022-12-16
617,192,2022-Q4,4,2022-12-11
618,195,2022-Q4,3,2022-12-10
619,196,2022-Q4,3,2022-12-10
620,197,2022-Q4,2,2022-12-19
621,198,2022-Q4,3,2022-12-19
622,199,2022-Q4,3,2022-12-10
623,200,2022-Q4,3,2022-12-03
624,201,2022-Q4,3,2022-12-03
625,203,2022-Q4,4,2022-12-28
626,204,2022-Q4,4,2022-12-19
627,205,2022-Q4,3,2022-12-26
628,206,2022-Q4,4,2022-12-16
629,207,2022-Q4,4,2022-12-30
630,208,2022-Q4,4,2022-12-25
631,209,2022-Q4,3,2022-12-21
632,210,2022-Q4,4,2022-12-19
633,211,2022-Q4,3,2022-12-04
634,212,2022-Q4,2,2022-12-15
635,213,2022-Q4,3,2022-12-25
636,215,2022-Q4,5,2022-12-22
637,216,2022-Q4,4,2022-12-01
638,217,2022-Q4,5,2022-12-31
639,220,2022-Q4,3,2022-12-28
640,221,2022-Q4,3,2022-12-30
641,222,2022-Q4,3,2022-12-26
642,223,2022-Q4,4,2022-12-21
643,224,2022-Q4,3,2022-12-22
644,225,2022-Q4,3,2022-12-07
645,226,2022-Q4,2,2022-12-11
646,227,2022-Q4,1,2022-12-22
647,228,2022-Q4,4,2022-12-17
648,229,2022-Q4,4,2022-12-09
649,230,2022-Q4,2,2022-12-07
650,232,2022-Q4,2,2022-12-23
651,234,2022-Q4,3,2022-12-25
652,236,2022-Q4,3,2022-12-31
653,237,2022-Q4,4,2022-12-10
654,239,2022-Q4,4,2022-12-30
655,240,2022-Q4,3,2022-12-25
656,241,2022-Q4,2,2022-12-06
657,242,2022-Q4,3,2022-12-13
658,243,2022-Q4,4,2022-12-02
659,244,2022-Q4,2,2022-12-20
660,245,2022-Q4,3,2022-12-21
661,247,2022-Q4,4,2022-12-07
662,248,2022-Q4,4,2022-12-15
663,249,2022-Q4,4,2022-12-09
664,250,2022-Q4,4,2022-12-16
665,251,2022-Q4,3,2022-12-29
666,252,2022-Q4,5,2022-12-01
667,254,2022-Q4,2,2022-12-25
668,255,2022-Q4,4,2022-12-03
669,256,2022-Q4,5,2022-12-16
670,257,2022-Q4,3,2022-12-10
671,258,2022-Q4,2,2022-12-03
672,259,2022-Q4,2,2022-12-28
673,261,2022-Q4,2,2022-12-21
674,262,2022-Q4,4,2022-12-18
675,263,2022-Q4,3,2022-12-23
676,264,2022-Q4,4,2022-12-03
677,2,2023-Q1,3,2023-03-08
678,3,2023-Q1,3,2023-03-07
679,4,2023-Q1,4,2023-03-16
680,6,2023-Q1,3,2023-03-21
681,9,2023-Q1,3,2023-03-26
682,10,2023-Q1,4,2023-03-22
683,11,2023-Q1,5,2023-03-26
684,12,2023-Q1,4,2023-03-10
685,16,2023-Q1,3,2023-03-03
686,17,2023-Q1,4,2023-03-27
687,18,2023-Q1,4,2023-03-30
688,21,2023-Q1,4,2023-03-29
689,22,2023-Q1,3,2023-03-24
690,23,2023-Q1,3,2023-03-30
691,25,2023-Q1,4,2023-03-09
692,26,2023-Q1,4,2023-03-19
693,28,2023-Q1,2,2023-03-31
694,29,2023-Q1,4,2023-03-26
695,30,2023-Q1,3,2023-03-01
696,31,2023-Q1,2,2023-03-29
697,32,2023-Q1,4,2023-03-31
698,33,2023-Q1,2,2023-03-18
699,34,2023-Q1,3,2023-03-29
700,35,2023-Q1,2,2023-03-04
701,36,2023-Q1,3,2023-03-01
702,40,2023-Q1,4,2023-03-30
703,42,2023-Q1,4,2023-03-15
704,44,2023-Q1,3,2023-03-14
705,45,2023-Q1,3,2023-03-25
706,47,2023-Q1,4,2023-03-14
707,48,2023-Q1,2,2023-03-04
708,49,2023-Q1,4,2023-03-23
709,50,2023-Q1,4,2023-03-15
710,51,2023-Q1,2,2023-03-21
711,52,2023-Q1,2,2023-03-05
712,53,2023-Q1,2,2023-03-07
713,54,2023-Q1,3,2023-03-06
714,55,2023-Q1,4,2023-03-23
715,58,2023-Q1,4,2023-03-22
716,60,2023-Q1,2,2023-03-28
717,61,2023-Q1,3,2023-03-27
718,62,2023-Q1,5,2023-03-10
719,63,2023-Q1,2,2023-03-19
720,64,2023-Q1,4,2023-03-31
721,65,2023-Q1,5,2023-03-07
722,66,2023-Q1,2,2023-03-14
723,67,2023-Q1,5,2023-03-06
724,68,2023-Q1,5,2023-03-23
725,69,2023-Q1,5,2023-03-16
726,71,2023-Q1,3,2023-03-09
727,72,2023-Q1,3,2023-03-28
728,73,2023-Q1,3,2023-03-07
729,76,2023-Q1,3,2023-03-14
730,77,2023-Q1,3,2023-03-01
731,78,2023-Q1,3,2023-03-30
732,79,2023-Q1,5,2023-03-19
733,80,2023-Q1,4,2023-03-11
734,81,2023-Q1,3,2023-03-07
735,82,2023-Q1,3,2023-03-09
736,83,2023-Q1,2,2023-03-18
737,84,2023-Q1,3,2023-03-30
738,86,2023-Q1,4,2023-03-20
739,88,2023-Q1,3,2023-03-09
740,89,2023-Q1,3,2023-03-13
741,90,2023-Q1,3,2023-03-31
742,92,2023-Q1,4,2023-03-06
743,94,2023-Q1,3,2023-03-05
744,95,2023-Q1,4,2023-03-11
745,96,2023-Q1,4,2023-03-29
746,97,2023-Q1,3,2023-03-14
747,100,2023-Q1,5,2023-03-05
748,102,2023-Q1,3,2023-03-15
749,103,2023-Q1,4,2023-03-02
750,105,2023-Q1,4,2023-03-15
751,109,2023-Q1,3,2023-03-16
752,110,2023-Q1,4,2023-03-04
753,112,2023-Q1,5,2023-03-06
754,113,2023-Q1,4,2023-03-27
755,115,2023-Q1,3,2023-03-25
756,116,2023-Q1,3,2023-03-14
757,118,2023-Q1,3,2023-03-11
758,119,2023-Q1,3,2023-03-22
759,121,2023-Q1,2,2023-03-04
760,122,2023-Q1,5,2023-03-05
761,123,2023-Q1,1,2023-03-20
762,124,2023-Q1,4,2023-03-11
763,125,2023-Q1,4,2023-03-24
764,127,2023-Q1,3,2023-03-05
765,128,2023-Q1,4,2023-03-11
766,129,2023-Q1,4,2023-03-18
767,130,2023-Q1,3,2023-03-31
768,131,2023-Q1,4,2023-03-13
769,133,2023-Q1,2,2023-03-31
770,135,2023-Q1,4,2023-03-04
771,136,2023-Q1,3,2023-03-05
772,137,2023-Q1,5,2023-03-04
773,138,2023-Q1,2,2023-03-16
774,139,2023-Q1,4,2023-03-20
775,140,2023-Q1,4,2023-03-14
776,141,2023-Q1,2,2023-03-17
777,142,2023-Q1,3,2023-03-22
778,144,2023-Q1,4,2023-03-30
779,145,2023-Q1,3,2023-03-14
780,146,2023-Q1,3,2023-03-26
781,147,2023-Q1,4,2023-03-29
782,148,2023-Q1,4,2023-03-14
783,150,2023-Q1,3,2023-03-15
784,151,2023-Q1,3,2023-03-19
785,152,2023-Q1,3,2023-03-25
786,153,2023-Q1,4,2023-03-04
787,154,2023-Q1,4,2023-03-02
788,155,2023-Q1,2,2023-03-24
789,156,2023-Q1,3,2023-03-09
790,157,2023-Q1,2,2023-03-30
791,160,2023-Q1,4,2023-03-20
792,161,2023-Q1,5,2023-03-01
793,162,2023-Q1,3,2023-03-13
794,165,2023-Q1,3,2023-03-16
795,166,2023-Q1,4,2023-03-23
796,167,2023-Q1,2,2023-03-13
797,168,2023-Q1,4,2023-03-07
798,170,2023-Q1,4,2023-03-21
799,172,2023-Q1,5,2023-03-05
800,173,2023-Q1,4,2023-03-06
801,175,2023-Q1,3,2023-03-01
802,177,2023-Q1,4,2023-03-07
803,178,2023-Q1,5,2023-03-23
804,179,2023-Q1,3,2023-03-16
805,180,2023-Q1,3,2023-03-10
806,181,2023-Q1,3,2023-03-13
807,182,2023-Q1,2,2023-03-22
808,185,2023-Q1,3,2023-03-02
809,186,2023-Q1,3,2023-03-03
810,187,2023-Q1,4,2023-03-21
811,188,2023-Q1,2,2023-03-12
812,189,2023-Q1,3,2023-03-14
813,190,2023-Q1,3,2023-03-12
814,191,2023-Q1,4,2023-03-17
815,195,2023-Q1,2,2023-03-24
816,196,2023-Q1,4,2023-03-31
817,198,2023-Q1,3,2023-03-28
818,199,2023-Q1,4,2023-03-07
819,200,2023-Q1,4,2023-03-16
820,201,2023-Q1,4,2023-03-07
821,203,2023-Q1,3,2023-03-06
822,204,2023-Q1,5,2023-03-29
823,205,2023-Q1,3,2023-03-08
824,206,2023-Q1,4,2023-03-08
825,208,2023-Q1,4,2023-03-18
826,210,2023-Q1,2,2023-03-04
827,211,2023-Q1,4,2023-03-15
828,212,2023-Q1,3,2023-03-04
829,213,2023-Q1,2,2023-03-04
830,214,2023-Q1,2,2023-03-02
831,216,2023-Q1,4,2023-03-07
832,217,2023-Q1,4,2023-03-10
833,219,2023-Q1,2,2023-03-05
834,220,2023-Q1,3,2023-03-11
835,221,2023-Q1,4,2023-03-14
836,222,2023-Q1,4,2023-03-27
837,223,2023-Q1,3,2023-03-12
838,224,2023-Q1,3,2023-03-14
839,225,2023-Q1,3,2023-03-25
840,226,2023-Q1,3,2023-03-26
841,227,2023-Q1,4,2023-03-14
842,229,2023-Q1,3,2023-03-22
843,230,2023-Q1,4,2023-03-01
844,231,2023-Q1,3,2023-03-03
845,232,2023-Q1,3,2023-03-06
846,233,2023-Q1,5,2023-03-13
847,234,2023-Q1,2,2023-03-02
848,237,2023-Q1,2,2023-03-29
849,238,2023-Q1,3,2023-03-22
850,239,2023-Q1,4,2023-03-28
851,240,2023-Q1,3,2023-03-09
852,242,2023-Q1,3,2023-03-05
853,243,2023-Q1,3,2023-03-18
854,244,2023-Q1,4,2023-03-20
855,245,2023-Q1,4,2023-03-13
856,248,2023-Q1,2,2023-03-18
857,249,2023-Q1,3,2023-03-05
858,250,2023-Q1,2,2023-03-18
859,251,2023-Q1,4,2023-03-17
860,252,2023-Q1,4,2023-03-01
861,253,2023-Q1,4,2023-03-14
862,254,2023-Q1,3,2023-03-02
863,255,2023-Q1,3,2023-03-04
864,256,2023-Q1,4,2023-03-21
865,257,2023-Q1,3,2023-03-11
866,259,2023-Q1,3,2023-03-19
867,260,2023-Q1,4,2023-03-18
868,261,2023-Q1,3,2023-03-10
869,262,2023-Q1,4,2023-03-22
870,263,2023-Q1,2,2023-03-11
871,264,2023-Q1,4,2023-03-15
872,265,2023-Q1,5,2023-03-02
873,266,2023-Q1,3,2023-03-22
874,267,2023-Q1,4,2023-03-19
875,268,2023-Q1,4,2023-03-21
876,269,2023-Q1,3,2023-03-30
877,271,2023-Q1,3,2023-03-17
878,272,2023-Q1,4,2023-03-23
879,274,2023-Q1,2,2023-03-15
880,275,2023-Q1,3,2023-03-24
881,276,2023-Q1,2,2023-03-04
882,277,2023-Q1,3,2023-03-14
883,278,2023-Q1,3,2023-03-17
884,279,2023-Q1,4,2023-03-12
885,281,2023-Q1,3,2023-03-05
886,282,2023-Q1,4,2023-03-19
887,284,2023-Q1,3,2023-03-24
888,285,2023-Q1,4,2023-03-04
889,286,2023-Q1,4,2023-03-10
890,288,2023-Q1,4,2023-03-16
891,289,2023-Q1,4,2023-03-21
892,290,2023-Q1,4,2023-03-15
893,291,2023-Q1,3,2023-03-08
894,293,2023-Q1,3,2023-03-02
895,296,2023-Q1,2,2023-03-23
896,297,2023-Q1,2,2023-03-21
897,298,2023-Q1,3,2023-03-04
898,299,2023-Q1,2,2023-03-03
899,300,2023-Q1,3,2023-03-02
900,302,2023-Q1,3,2023-03-25
901,303,2023-Q1,4,2023-03-30
902,305,2023-Q1,3,2023-03-07
903,306,2023-Q1,3,2023-03-15
904,307,2023-Q1,2,2023-03-18
905,308,2023-Q1,3,2023-03-28
906,310,2023-Q1,4,2023-03-06
907,312,2023-Q1,3,2023-03-04
908,313,2023-Q1,4,2023-03-10
909,314,2023-Q1,5,2023-03-02
910,315,2023-Q1,3,2023-03-01
911,316,2023-Q1,3,2023-03-05
912,317,2023-Q1,4,2023-03-11
913,318,2023-Q1,3,2023-03-08
914,319,2023-Q1,4,2023-03-25
915,321,2023-Q1,3,2023-03-03
916,322,2023-Q1,4,2023-03-14
917,324,2023-Q1,2,2023-03-04
918,325,2023-Q1,3,2023-03-18
919,326,2023-Q1,4,2023-03-15
920,327,2023-Q1,4,2023-03-05
921,329,2023-Q1,3,2023-03-30
922,330,2023-Q1,3,2023-03-02
923,331,2023-Q1,2,2023-03-10
924,332,2023-Q1,4,2023-03-06
925,333,2023-Q1,3,2023-03-12
926,334,2023-Q1,5,2023-03-07
927,335,2023-Q1,5,2023-03-19
928,336,2023-Q1,4,2023-03-05
929,339,2023-Q1,2,2023-03-29
930,340,2023-Q1,3,2023-03-11
931,2,2023-Q2,3,2023-06-23
932,3,2023-Q2,4,2023-06-19
933,4,2023-Q2,3,2023-06-12
934,6,2023-Q2,4,2023-06-28
935,9,2023-Q2,2,2023-06-28
936,10,2023-Q2,5,2023-06-05
937,13,2023-Q2,4,2023-06-05
938,16,2023-Q2,3,2023-06-01
939,17,2023-Q2,3,2023-06-04
940,18,2023-Q2,4,2023-06-03
941,19,2023-Q2,4,2023-06-05
942,20,2023-Q2,4,2023-06-14
943,21,2023-Q2,1,2023-06-16
944,22,2023-Q2,3,2023-06-11
945,23,2023-Q2,3,2023-06-04
946,25,2023-Q2,3,2023-06-29
947,26,2023-Q2,3,2023-06-06
948,27,2023-Q2,3,2023-06-27
949,28,2023-Q2,4,2023-06-23
950,30,2023-Q2,3,2023-06-23
951,31,2023-Q2,4,2023-06-03
952,33,2023-Q2,3,2023-06-07
953,34,2023-Q2,4,2023-06-27
954,35,2023-Q2,4,2023-06-27
955,36,2023-Q2,2,2023-06-06
956,39,2023-Q2,2,2023-06-12
957,40,2023-Q2,4,2023-06-03
958,42,2023-Q2,4,2023-06-11
959,43,2023-Q2,3,2023-06-30
960,44,2023-Q2,4,2023-06-18
961,45,2023-Q2,4,2023-06-19
962,46,2023-Q2,3,2023-06-02
963,47,2023-Q2,3,2023-06-12
964,48,2023-Q2,3,2023-06-13
965,49,2023-Q2,3,2023-06-12
966,51,2023-Q2,4,2023-06-04
967,53,2023-Q2,2,2023-06-01
968,54,2023-Q2,3,2023-06-13
969,55,2023-Q2,4,2023-06-06
970,58,2023-Q2,3,2023-06-23
971,59,2023-Q2,4,2023-06-05
972,60,2023-Q2,5,2023-06-17
973,61,2023-Q2,2,2023-06-11
974,62,2023-Q2,2,2023-06-05
975,63,2023-Q2,2,2023-06-14
976,64,2023-Q2,5,2023-06-23
977,65,2023-Q2,4,2023-06-03
978,66,2023-Q2,4,2023-06-16
979,67,2023-Q2,5,2023-06-03
980,68,2023-Q2,3,2023-06-06
981,71,2023-Q2,3,2023-06-03
982,72,2023-Q2,4,2023-06-23
983,73,2023-Q2,3,2023-06-29
984,75,2023-Q2,4,2023-06-30
985,76,2023-Q2,3,2023-06-14
986,80,2023-Q2,4,2023-06-12
987,81,2023-Q2,3,2023-06-14
988,82,2023-Q2,4,2023-06-09
989,86,2023-Q2,4,2023-06-26
990,87,2023-Q2,3,2023-06-04
991,88,2023-Q2,4,2023-06-03
992,89,2023-Q2,4,2023-06-15
993,91,2023-Q2,4,2023-06-06
994,94,2023-Q2,3,2023-06-07
995,95,2023-Q2,4,2023-06-20
996,96,2023-Q2,4,2023-06-16
997,97,2023-Q2,2,2023-06-11
998,98,2023-Q2,4,2023-06-20
999,100,2023-Q2,4,2023-06-16
1000,102,2023-Q2,2,2023-06-09
1001,103,2023-Q2,4,2023-06-09
1002,105,2023-Q2,4,2023-06-23
1003,106,2023-Q2,4,2023-06-06
1004,107,2023-Q2,5,2023-06-29
1005,110,2023-Q2,4,2023-06-16
1006,111,2023-Q2,5,2023-06-06
1007,112,2023-Q2,4,2023-06-27
1008,113,2023-Q2,3,2023-06-24
1009,115,2023-Q2,3,2023-06-27
1010,117,2023-Q2,3,2023-06-24
1011,118,2023-Q2,5,2023-06-30
1012,119,2023-Q2,4,2023-06-22
1013,120,2023-Q2,4,2023-06-27
1014,121,2023-Q2,3,2023-06-21
1015,123,2023-Q2,4,2023-06-14
1016,124,2023-Q2,5,2023-06-20
1017,125,2023-Q2,5,2023-06-19
1018,126,2023-Q2,3,2023-06-12
1019,127,2023-Q2,4,2023-06-28
1020,128,2023-Q2,3,2023-06-12
1021,129,2023-Q2,2,2023-06-25
1022,130,2023-Q2,3,2023-06-30
1023,131,2023-Q2,3,2023-06-20
1024,133,2023-Q2,4,2023-06-14
1025,135,2023-Q2,3,2023-06-10
1026,136,2023-Q2,3,2023-06-30
1027,138,2023-Q2,5,2023-06-03
1028,139,2023-Q2,4,2023-06-14
1029,141,2023-Q2,2,2023-06-02
1030,142,2023-Q2,4,2023-06-28
1031,144,2023-Q2,3,2023-06-07
1032,147,2023-Q2,4,2023-06-26
1033,148,2023-Q2,4,2023-06-24
1034,151,2023-Q2,2,2023-06-17
1035,152,2023-Q2,4,2023-06-27
1036,154,2023-Q2,3,2023-06-01
1037,156,2023-Q2,4,2023-06-12
1038,157,2023-Q2,3,2023-06-24
1039,158,2023-Q2,2,2023-06-14
1040,160,2023-Q2,5,2023-06-13
1041,161,2023-Q2,3,2023-06-21
1042,162,2023-Q2,3,2023-06-24
1043,163,2023-Q2,4,2023-06-14
1044,164,2023-Q2,3,2023-06-21
1045,165,2023-Q2,2,2023-06-30
1046,166,2023-Q2,4,2023-06-18
1047,167,2023-Q2,2,2023-06-19
1048,168,2023-Q2,4,2023-06-20
1049,170,2023-Q2,2,2023-06-05
1050,172,2023-Q2,4,2023-06-25
1051,173,2023-Q2,4,2023-06-18
1052,175,2023-Q2,3,2023-06-26
1053,176,2023-Q2,4,2023-06-09
1054,177,2023-Q2,2,2023-06-19
1055,180,2023-Q2,4,2023-06-05
1056,181,2023-Q2,3,2023-06-28
1057,182,2023-Q2,4,2023-06-16
1058,183,2023-Q2,3,2023-06-16
1059,185,2023-Q2,3,2023-06-11
1060,186,2023-Q2,3,2023-06-15
1061,187,2023-Q2,3,2023-06-06
1062,188,2023-Q2,4,2023-06-21
1063,189,2023-Q2,5,2023-06-16
1064,190,2023-Q2,3,2023-06-01
1065,191,2023-Q2,3,2023-06-07
1066,192,2023-Q2,2,2023-06-18
1067,194,2023-Q2,3,2023-06-28
1068,195,2023-Q2,3,2023-06-29
1069,196,2023-Q2,3,2023-06-24
1070,198,2023-Q2,4,2023-06-05
1071,199,2023-Q2,3,2023-06-24
1072,200,2023-Q2,3,2023-06-14
1073,201,2023-Q2,3,2023-06-06
1074,202,2023-Q2,4,2023-06-28
1075,203,2023-Q2,3,2023-06-25
1076,204,2023-Q2,4,2023-06-06
1077,206,2023-Q2,4,2023-06-24
1078,207,2023-Q2,3,2023-06-14
1079,208,2023-Q2,2,2023-06-27
1080,209,2023-Q2,5,2023-06-06
1081,211,2023-Q2,2,2023-06-29
1082,212,2023-Q2,4,2023-06-17
1083,213,2023-Q2,4,2023-06-26
1084,214,2023-Q2,4,2023-06-12
1085,216,2023-Q2,4,2023-06-15
1086,217,2023-Q2,3,2023-06-08
1087,219,2023-Q2,3,2023-06-17
1088,220,2023-Q2,4,2023-06-18
1089,221,2023-Q2,4,2023-06-25
1090,222,2023-Q2,3,2023-06-07
1091,223,2023-Q2,4,2023-06-09
1092,224,2023-Q2,3,2023-06-06
1093,225,2023-Q2,3,2023-06-01
1094,226,2023-Q2,3,2023-06-21
1095,227,2023-Q2,3,2023-06-15
1096,228,2023-Q2,3,2023-06-27
1097,230,2023-Q2,2,2023-06-11
1098,231,2023-Q2,3,2023-06-03
1099,232,2023-Q2,4,2023-06-10
1100,233,2023-Q2,3,2023-06-25
1101,234,2023-Q2,3,2023-06-23
1102,236,2023-Q2,3,2023-06-21
1103,238,2023-Q2,3,2023-06-01
1104,239,2023-Q2,4,2023-06-27
1105,241,2023-Q2,3,2023-06-24
1106,244,2023-Q2,4,2023-06-29
1107,245,2023-Q2,3,2023-06-29
1108,247,2023-Q2,3,2023-06-04
1109,248,2023-Q2,3,2023-06-23
1110,249,2023-Q2,4,2023-06-26
1111,250,2023-Q2,4,2023-06-04
1112,253,2023-Q2,3,2023-06-15
1113,254,2023-Q2,3,2023-06-16
1114,255,2023-Q2,3,2023-06-09
1115,256,2023-Q2,3,2023-06-09
1116,257,2023-Q2,3,2023-06-23
1117,258,2023-Q2,2,2023-06-22
1118,259,2023-Q2,3,2023-06-28
1119,260,2023-Q2,5,2023-06-02
1120,262,2023-Q2,4,2023-06-07
1121,263,2023-Q2,4,2023-06-17
1122,264,2023-Q2,2,2023-06-10
1123,265,2023-Q2,3,2023-06-04
1124,267,2023-Q2,2,2023-06-12
1125,268,2023-Q2,2,2023-06-07
1126,269,2023-Q2,4,2023-06-07
1127,270,2023-Q2,4,2023-06-05
1128,271,2023-Q2,3,2023-06-04
1129,272,2023-Q2,4,2023-06-01
1130,273,2023-Q2,3,2023-06-12
1131,274,2023-Q2,4,2023-06-14
1132,275,2023-Q2,3,2023-06-02
1133,276,2023-Q2,3,2023-06-13
1134,277,2023-Q2,4,2023-06-14
1135,278,2023-Q2,2,2023-06-14
1136,279,2023-Q2,3,2023-06-02
1137,281,2023-Q2,4,2023-06-02
1138,282,2023-Q2,3,2023-06-08
1139,283,2023-Q2,4,2023-06-20
1140,284,2023-Q2,4,2023-06-13
1141,285,2023-Q2,4,2023-06-12
1142,286,2023-Q2,5,2023-06-10
1143,287,2023-Q2,2,2023-06-16
1144,288,2023-Q2,3,2023-06-28
1145,290,2023-Q2,3,2023-06-06
1146,291,2023-Q2,4,2023-06-15
1147,292,2023-Q2,5,2023-06-29
1148,293,2023-Q2,4,2023-06-16
1149,294,2023-Q2,3,2023-06-27
1150,295,2023-Q2,4,2023-06-22
1151,296,2023-Q2,3,2023-06-05
1152,297,2023-Q2,3,2023-06-04
1153,298,2023-Q2,3,2023-06-24
1154,300,2023-Q2,3,2023-06-18
1155,301,2023-Q2,3,2023-06-01
1156,302,2023-Q2,3,2023-06-10
1157,303,2023-Q2,4,2023-06-28
1158,304,2023-Q2,3,2023-06-16
1159,305,2023-Q2,3,2023-06-01
1160,306,2023-Q2,2,2023-06-14
1161,308,2023-Q2,4,2023-06-08
1162,309,2023-Q2,4,2023-06-14
1163,310,2023-Q2,4,2023-06-21
1164,311,2023-Q2,5,2023-06-29
1165,314,2023-Q2,4,2023-06-11
1166,315,2023-Q2,3,2023-06-09
1167,316,2023-Q2,4,2023-06-11
1168,317,2023-Q2,4,2023-06-26
1169,319,2023-Q2,3,2023-06-16
1170,321,2023-Q2,5,2023-06-22
1171,322,2023-Q2,4,2023-06-03
1172,323,2023-Q2,4,2023-06-02
1173,324,2023-Q2,3,2023-06-22
1174,325,2023-Q2,4,2023-06-02
1175,326,2023-Q2,1,2023-06-18
1176,327,2023-Q2,3,2023-06-03
1177,328,2023-Q2,4,2023-06-14
1178,329,2023-Q2,4,2023-06-08
1179,330,2023-Q2,3,2023-06-29
1180,331,2023-Q2,3,2023-06-09
1181,333,2023-Q2,4,2023-06-29
1182,334,2023-Q2,4,2023-06-22
1183,335,2023-Q2,3,2023-06-10
1184,336,2023-Q2,4,2023-06-19
1185,337,2023-Q2,4,2023-06-27
1186,338,2023-Q2,5,2023-06-15
1187,339,2023-Q2,3,2023-06-12
1188,340,2023-Q2,3,2023-06-14
1189,342,2023-Q2,4,2023-06-25
1190,343,2023-Q2,3,2023-06-20
1191,345,2023-Q2,3,2023-06-20
1192,346,2023-Q2,3,2023-06-19
1193,348,2023-Q2,4,2023-06-22
1194,349,2023-Q2,3,2023-06-02
1195,350,2023-Q2,3,2023-06-04
1196,351,2023-Q2,5,2023-06-04
1197,352,2023-Q2,3,2023-06-04
1198,353,2023-Q2,2,2023-06-22
1199,354,2023-Q2,3,2023-06-17
1200,355,2023-Q2,2,2023-06-24
1201,357,2023-Q2,4,2023-06-05
1202,358,2023-Q2,3,2023-06-30
1203,359,2023-Q2,2,2023-06-04
1204,360,2023-Q2,4,2023-06-05
1205,361,2023-Q2,4,2023-06-16
1206,362,2023-Q2,4,2023-06-04
1207,363,2023-Q2,4,2023-06-27
1208,364,2023-Q2,3,2023-06-22
1209,365,2023-Q2,2,2023-06-06
1210,366,2023-Q2,4,2023-06-24
1211,367,2023-Q2,3,2023-06-16
1212,368,2023-Q2,2,2023-06-10
1213,369,2023-Q2,4,2023-06-22
1214,370,2023-Q2,3,2023-06-27
1215,371,2023-Q2,4,2023-06-19
1216,372,2023-Q2,4,2023-06-02
1217,374,2023-Q2,5,2023-06-05
1218,375,2023-Q2,4,2023-06-09
1219,377,2023-Q2,3,2023-06-13
1220,378,2023-Q2,4,2023-06-06
1221,379,2023-Q2,3,2023-06-23
1222,381,2023-Q2,3,2023-06-26
1223,382,2023-Q2,3,2023-06-30
1224,383,2023-Q2,4,2023-06-16
1225,384,2023-Q2,3,2023-06-30
1226,385,2023-Q2,3,2023-06-22
1227,386,2023-Q2,4,2023-06-19
1228,387,2023-Q2,4,2023-06-13
1229,388,2023-Q2,4,2023-06-30
1230,389,2023-Q2,4,2023-06-08
1231,390,2023-Q2,3,2023-06-29
1232,393,2023-Q2,3,2023-06-13
1233,394,2023-Q2,3,2023-06-20
1234,395,2023-Q2,4,2023-06-02
1235,396,2023-Q2,3,2023-06-27
1236,397,2023-Q2,2,2023-06-06
1237,398,2023-Q2,3,2023-06-21
1238,399,2023-Q2,3,2023-06-07
1239,400,2023-Q2,2,2023-06-08
1240,401,2023-Q2,3,2023-06-06
1241,402,2023-Q2,2,2023-06-03
1242,403,2023-Q2,3,2023-06-21
1243,405,2023-Q2,4,2023-06-01
1244,406,2023-Q2,3,2023-06-18
1245,408,2023-Q2,3,2023-06-24
1246,3,2023-Q3,2,2023-09-17
1247,4,2023-Q3,3,2023-09-06
1248,6,2023-Q3,4,2023-09-03
1249,9,2023-Q3,3,2023-09-04
1250,10,2023-Q3,3,2023-09-11
1251,11,2023-Q3,3,2023-09-03
1252,12,2023-Q3,3,2023-09-18
1253,16,2023-Q3,4,2023-09-10
1254,18,2023-Q3,3,2023-09-10
1255,19,2023-Q3,4,2023-09-18
1256,20,2023-Q3,2,2023-09-03
1257,21,2023-Q3,4,2023-09-06
1258,22,2023-Q3,4,2023-09-25
1259,23,2023-Q3,4,2023-09-26
1260,25,2023-Q3,3,2023-09-30
1261,26,2023-Q3,4,2023-09-07
1262,27,2023-Q3,5,2023-09-16
1263,28,2023-Q3,4,2023-09-17
1264,29,2023-Q3,3,2023-09-16
1265,30,2023-Q3,3,2023-09-18
1266,31,2023-Q3,3,2023-09-25
1267,32,2023-Q3,3,2023-09-17
1268,33,2023-Q3,4,2023-09-03
1269,34,2023-Q3,5,2023-09-27
1270,35,2023-Q3,3,2023-09-16
1271,36,2023-Q3,3,2023-09-29
1272,39,2023-Q3,4,2023-09-12
1273,40,2023-Q3,3,2023-09-20
1274,42,2023-Q3,4,2023-09-30
1275,43,2023-Q3,4,2023-09-01
1276,44,2023-Q3,5,2023-09-10
1277,47,2023-Q3,4,2023-09-21
1278,49,2023-Q3,3,2023-09-09
1279,50,2023-Q3,5,2023-09-28
1280,51,2023-Q3,3,2023-09-20
1281,52,2023-Q3,2,2023-09-28
1282,53,2023-Q3,3,2023-09-18
1283,54,2023-Q3,4,2023-09-29
1284,55,2023-Q3,3,2023-09-06
1285,60,2023-Q3,2,2023-09-02
1286,61,2023-Q3,4,2023-09-23
1287,62,2023-Q3,4,2023-09-24
1288,64,2023-Q3,2,2023-09-19
1289,65,2023-Q3,3,2023-09-22
1290,66,2023-Q3,4,2023-09-27
1291,67,2023-Q3,4,2023-09-05
1292,68,2023-Q3,5,2023-09-15
1293,70,2023-Q3,4,2023-09-27
1294,71,2023-Q3,5,2023-09-18
1295,72,2023-Q3,2,2023-09-19
1296,75,2023-Q3,3,2023-09-30
1297,76,2023-Q3,3,2023-09-19
1298,77,2023-Q3,3,2023-09-01
1299,78,2023-Q3,4,2023-09-12
1300,82,2023-Q3,3,2023-09-22
1301,84,2023-Q3,4,2023-09-25
1302,86,2023-Q3,3,2023-09-13
1303,87,2023-Q3,4,2023-09-11
1304,88,2023-Q3,4,2023-09-09
1305,89,2023-Q3,3,2023-09-09
1306,91,2023-Q3,5,2023-09-12
1307,92,2023-Q3,3,2023-09-21
1308,94,2023-Q3,3,2023-09-06
1309,95,2023-Q3,4,2023-09-18
1310,97,2023-Q3,3,2023-09-21
1311,98,2023-Q3,4,2023-09-23
1312,100,2023-Q3,3,2023-09-24
1313,101,2023-Q3,5,2023-09-09
1314,102,2023-Q3,4,2023-09-21
1315,103,2023-Q3,2,2023-09-29
1316,105,2023-Q3,3,2023-09-23
1317,106,2023-Q3,2,2023-09-06
1318,107,2023-Q3,5,2023-09-11
1319,110,2023-Q3,3,2023-09-18
1320,111,2023-Q3,4,2023-09-01
1321,112,2023-Q3,2,2023-09-24
1322,113,2023-Q3,3,2023-09-27
1323,115,2023-Q3,3,2023-09-16
1324,116,2023-Q3,2,2023-09-10
1325,118,2023-Q3,4,2023-09-30
1326,119,2023-Q3,3,2023-09-14
1327,120,2023-Q3,3,2023-09-19
1328,121,2023-Q3,4,2023-09-17
1329,124,2023-Q3,5,2023-09-05
1330,125,2023-Q3,3,2023-09-02
1331,127,2023-Q3,4,2023-09-15
1332,128,2023-Q3,2,2023-09-22
1333,129,2023-Q3,4,2023-09-03
1334,130,2023-Q3,3,2023-09-08
1335,131,2023-Q3,2,2023-09-01
1336,133,2023-Q3,3,2023-09-12
1337,135,2023-Q3,3,2023-09-07
1338,137,2023-Q3,3,2023-09-27
1339,138,2023-Q3,3,2023-09-13
1340,140,2023-Q3,5,2023-09-25
1341,141,2023-Q3,3,2023-09-22
1342,142,2023-Q3,4,2023-09-14
1343,144,2023-Q3,3,2023-09-19
1344,145,2023-Q3,4,2023-09-29
1345,146,2023-Q3,3,2023-09-27
1346,147,2023-Q3,4,2023-09-20
1347,149,2023-Q3,4,2023-09-07
1348,151,2023-Q3,4,2023-09-13
1349,152,2023-Q3,3,2023-09-27
1350,153,2023-Q3,4,2023-09-09
1351,154,2023-Q3,4,2023-09-27
1352,155,2023-Q3,4,2023-09-04
1353,156,2023-Q3,4,2023-09-05
1354,157,2023-Q3,3,2023-09-15
1355,160,2023-Q3,3,2023-09-14
1356,161,2023-Q3,2,2023-09-10
1357,162,2023-Q3,3,2023-09-26
1358,163,2023-Q3,3,2023-09-15
1359,164,2023-Q3,4,2023-09-28
1360,165,2023-Q3,2,2023-09-26
1361,166,2023-Q3,2,2023-09-28
1362,167,2023-Q3,4,2023-09-05
1363,168,2023-Q3,4,2023-09-24
1364,169,2023-Q3,5,2023-09-15
1365,170,2023-Q3,4,2023-09-12
1366,171,2023-Q3,4,2023-09-01
1367,172,2023-Q3,3,2023-09-11
1368,173,2023-Q3,4,2023-09-02
1369,175,2023-Q3,5,2023-09-08
1370,176,2023-Q3,4,2023-09-21
1371,178,2023-Q3,2,2023-09-30
1372,180,2023-Q3,4,2023-09-27
1373,181,2023-Q3,3,2023-09-11
1374,182,2023-Q3,3,2023-09-05
1375,183,2023-Q3,3,2023-09-04
1376,184,2023-Q3,2,2023-09-24
1377,185,2023-Q3,5,2023-09-14
1378,186,2023-Q3,3,2023-09-24
1379,187,2023-Q3,2,2023-09-27
1380,191,2023-Q3,2,2023-09-19
1381,192,2023-Q3,3,2023-09-28
1382,194,2023-Q3,4,2023-09-23
1383,195,2023-Q3,2,2023-09-14
1384,196,2023-Q3,4,2023-09-23
1385,198,2023-Q3,3,2023-09-30
1386,199,2023-Q3,2,2023-09-10
1387,200,2023-Q3,3,2023-09-14
1388,201,2023-Q3,3,2023-09-09
1389,202,2023-Q3,2,2023-09-11
1390,203,2023-Q3,2,2023-09-08
1391,204,2023-Q3,3,2023-09-10
1392,205,2023-Q3,4,2023-09-20
1393,206,2023-Q3,3,2023-09-13
1394,207,2023-Q3,3,2023-09-18
1395,208,2023-Q3,3,2023-09-15
1396,209,2023-Q3,4,2023-09-28
1397,210,2023-Q3,3,2023-09-09
1398,211,2023-Q3,2,2023-09-22
1399,214,2023-Q3,3,2023-09-07
1400,216,2023-Q3,3,2023-09-17
1401,217,2023-Q3,3,2023-09-22
1402,219,2023-Q3,4,2023-09-05
1403,220,2023-Q3,3,2023-09-25
1404,221,2023-Q3,4,2023-09-10
1405,222,2023-Q3,4,2023-09-05
1406,224,2023-Q3,5,2023-09-13
1407,225,2023-Q3,4,2023-09-24
1408,226,2023-Q3,2,2023-09-12
1409,227,2023-Q3,2,2023-09-11
1410,228,2023-Q3,4,2023-09-21
1411,229,2023-Q3,3,2023-09-13
1412,231,2023-Q3,4,2023-09-13
1413,232,2023-Q3,4,2023-09-30
1414,233,2023-Q3,3,2023-09-01
1415,234,2023-Q3,3,2023-09-06
1416,235,2023-Q3,4,2023-09-04
1417,236,2023-Q3,4,2023-09-21
1418,237,2023-Q3,3,2023-09-03
1419,238,2023-Q3,3,2023-09-11
1420,239,2023-Q3,1,2023-09-06
1421,240,2023-Q3,3,2023-09-12
1422,241,2023-Q3,3,2023-09-20
1423,244,2023-Q3,2,2023-09-28
1424,247,2023-Q3,3,2023-09-24
1425,249,2023-Q3,5,2023-09-11
1426,250,2023-Q3,3,2023-09-15
1427,251,2023-Q3,3,2023-09-08
1428,252,2023-Q3,3,2023-09-15
1429,253,2023-Q3,4,2023-09-11
1430,255,2023-Q3,4,2023-09-24
1431,256,2023-Q3,5,2023-09-28
1432,257,2023-Q3,4,2023-09-13
1433,259,2023-Q3,3,2023-09-18
1434,260,2023-Q3,2,2023-09-15
1435,262,2023-Q3,3,2023-09-13
1436,263,2023-Q3,3,2023-09-24
1437,264,2023-Q3,3,2023-09-17
1438,265,2023-Q3,4,2023-09-15
1439,266,2023-Q3,4,2023-09-27
1440,267,2023-Q3,4,2023-09-24
1441,268,2023-Q3,3,2023-09-09
1442,269,2023-Q3,4,2023-09-21
1443,270,2023-Q3,3,2023-09-25
1444,271,2023-Q3,2,2023-09-10
1445,272,2023-Q3,3,2023-09-09
1446,273,2023-Q3,4,2023-09-20
1447,274,2023-Q3,4,2023-09-12
1448,275,2023-Q3,4,2023-09-23
1449,276,2023-Q3,3,2023-09-26
1450,277,2023-Q3,3,2023-09-05
1451,278,2023-Q3,4,2023-09-08
1452,279,2023-Q3,3,2023-09-01
1453,282,2023-Q3,3,2023-09-17
1454,283,2023-Q3,2,2023-09-20
1455,286,2023-Q3,3,2023-09-17
1456,287,2023-Q3,3,2023-09-28
1457,289,2023-Q3,4,2023-09-16
1458,290,2023-Q3,3,2023-09-03
1459,291,2023-Q3,3,2023-09-09
1460,292,2023-Q3,4,2023-09-24
1461,293,2023-Q3,3,2023-09-30
1462,294,2023-Q3,4,2023-09-01
1463,295,2023-Q3,4,2023-09-08
1464,296,2023-Q3,2,2023-09-02
1465,297,2023-Q3,4,2023-09-03
1466,298,2023-Q3,4,2023-09-03
1467,300,2023-Q3,3,2023-09-09
1468,301,2023-Q3,3,2023-09-06
1469,302,2023-Q3,3,2023-09-23
1470,303,2023-Q3,3,2023-09-06
1471,304,2023-Q3,3,2023-09-03
1472,305,2023-Q3,3,2023-09-24
1473,306,2023-Q3,5,2023-09-17
1474,307,2023-Q3,4,2023-09-08
1475,308,2023-Q3,2,2023-09-26
1476,309,2023-Q3,4,2023-09-26
1477,310,2023-Q3,4,2023-09-07
1478,311,2023-Q3,4,2023-09-19
1479,312,2023-Q3,2,2023-09-19
1480,313,2023-Q3,4,2023-09-20
1481,315,2023-Q3,3,2023-09-21
1482,316,2023-Q3,4,2023-09-17
1483,317,2023-Q3,3,2023-09-18
1484,318,2023-Q3,3,2023-09-09
1485,319,2023-Q3,2,2023-09-04
1486,323,2023-Q3,3,2023-09-11
1487,325,2023-Q3,3,2023-09-25
1488,326,2023-Q3,3,2023-09-10
1489,327,2023-Q3,4,2023-09-22
1490,329,2023-Q3,3,2023-09-25
1491,330,2023-Q3,3,2023-09-10
1492,331,2023-Q3,4,2023-09-17
1493,332,2023-Q3,4,2023-09-22
1494,333,2023-Q3,3,2023-09-28
1495,334,2023-Q3,3,2023-09-17
1496,336,2023-Q3,3,2023-09-26
1497,337,2023-Q3,3,2023-09-09
1498,338,2023-Q3,3,2023-09-28
1499,339,2023-Q3,3,2023-09-24
1500,340,2023-Q3,4,2023-09-24
1501,341,2023-Q3,2,2023-09-01
1502,342,2023-Q3,3,2023-09-13
1503,343,2023-Q3,2,2023-09-05
1504,345,2023-Q3,4,2023-09-01
1505,346,2023-Q3,3,2023-09-27
1506,347,2023-Q3,3,2023-09-11
1507,348,2023-Q3,3,2023-09-24
1508,349,2023-Q3,4,2023-09-07
1509,350,2023-Q3,3,2023-09-06
1510,351,2023-Q3,4,2023-09-16
1511,352,2023-Q3,5,2023-09-25
1512,353,2023-Q3,3,2023-09-30
1513,354,2023-Q3,3,2023-09-19
1514,355,2023-Q3,5,2023-09-04
1515,356,2023-Q3,4,2023-09-05
1516,357,2023-Q3,3,2023-09-25
1517,358,2023-Q3,4,2023-09-19
1518,359,2023-Q3,2,2023-09-11
1519,360,2023-Q3,3,2023-09-17
1520,361,2023-Q3,3,2023-09-23
1521,362,2023-Q3,3,2023-09-26
1522,363,2023-Q3,3,2023-09-24
1523,364,2023-Q3,4,2023-09-15
1524,365,2023-Q3,2,2023-09-11
1525,366,2023-Q3,3,2023-09-22
1526,368,2023-Q3,4,2023-09-20
1527,369,2023-Q3,4,2023-09-13
1528,370,2023-Q3,4,2023-09-27
1529,372,2023-Q3,4,2023-09-02
1530,374,2023-Q3,3,2023-09-18
1531,375,2023-Q3,2,2023-09-24
1532,376,2023-Q3,3,2023-09-03
1533,378,2023-Q3,2,2023-09-28
1534,380,2023-Q3,3,2023-09-15
1535,381,2023-Q3,5,2023-09-25
1536,382,2023-Q3,3,2023-09-15
1537,383,2023-Q3,4,2023-09-21
1538,384,2023-Q3,3,2023-09-19
1539,385,2023-Q3,2,2023-09-27
1540,388,2023-Q3,3,2023-09-10
1541,389,2023-Q3,3,2023-09-08
1542,390,2023-Q3,3,2023-09-05
1543,391,2023-Q3,4,2023-09-11
1544,393,2023-Q3,5,2023-09-07
1545,394,2023-Q3,2,2023-09-28
1546,395,2023-Q3,5,2023-09-07
1547,396,2023-Q3,3,2023-09-20
1548,398,2023-Q3,4,2023-09-05
1549,400,2023-Q3,3,2023-09-07
1550,401,2023-Q3,4,2023-09-06
1551,402,2023-Q3,4,2023-09-12
1552,403,2023-Q3,3,2023-09-13
1553,404,2023-Q3,4,2023-09-07
1554,405,2023-Q3,2,2023-09-13
1555,406,2023-Q3,4,2023-09-04
1556,407,2023-Q3,2,2023-09-04
1557,408,2023-Q3,4,2023-09-24
1558,409,2023-Q3,5,2023-09-11
1559,410,2023-Q3,4,2023-09-16
1560,411,2023-Q3,4,2023-09-13
1561,412,2023-Q3,4,2023-09-10
1562,413,2023-Q3,3,2023-09-28
1563,414,2023-Q3,4,2023-09-21
1564,415,2023-Q3,5,2023-09-16
1565,417,2023-Q3,3,2023-09-08
1566,418,2023-Q3,4,2023-09-01
1567,419,2023-Q3,4,2023-09-07
1568,420,2023-Q3,4,2023-09-12
1569,421,2023-Q3,3,2023-09-17
1570,424,2023-Q3,4,2023-09-26
1571,425,2023-Q3,5,2023-09-01
1572,426,2023-Q3,3,2023-09-21
1573,427,2023-Q3,4,2023-09-01
1574,428,2023-Q3,2,2023-09-29
1575,429,2023-Q3,3,2023-09-14
1576,430,2023-Q3,3,2023-09-13
1577,431,2023-Q3,3,2023-09-04
1578,432,2023-Q3,3,2023-09-29
1579,433,2023-Q3,3,2023-09-16
1580,434,2023-Q3,4,2023-09-14
1581,435,2023-Q3,4,2023-09-21
1582,436,2023-Q3,4,2023-09-22
1583,438,2023-Q3,4,2023-09-27
1584,439,2023-Q3,4,2023-09-08
1585,440,2023-Q3,4,2023-09-24
1586,441,2023-Q3,4,2023-09-08
1587,442,2023-Q3,5,2023-09-17
1588,444,2023-Q3,3,2023-09-29
1589,445,2023-Q3,2,2023-09-19
1590,446,2023-Q3,4,2023-09-28
1591,447,2023-Q3,4,2023-09-01
1592,448,2023-Q3,1,2023-09-11
1593,449,2023-Q3,2,2023-09-07
1594,450,2023-Q3,4,2023-09-27
1595,451,2023-Q3,4,2023-09-09
1596,452,2023-Q3,3,2023-09-09
1597,453,2023-Q3,3,2023-09-29
1598,454,2023-Q3,3,2023-09-11
1599,455,2023-Q3,2,2023-09-22
1600,456,2023-Q3,3,2023-09-28
1601,457,2023-Q3,3,2023-09-12
1602,458,2023-Q3,3,2023-09-01
1603,460,2023-Q3,4,2023-09-04
1604,463,2023-Q3,4,2023-09-14
1605,467,2023-Q3,4,2023-09-17
1606,468,2023-Q3,2,2023-09-07
1607,469,2023-Q3,3,2023-09-05
1608,470,2023-Q3,4,2023-09-17
1609,471,2023-Q3,3,2023-09-17
1610,472,2023-Q3,4,2023-09-06
1611,3,2023-Q4,3,2023-12-27
1612,4,2023-Q4,4,2023-12-22
1613,6,2023-Q4,2,2023-12-25
1614,9,2023-Q4,4,2023-12-26
1615,10,2023-Q4,3,2023-12-18
1616,11,2023-Q4,2,2023-12-26
1617,12,2023-Q4,3,2023-12-24
1618,16,2023-Q4,3,2023-12-07
1619,17,2023-Q4,3,2023-12-29
1620,18,2023-Q4,3,2023-12-16
1621,19,2023-Q4,2,2023-12-30
1622,20,2023-Q4,4,2023-12-18
1623,21,2023-Q4,4,2023-12-13
1624,23,2023-Q4,4,2023-12-07
1625,25,2023-Q4,2,2023-12-18
1626,26,2023-Q4,3,2023-12-09
1627,27,2023-Q4,3,2023-12-14
1628,28,2023-Q4,4,2023-12-16
1629,29,2023-Q4,3,2023-12-06
1630,30,2023-Q4,4,2023-12-25
1631,31,2023-Q4,4,2023-12-18
1632,32,2023-Q4,3,2023-12-04
1633,34,2023-Q4,4,2023-12-19
1634,35,2023-Q4,5,2023-12-10
1635,36,2023-Q4,3,2023-12-09
1636,40,2023-Q4,3,2023-12-08
1637,42,2023-Q4,3,2023-12-08
1638,43,2023-Q4,3,2023-12-31
1639,44,2023-Q4,4,2023-12-31
1640,46,2023-Q4,4,2023-12-16
1641,47,2023-Q4,3,2023-12-06
1642,49,2023-Q4,4,2023-12-01
1643,51,2023-Q4,3,2023-12-28
1644,52,2023-Q4,4,2023-12-23
1645,53,2023-Q4,5,2023-12-25
1646,54,2023-Q4,2,2023-12-09
1647,55,2023-Q4,3,2023-12-29
1648,59,2023-Q4,3,2023-12-11
1649,60,2023-Q4,3,2023-12-15
1650,61,2023-Q4,3,2023-12-12
1651,62,2023-Q4,5,2023-12-22
1652,63,2023-Q4,4,2023-12-07
1653,64,2023-Q4,3,2023-12-20
1654,67,2023-Q4,4,2023-12-19
1655,68,2023-Q4,4,2023-12-12
1656,70,2023-Q4,4,2023-12-24
1657,71,2023-Q4,3,2023-12-09
1658,72,2023-Q4,4,2023-12-09
1659,73,2023-Q4,4,2023-12-20
1660,75,2023-Q4,2,2023-12-02
1661,77,2023-Q4,3,2023-12-30
1662,78,2023-Q4,3,2023-12-20
1663,80,2023-Q4,4,2023-12-30
1664,82,2023-Q4,4,2023-12-30
1665,84,2023-Q4,3,2023-12-02
1666,86,2023-Q4,4,2023-12-26
1667,91,2023-Q4,2,2023-12-29
1668,92,2023-Q4,3,2023-12-01
1669,94,2023-Q4,4,2023-12-03
1670,95,2023-Q4,5,2023-12-26
1671,96,2023-Q4,3,2023-12-18
1672,98,2023-Q4,4,2023-12-01
1673,100,2023-Q4,3,2023-12-17
1674,101,2023-Q4,5,2023-12-02
1675,102,2023-Q4,2,2023-12-08
1676,105,2023-Q4,4,2023-12-19
1677,106,2023-Q4,2,2023-12-23
1678,107,2023-Q4,4,2023-12-21
1679,109,2023-Q4,4,2023-12-10
1680,110,2023-Q4,3,2023-12-22
1681,111,2023-Q4,2,2023-12-29
1682,112,2023-Q4,3,2023-12-31
1683,113,2023-Q4,2,2023-12-19
1684,115,2023-Q4,3,2023-12-24
1685,116,2023-Q4,3,2023-12-06
1686,118,2023-Q4,5,2023-12-16
1687,119,2023-Q4,3,2023-12-20
1688,122,2023-Q4,4,2023-12-10
1689,123,2023-Q4,3,2023-12-14
1690,124,2023-Q4,4,2023-12-25
1691,125,2023-Q4,4,2023-12-05
1692,126,2023-Q4,3,2023-12-13
1693,127,2023-Q4,2,2023-12-15
1694,128,2023-Q4,4,2023-12-31
1695,130,2023-Q4,4,2023-12-13
1696,133,2023-Q4,4,2023-12-10
1697,135,2023-Q4,2,2023-12-28
1698,136,2023-Q4,4,2023-12-03
1699,137,2023-Q4,4,2023-12-04
1700,138,2023-Q4,3,2023-12-17
1701,140,2023-Q4,3,2023-12-13
1702,141,2023-Q4,3,2023-12-20
1703,142,2023-Q4,3,2023-12-02
1704,144,2023-Q4,3,2023-12-19
1705,145,2023-Q4,3,2023-12-25
1706,146,2023-Q4,4,2023-12-22
1707,147,2023-Q4,3,2023-12-31
1708,148,2023-Q4,3,2023-12-27
1709,149,2023-Q4,3,2023-12-24
1710,151,2023-Q4,3,2023-12-05
1711,152,2023-Q4,4,2023-12-13
1712,153,2023-Q4,3,2023-12-31
1713,154,2023-Q4,3,2023-12-26
1714,155,2023-Q4,4,2023-12-05
1715,156,2023-Q4,4,2023-12-03
1716,157,2023-Q4,3,2023-12-03
1717,160,2023-Q4,4,2023-12-22
1718,161,2023-Q4,3,2023-12-15
1719,162,2023-Q4,3,2023-12-12
1720,165,2023-Q4,4,2023-12-18
1721,167,2023-Q4,3,2023-12-05
1722,168,2023-Q4,3,2023-12-27
1723,169,2023-Q4,3,2023-12-20
1724,170,2023-Q4,3,2023-12-08
1725,171,2023-Q4,4,2023-12-11
1726,172,2023-Q4,4,2023-12-24
1727,175,2023-Q4,2,2023-12-09
1728,176,2023-Q4,3,2023-12-05
1729,177,2023-Q4,4,2023-12-31
1730,178,2023-Q4,3,2023-12-17
1731,180,2023-Q4,3,2023-12-11
1732,181,2023-Q4,3,2023-12-08
1733,182,2023-Q4,2,2023-12-03
1734,183,2023-Q4,4,2023-12-30
1735,184,2023-Q4,4,2023-12-16
1736,185,2023-Q4,3,2023-12-12
1737,186,2023-Q4,4,2023-12-16
1738,187,2023-Q4,5,2023-12-07
1739,188,2023-Q4,3,2023-12-06
1740,190,2023-Q4,4,2023-12-20
1741,191,2023-Q4,4,2023-12-26
1742,192,2023-Q4,4,2023-12-14
1743,194,2023-Q4,5,2023-12-21
1744,195,2023-Q4,3,2023-12-05
1745,196,2023-Q4,4,2023-12-30
1746,198,2023-Q4,2,2023-12-19
1747,199,2023-Q4,4,2023-12-04
1748,200,2023-Q4,4,2023-12-27
1749,201,2023-Q4,5,2023-12-16
1750,202,2023-Q4,3,2023-12-03
1751,203,2023-Q4,3,2023-12-20
1752,205,2023-Q4,4,2023-12-25
1753,206,2023-Q4,2,2023-12-02
1754,207,2023-Q4,3,2023-12-11
1755,208,2023-Q4,3,2023-12-12
1756,210,2023-Q4,2,2023-12-21
1757,211,2023-Q4,2,2023-12-08
1758,212,2023-Q4,4,2023-12-28
1759,213,2023-Q4,3,2023-12-05
1760,214,2023-Q4,4,2023-12-02
1761,216,2023-Q4,4,2023-12-05
1762,217,2023-Q4,4,2023-12-11
1763,219,2023-Q4,3,2023-12-04
1764,221,2023-Q4,3,2023-12-22
1765,222,2023-Q4,2,2023-12-07
1766,224,2023-Q4,2,2023-12-12
1767,225,2023-Q4,4,2023-12-02
1768,226,2023-Q4,4,2023-12-13
1769,228,2023-Q4,4,2023-12-27
1770,231,2023-Q4,3,2023-12-11
1771,233,2023-Q4,4,2023-12-28
1772,235,2023-Q4,3,2023-12-16
1773,237,2023-Q4,4,2023-12-17
1774,240,2023-Q4,4,2023-12-14
1775,241,2023-Q4,4,2023-12-01
1776,242,2023-Q4,3,2023-12-05
1777,244,2023-Q4,3,2023-12-17
1778,245,2023-Q4,2,2023-12-13
1779,249,2023-Q4,3,2023-12-31
1780,250,2023-Q4,3,2023-12-02
1781,251,2023-Q4,3,2023-12-18
1782,253,2023-Q4,2,2023-12-10
1783,254,2023-Q4,2,2023-12-26
1784,255,2023-Q4,4,2023-12-27
1785,258,2023-Q4,3,2023-12-19
1786,259,2023-Q4,4,2023-12-09
1787,260,2023-Q4,4,2023-12-29
1788,262,2023-Q4,4,2023-12-01
1789,263,2023-Q4,4,2023-12-13
1790,264,2023-Q4,3,2023-12-09
1791,265,2023-Q4,5,2023-12-01
1792,267,2023-Q4,2,2023-12-21
1793,268,2023-Q4,4,2023-12-16
1794,269,2023-Q4,2,2023-12-22
1795,270,2023-Q4,4,2023-12-30
1796,271,2023-Q4,2,2023-12-11
1797,272,2023-Q4,3,2023-12-14
1798,273,2023-Q4,3,2023-12-21
1799,274,2023-Q4,3,2023-12-30
1800,275,2023-Q4,3,2023-12-09
1801,276,2023-Q4,3,2023-12-06
1802,278,2023-Q4,4,2023-12-06
1803,279,2023-Q4,3,2023-12-23
1804,282,2023-Q4,5,2023-12-03
1805,284,2023-Q4,3,2023-12-26
1806,285,2023-Q4,5,2023-12-09
1807,286,2023-Q4,3,2023-12-25
1808,287,2023-Q4,4,2023-12-18
1809,288,2023-Q4,3,2023-12-03
1810,289,2023-Q4,3,2023-12-03
1811,290,2023-Q4,3,2023-12-31
1812,291,2023-Q4,4,2023-12-01
1813,292,2023-Q4,5,2023-12-03
1814,293,2023-Q4,3,2023-12-18
1815,294,2023-Q4,5,2023-12-12
1816,295,2023-Q4,3,2023-12-17
1817,296,2023-Q4,3,2023-12-20
1818,298,2023-Q4,4,2023-12-25
1819,301,2023-Q4,5,2023-12-27
1820,303,2023-Q4,3,2023-12-25
1821,304,2023-Q4,3,2023-12-29
1822,305,2023-Q4,4,2023-12-15
1823,308,2023-Q4,2,2023-12-11
1824,310,2023-Q4,4,2023-12-27
1825,311,2023-Q4,2,2023-12-18
1826,312,2023-Q4,4,2023-12-11
1827,313,2023-Q4,3,2023-12-10
1828,314,2023-Q4,5,2023-12-04
1829,315,2023-Q4,5,2023-12-09
1830,316,2023-Q4,1,2023-12-03
1831,318,2023-Q4,2,2023-12-14
1832,320,2023-Q4,3,2023-12-10
1833,321,2023-Q4,3,2023-12-30
1834,323,2023-Q4,2,2023-12-20
1835,325,2023-Q4,4,2023-12-11
1836,326,2023-Q4,4,2023-12-19
1837,327,2023-Q4,3,2023-12-25
1838,330,2023-Q4,5,2023-12-28
1839,332,2023-Q4,4,2023-12-04
1840,333,2023-Q4,3,2023-12-02
1841,334,2023-Q4,4,2023-12-11
1842,335,2023-Q4,3,2023-12-31
1843,336,2023-Q4,4,2023-12-16
1844,337,2023-Q4,4,2023-12-04
1845,339,2023-Q4,3,2023-12-30
1846,340,2023-Q4,4,2023-12-28
1847,341,2023-Q4,3,2023-12-31
1848,343,2023-Q4,3,2023-12-22
1849,344,2023-Q4,3,2023-12-17
1850,346,2023-Q4,3,2023-12-24
1851,347,2023-Q4,4,2023-12-02
1852,348,2023-Q4,4,2023-12-13
1853,349,2023-Q4,4,2023-12-19
1854,350,2023-Q4,3,2023-12-09
1855,351,2023-Q4,1,2023-12-13
1856,352,2023-Q4,3,2023-12-24
1857,353,2023-Q4,4,2023-12-21
1858,355,2023-Q4,4,2023-12-23
1859,356,2023-Q4,4,2023-12-31
1860,357,2023-Q4,4,2023-12-07
1861,358,2023-Q4,4,2023-12-07
1862,359,2023-Q4,3,2023-12-21
1863,360,2023-Q4,4,2023-12-14
1864,361,2023-Q4,3,2023-12-09
1865,362,2023-Q4,4,2023-12-07
1866,363,2023-Q4,4,2023-12-22
1867,364,2023-Q4,1,2023-12-14
1868,365,2023-Q4,4,2023-12-01
1869,366,2023-Q4,4,2023-12-24
1870,367,2023-Q4,2,2023-12-14
1871,368,2023-Q4,3,2023-12-06
1872,369,2023-Q4,4,2023-12-01
1873,370,2023-Q4,4,2023-12-10
1874,371,2023-Q4,4,2023-12-23
1875,372,2023-Q4,4,2023-12-16
1876,373,2023-Q4,3,2023-12-21
1877,374,2023-Q4,4,2023-12-17
1878,375,2023-Q4,5,2023-12-09
1879,376,2023-Q4,3,2023-12-22
1880,377,2023-Q4,3,2023-12-10
1881,378,2023-Q4,4,2023-12-29
1882,379,2023-Q4,4,2023-12-25
1883,382,2023-Q4,5,2023-12-21
1884,383,2023-Q4,3,2023-12-05
1885,385,2023-Q4,3,2023-12-19
1886,386,2023-Q4,2,2023-12-16
1887,387,2023-Q4,4,2023-12-25
1888,389,2023-Q4,4,2023-12-09
1889,390,2023-Q4,2,2023-12-19
1890,391,2023-Q4,2,2023-12-04
1891,393,2023-Q4,2,2023-12-11
1892,394,2023-Q4,2,2023-12-11
1893,395,2023-Q4,3,2023-12-16
1894,396,2023-Q4,2,2023-12-31
1895,397,2023-Q4,3,2023-12-29
1896,398,2023-Q4,3,2023-12-14
1897,400,2023-Q4,1,2023-12-03
1898,401,2023-Q4,5,2023-12-18
1899,402,2023-Q4,3,2023-12-04
1900,403,2023-Q4,3,2023-12-01
1901,405,2023-Q4,5,2023-12-29
1902,408,2023-Q4,3,2023-12-11
1903,410,2023-Q4,4,2023-12-20
1904,411,2023-Q4,4,2023-12-25
1905,412,2023-Q4,3,2023-12-01
1906,414,2023-Q4,2,2023-12-07
1907,415,2023-Q4,4,2023-12-17
1908,418,2023-Q4,3,2023-12-14
1909,419,2023-Q4,5,2023-12-18
1910,420,2023-Q4,3,2023-12-04
1911,423,2023-Q4,3,2023-12-27
1912,424,2023-Q4,3,2023-12-24
1913,425,2023-Q4,4,2023-12-07
1914,426,2023-Q4,5,2023-12-20
1915,427,2023-Q4,2,2023-12-10
1916,428,2023-Q4,2,2023-12-14
1917,429,2023-Q4,5,2023-12-16
1918,430,2023-Q4,4,2023-12-02
1919,431,2023-Q4,4,2023-12-25
1920,432,2023-Q4,3,2023-12-08
1921,433,2023-Q4,4,2023-12-23
1922,434,2023-Q4,4,2023-12-31
1923,435,2023-Q4,4,2023-12-11
1924,436,2023-Q4,3,2023-12-20
1925,437,2023-Q4,2,2023-12-14
1926,438,2023-Q4,3,2023-12-27
1927,439,2023-Q4,3,2023-12-07
1928,441,2023-Q4,4,2023-12-27
1929,442,2023-Q4,3,2023-12-19
1930,443,2023-Q4,3,2023-12-23
1931,444,2023-Q4,5,2023-12-18
1932,445,2023-Q4,4,2023-12-16
1933,446,2023-Q4,3,2023-12-02
1934,447,2023-Q4,2,2023-12-18
1935,449,2023-Q4,3,2023-12-28
1936,450,2023-Q4,4,2023-12-29
1937,451,2023-Q4,3,2023-12-11
1938,452,2023-Q4,3,2023-12-27
1939,453,2023-Q4,2,2023-12-07
1940,454,2023-Q4,4,2023-12-26
1941,455,2023-Q4,3,2023-12-21
1942,456,2023-Q4,4,2023-12-24
1943,457,2023-Q4,2,2023-12-11
1944,458,2023-Q4,1,2023-12-25
1945,459,2023-Q4,5,2023-12-01
1946,460,2023-Q4,4,2023-12-03
1947,461,2023-Q4,4,2023-12-03
1948,463,2023-Q4,2,2023-12-26
1949,464,2023-Q4,4,2023-12-12
1950,465,2023-Q4,2,2023-12-05
1951,467,2023-Q4,3,2023-12-17
1952,468,2023-Q4,2,2023-12-25
1953,469,2023-Q4,4,2023-12-05
1954,470,2023-Q4,4,2023-12-16
1955,471,2023-Q4,4,2023-12-20
1956,472,2023-Q4,3,2023-12-16
1957,474,2023-Q4,3,2023-12-20
1958,475,2023-Q4,3,2023-12-22
1959,476,2023-Q4,3,2023-12-11
1960,477,2023-Q4,4,2023-12-24
1961,478,2023-Q4,3,2023-12-08
1962,479,2023-Q4,4,2023-12-26
1963,480,2023-Q4,4,2023-12-06
1964,481,2023-Q4,4,2023-12-02
1965,482,2023-Q4,3,2023-12-08
1966,483,2023-Q4,4,2023-12-28
1967,484,2023-Q4,2,2023-12-25
1968,485,2023-Q4,5,2023-12-21
1969,487,2023-Q4,4,2023-12-26
1970,488,2023-Q4,4,2023-12-17
1971,489,2023-Q4,3,2023-12-31
1972,491,2023-Q4,5,2023-12-31
1973,493,2023-Q4,4,2023-12-07
1974,494,2023-Q4,5,2023-12-09
1975,495,2023-Q4,3,2023-12-06
1976,496,2023-Q4,3,2023-12-21
1977,497,2023-Q4,3,2023-12-06
1978,498,2023-Q4,3,2023-12-29
1979,499,2023-Q4,3,2023-12-24
1980,500,2023-Q4,3,2023-12-14
1981,501,2023-Q4,3,2023-12-03
1982,502,2023-Q4,5,2023-12-02
1983,503,2023-Q4,4,2023-12-12
1984,504,2023-Q4,3,2023-12-10
1985,506,2023-Q4,3,2023-12-22
1986,507,2023-Q4,4,2023-12-18
1987,508,2023-Q4,5,2023-12-01
1988,2,2024-Q1,3,2024-03-15
1989,3,2024-Q1,4,2024-03-26
1990,4,2024-Q1,3,2024-03-01
1991,9,2024-Q1,3,2024-03-26
1992,11,2024-Q1,4,2024-03-23
1993,12,2024-Q1,2,2024-03-28
1994,13,2024-Q1,4,2024-03-01
1995,16,2024-Q1,3,2024-03-20
1996,17,2024-Q1,4,2024-03-17
1997,18,2024-Q1,4,2024-03-27
1998,19,2024-Q1,5,2024-03-18
1999,20,2024-Q1,4,2024-03-22
2000,21,2024-Q1,4,2024-03-26
2001,22,2024-Q1,3,2024-03-07
2002,23,2024-Q1,3,2024-03-29
2003,25,2024-Q1,3,2024-03-26
2004,29,2024-Q1,2,2024-03-17
2005,31,2024-Q1,3,2024-03-24
2006,32,2024-Q1,2,2024-03-12
2007,33,2024-Q1,3,2024-03-18
2008,34,2024-Q1,4,2024-03-02
2009,36,2024-Q1,3,2024-03-01
2010,39,2024-Q1,3,2024-03-10
2011,40,2024-Q1,3,2024-03-19
2012,43,2024-Q1,4,2024-03-04
2013,44,2024-Q1,5,2024-03-28
2014,47,2024-Q1,2,2024-03-05
2015,48,2024-Q1,4,2024-03-31
2016,49,2024-Q1,5,2024-03-01
2017,50,2024-Q1,3,2024-03-20
2018,51,2024-Q1,3,2024-03-30
2019,52,2024-Q1,3,2024-03-07
2020,53,2024-Q1,4,2024-03-16
2021,54,2024-Q1,3,2024-03-04
2022,55,2024-Q1,2,2024-03-04
2023,62,2024-Q1,3,2024-03-04
2024,63,2024-Q1,3,2024-03-24
2025,64,2024-Q1,4,2024-03-04
2026,65,2024-Q1,4,2024-03-02
2027,66,2024-Q1,2,2024-03-25
2028,67,2024-Q1,2,2024-03-08
2029,68,2024-Q1,2,2024-03-02
2030,70,2024-Q1,2,2024-03-07
2031,71,2024-Q1,3,2024-03-22
2032,72,2024-Q1,4,2024-03-21
2033,73,2024-Q1,3,2024-03-25
2034,75,2024-Q1,3,2024-03-06
2035,76,2024-Q1,3,2024-03-22
2036,77,2024-Q1,5,2024-03-17
2037,78,2024-Q1,3,2024-03-20
2038,80,2024-Q1,4,2024-03-05
2039,81,2024-Q1,2,2024-03-24
2040,82,2024-Q1,5,2024-03-26
2041,84,2024-Q1,5,2024-03-19
2042,86,2024-Q1,3,2024-03-23
2043,88,2024-Q1,4,2024-03-08
2044,89,2024-Q1,2,2024-03-09
2045,91,2024-Q1,4,2024-03-18
2046,92,2024-Q1,3,2024-03-30
2047,94,2024-Q1,4,2024-03-03
2048,96,2024-Q1,3,2024-03-01
2049,97,2024-Q1,3,2024-03-04
2050,98,2024-Q1,3,2024-03-06
2051,100,2024-Q1,3,2024-03-06
2052,101,2024-Q1,3,2024-03-02
2053,102,2024-Q1,3,2024-03-14
2054,105,2024-Q1,3,2024-03-08
2055,106,2024-Q1,4,2024-03-31
2056,107,2024-Q1,3,2024-03-09
2057,110,2024-Q1,4,2024-03-01
2058,111,2024-Q1,3,2024-03-02
2059,112,2024-Q1,2,2024-03-13
2060,115,2024-Q1,2,2024-03-25
2061,116,2024-Q1,2,2024-03-10
2062,118,2024-Q1,5,2024-03-12
2063,119,2024-Q1,4,2024-03-14
2064,122,2024-Q1,3,2024-03-27
2065,123,2024-Q1,4,2024-03-14
2066,124,2024-Q1,3,2024-03-26
2067,125,2024-Q1,4,2024-03-26
2068,126,2024-Q1,4,2024-03-18
2069,127,2024-Q1,4,2024-03-17
2070,128,2024-Q1,4,2024-03-22
2071,129,2024-Q1,2,2024-03-04
2072,131,2024-Q1,3,2024-03-15
2073,133,2024-Q1,3,2024-03-04
2074,135,2024-Q1,3,2024-03-15
2075,136,2024-Q1,2,2024-03-27
2076,138,2024-Q1,5,2024-03-17
2077,140,2024-Q1,4,2024-03-04
2078,141,2024-Q1,4,2024-03-19
2079,142,2024-Q1,4,2024-03-15
2080,144,2024-Q1,2,2024-03-09
2081,145,2024-Q1,4,2024-03-11
2082,146,2024-Q1,4,2024-03-06
2083,148,2024-Q1,3,2024-03-13
2084,149,2024-Q1,4,2024-03-05
2085,151,2024-Q1,4,2024-03-01
2086,152,2024-Q1,5,2024-03-04
2087,153,2024-Q1,2,2024-03-26
2088,154,2024-Q1,3,2024-03-15
2089,155,2024-Q1,3,2024-03-09
2090,156,2024-Q1,3,2024-03-24
2091,157,2024-Q1,3,2024-03-31
2092,160,2024-Q1,3,2024-03-27
2093,161,2024-Q1,3,2024-03-21
2094,162,2024-Q1,2,2024-03-19
2095,163,2024-Q1,3,2024-03-03
2096,164,2024-Q1,5,2024-03-06
2097,166,2024-Q1,2,2024-03-20
2098,167,2024-Q1,3,2024-03-30
2099,169,2024-Q1,2,2024-03-08
2100,170,2024-Q1,3,2024-03-07
2101,171,2024-Q1,3,2024-03-14
2102,172,2024-Q1,4,2024-03-18
2103,175,2024-Q1,5,2024-03-05
2104,176,2024-Q1,2,2024-03-19
2105,177,2024-Q1,3,2024-03-11
2106,178,2024-Q1,4,2024-03-07
2107,181,2024-Q1,3,2024-03-30
2108,182,2024-Q1,3,2024-03-20
2109,183,2024-Q1,5,2024-03-30
2110,184,2024-Q1,4,2024-03-07
2111,185,2024-Q1,4,2024-03-06
2112,186,2024-Q1,2,2024-03-22
2113,187,2024-Q1,4,2024-03-04
2114,190,2024-Q1,2,2024-03-26
2115,191,2024-Q1,3,2024-03-20
2116,192,2024-Q1,4,2024-03-20
2117,195,2024-Q1,5,2024-03-03
2118,198,2024-Q1,2,2024-03-18
2119,199,2024-Q1,3,2024-03-22
2120,200,2024-Q1,3,2024-03-27
2121,201,2024-Q1,4,2024-03-13
2122,202,2024-Q1,4,2024-03-05
2123,203,2024-Q1,3,2024-03-15
2124,205,2024-Q1,3,2024-03-30
2125,206,2024-Q1,4,2024-03-09
2126,207,2024-Q1,5,2024-03-11
2127,208,2024-Q1,4,2024-03-13
2128,209,2024-Q1,2,2024-03-13
2129,210,2024-Q1,3,2024-03-06
2130,211,2024-Q1,3,2024-03-16
2131,212,2024-Q1,2,2024-03-20
2132,213,2024-Q1,3,2024-03-18
2133,216,2024-Q1,3,2024-03-31
2134,220,2024-Q1,3,2024-03-21
2135,221,2024-Q1,4,2024-03-23
2136,222,2024-Q1,4,2024-03-14
2137,224,2024-Q1,4,2024-03-29
2138,225,2024-Q1,4,2024-03-08
2139,226,2024-Q1,5,2024-03-19
2140,227,2024-Q1,5,2024-03-22
2141,228,2024-Q1,2,2024-03-30
2142,229,2024-Q1,2,2024-03-21
2143,231,2024-Q1,3,2024-03-08
2144,232,2024-Q1,3,2024-03-30
2145,233,2024-Q1,4,2024-03-10
2146,234,2024-Q1,4,2024-03-04
2147,235,2024-Q1,4,2024-03-08
2148,236,2024-Q1,3,2024-03-18
2149,237,2024-Q1,5,2024-03-31
2150,238,2024-Q1,3,2024-03-18
2151,239,2024-Q1,3,2024-03-02
2152,241,2024-Q1,3,2024-03-09
2153,242,2024-Q1,5,2024-03-17
2154,244,2024-Q1,5,2024-03-14
2155,245,2024-Q1,4,2024-03-19
2156,248,2024-Q1,5,2024-03-22
2157,249,2024-Q1,5,2024-03-28
2158,250,2024-Q1,1,2024-03-24
2159,251,2024-Q1,4,2024-03-08
2160,252,2024-Q1,3,2024-03-13
2161,253,2024-Q1,3,2024-03-06
2162,254,2024-Q1,3,2024-03-31
2163,255,2024-Q1,3,2024-03-04
2164,256,2024-Q1,4,2024-03-14
2165,257,2024-Q1,4,2024-03-01
2166,259,2024-Q1,4,2024-03-28
2167,263,2024-Q1,2,2024-03-20
2168,264,2024-Q1,3,2024-03-25
2169,265,2024-Q1,4,2024-03-30
2170,267,2024-Q1,4,2024-03-18
2171,268,2024-Q1,1,2024-03-26
2172,269,2024-Q1,3,2024-03-11
2173,271,2024-Q1,4,2024-03-31
2174,272,2024-Q1,3,2024-03-26
2175,274,2024-Q1,2,2024-03-18
2176,275,2024-Q1,3,2024-03-30
2177,276,2024-Q1,2,2024-03-28
2178,277,2024-Q1,3,2024-03-11
2179,278,2024-Q1,5,2024-03-02
2180,279,2024-Q1,3,2024-03-06
2181,282,2024-Q1,3,2024-03-12
2182,283,2024-Q1,3,2024-03-30
2183,284,2024-Q1,3,2024-03-03
2184,285,2024-Q1,3,2024-03-14
2185,286,2024-Q1,5,2024-03-18
2186,287,2024-Q1,4,2024-03-13
2187,289,2024-Q1,4,2024-03-11
2188,290,2024-Q1,4,2024-03-16
2189,291,2024-Q1,3,2024-03-17
2190,293,2024-Q1,4,2024-03-02
2191,294,2024-Q1,3,2024-03-28
2192,296,2024-Q1,5,2024-03-14
2193,298,2024-Q1,3,2024-03-06
2194,301,2024-Q1,4,2024-03-26
2195,302,2024-Q1,4,2024-03-15
2196,304,2024-Q1,3,2024-03-26
2197,306,2024-Q1,4,2024-03-17
2198,307,2024-Q1,3,2024-03-05
2199,308,2024-Q1,4,2024-03-13
2200,309,2024-Q1,3,2024-03-28
2201,310,2024-Q1,3,2024-03-10
2202,311,2024-Q1,3,2024-03-13
2203,312,2024-Q1,3,2024-03-30
2204,313,2024-Q1,3,2024-03-23
2205,315,2024-Q1,4,2024-03-05
2206,316,2024-Q1,3,2024-03-29
2207,317,2024-Q1,3,2024-03-05
2208,318,2024-Q1,3,2024-03-20
2209,320,2024-Q1,4,2024-03-09
2210,321,2024-Q1,3,2024-03-12
2211,325,2024-Q1,3,2024-03-21
2212,326,2024-Q1,5,2024-03-02
2213,327,2024-Q1,2,2024-03-13
2214,330,2024-Q1,4,2024-03-16
2215,331,2024-Q1,4,2024-03-20
2216,332,2024-Q1,3,2024-03-30
2217,333,2024-Q1,5,2024-03-15
2218,335,2024-Q1,4,2024-03-14
2219,336,2024-Q1,3,2024-03-25
2220,338,2024-Q1,3,2024-03-14
2221,339,2024-Q1,3,2024-03-25
2222,340,2024-Q1,3,2024-03-15
2223,341,2024-Q1,5,2024-03-12
2224,344,2024-Q1,3,2024-03-05
2225,345,2024-Q1,2,2024-03-17
2226,346,2024-Q1,3,2024-03-09
2227,347,2024-Q1,3,2024-03-02
2228,348,2024-Q1,1,2024-03-31
2229,349,2024-Q1,3,2024-03-21
2230,350,2024-Q1,4,2024-03-24
2231,351,2024-Q1,4,2024-03-23
2232,352,2024-Q1,3,2024-03-18
2233,353,2024-Q1,3,2024-03-22
2234,356,2024-Q1,1,2024-03-03
2235,357,2024-Q1,4,2024-03-07
2236,358,2024-Q1,3,2024-03-06
2237,359,2024-Q1,5,2024-03-18
2238,360,2024-Q1,4,2024-03-27
2239,361,2024-Q1,2,2024-03-03
2240,362,2024-Q1,3,2024-03-13
2241,364,2024-Q1,3,2024-03-07
2242,365,2024-Q1,5,2024-03-20
2243,367,2024-Q1,2,2024-03-09
2244,368,2024-Q1,3,2024-03-08
2245,369,2024-Q1,3,2024-03-02
2246,372,2024-Q1,4,2024-03-24
2247,373,2024-Q1,2,2024-03-03
2248,374,2024-Q1,3,2024-03-12
2249,376,2024-Q1,3,2024-03-12
2250,377,2024-Q1,5,2024-03-14
2251,379,2024-Q1,2,2024-03-15
2252,380,2024-Q1,4,2024-03-18
2253,381,2024-Q1,4,2024-03-08
2254,382,2024-Q1,2,2024-03-18
2255,383,2024-Q1,2,2024-03-28
2256,384,2024-Q1,3,2024-03-13
2257,386,2024-Q1,3,2024-03-19
2258,387,2024-Q1,3,2024-03-25
2259,389,2024-Q1,4,2024-03-02
2260,391,2024-Q1,3,2024-03-23
2261,393,2024-Q1,3,2024-03-15
2262,394,2024-Q1,3,2024-03-09
2263,395,2024-Q1,4,2024-03-24
2264,396,2024-Q1,3,2024-03-31
2265,397,2024-Q1,3,2024-03-29
2266,398,2024-Q1,4,2024-03-18
2267,400,2024-Q1,4,2024-03-19
2268,401,2024-Q1,4,2024-03-04
2269,402,2024-Q1,3,2024-03-27
2270,403,2024-Q1,3,2024-03-29
2271,404,2024-Q1,4,2024-03-17
2272,405,2024-Q1,3,2024-03-18
2273,409,2024-Q1,4,2024-03-01
2274,410,2024-Q1,4,2024-03-23
2275,411,2024-Q1,3,2024-03-01
2276,412,2024-Q1,4,2024-03-21
2277,415,2024-Q1,3,2024-03-18
2278,417,2024-Q1,3,2024-03-10
2279,418,2024-Q1,3,2024-03-02
2280,420,2024-Q1,4,2024-03-18
2281,421,2024-Q1,4,2024-03-02
2282,423,2024-Q1,4,2024-03-26
2283,425,2024-Q1,4,2024-03-28
2284,426,2024-Q1,4,2024-03-22
2285,427,2024-Q1,4,2024-03-01
2286,428,2024-Q1,5,2024-03-30
2287,431,2024-Q1,3,2024-03-01
2288,433,2024-Q1,4,2024-03-14
2289,434,2024-Q1,3,2024-03-01
2290,436,2024-Q1,4,2024-03-12
2291,437,2024-Q1,5,2024-03-10
2292,438,2024-Q1,2,2024-03-20
2293,439,2024-Q1,4,2024-03-20
2294,440,2024-Q1,3,2024-03-01
2295,441,2024-Q1,3,2024-03-14
2296,442,2024-Q1,3,2024-03-10
2297,443,2024-Q1,2,2024-03-19
2298,444,2024-Q1,4,2024-03-06
2299,445,2024-Q1,4,2024-03-14
2300,446,2024-Q1,3,2024-03-21
2301,447,2024-Q1,1,2024-03-22
2302,448,2024-Q1,4,2024-03-26
2303,449,2024-Q1,3,2024-03-06
2304,450,2024-Q1,4,2024-03-28
2305,451,2024-Q1,3,2024-03-31
2306,452,2024-Q1,3,2024-03-14
2307,454,2024-Q1,2,2024-03-21
2308,455,2024-Q1,5,2024-03-18
2309,456,2024-Q1,5,2024-03-18
2310,457,2024-Q1,4,2024-03-29
2311,460,2024-Q1,3,2024-03-31
2312,461,2024-Q1,4,2024-03-16
2313,463,2024-Q1,3,2024-03-10
2314,464,2024-Q1,3,2024-03-06
2315,465,2024-Q1,4,2024-03-27
2316,466,2024-Q1,4,2024-03-03
2317,467,2024-Q1,4,2024-03-06
2318,468,2024-Q1,3,2024-03-19
2319,469,2024-Q1,5,2024-03-30
2320,470,2024-Q1,4,2024-03-12
2321,472,2024-Q1,3,2024-03-27
2322,474,2024-Q1,4,2024-03-14
2323,475,2024-Q1,4,2024-03-28
2324,476,2024-Q1,3,2024-03-01
2325,477,2024-Q1,5,2024-03-03
2326,478,2024-Q1,4,2024-03-23
2327,479,2024-Q1,4,2024-03-07
2328,480,2024-Q1,3,2024-03-28
2329,481,2024-Q1,4,2024-03-18
2330,484,2024-Q1,4,2024-03-02
2331,485,2024-Q1,3,2024-03-08
2332,486,2024-Q1,2,2024-03-14
2333,487,2024-Q1,4,2024-03-30
2334,488,2024-Q1,3,2024-03-16
2335,489,2024-Q1,4,2024-03-21
2336,491,2024-Q1,2,2024-03-19
2337,492,2024-Q1,4,2024-03-15
2338,493,2024-Q1,3,2024-03-27
2339,494,2024-Q1,3,2024-03-24
2340,498,2024-Q1,4,2024-03-08
2341,500,2024-Q1,4,2024-03-02
2342,501,2024-Q1,3,2024-03-22
2343,502,2024-Q1,4,2024-03-23
2344,503,2024-Q1,3,2024-03-29
2345,504,2024-Q1,4,2024-03-11
2346,505,2024-Q1,2,2024-03-21
2347,506,2024-Q1,3,2024-03-19
2348,507,2024-Q1,3,2024-03-07
2349,509,2024-Q1,4,2024-03-31
2350,510,2024-Q1,4,2024-03-27
2351,513,2024-Q1,3,2024-03-16
2352,514,2024-Q1,3,2024-03-10
2353,515,2024-Q1,5,2024-03-24
2354,516,2024-Q1,4,2024-03-11
2355,517,2024-Q1,2,2024-03-03
2356,518,2024-Q1,4,2024-03-10
2357,519,2024-Q1,3,2024-03-27
2358,520,2024-Q1,5,2024-03-28
2359,521,2024-Q1,5,2024-03-18
2360,522,2024-Q1,4,2024-03-15
2361,526,2024-Q1,1,2024-03-11
2362,527,2024-Q1,3,2024-03-13
2363,529,2024-Q1,2,2024-03-13
2364,531,2024-Q1,2,2024-03-11
2365,532,2024-Q1,3,2024-03-09
2366,534,2024-Q1,4,2024-03-13
2367,535,2024-Q1,3,2024-03-13
2368,536,2024-Q1,4,2024-03-19
2369,537,2024-Q1,5,2024-03-11
2370,538,2024-Q1,3,2024-03-01
2371,539,2024-Q1,2,2024-03-04
2372,542,2024-Q1,2,2024-03-17
2373,544,2024-Q1,4,2024-03-11
2374,545,2024-Q1,3,2024-03-15
2375,546,2024-Q1,5,2024-03-06
2376,547,2024-Q1,4,2024-03-20
2377,548,2024-Q1,4,2024-03-23
2378,549,2024-Q1,2,2024-03-01
2379,551,2024-Q1,4,2024-03-26
2380,552,2024-Q1,5,2024-03-28
2381,553,2024-Q1,4,2024-03-23
2382,554,2024-Q1,2,2024-03-04
2383,555,2024-Q1,5,2024-03-30
2384,557,2024-Q1,2,2024-03-22
2385,558,2024-Q1,2,2024-03-11
2386,559,2024-Q1,4,2024-03-10
2387,560,2024-Q1,3,2024-03-15
2388,561,2024-Q1,2,2024-03-02
2389,563,2024-Q1,3,2024-03-01
2390,565,2024-Q1,3,2024-03-27
2391,566,2024-Q1,4,2024-03-31
2392,567,2024-Q1,3,2024-03-10
2393,568,2024-Q1,5,2024-03-19
2394,571,2024-Q1,3,2024-03-17
2395,572,2024-Q1,4,2024-03-03
2396,573,2024-Q1,3,2024-03-30
2397,574,2024-Q1,4,2024-03-29
2398,577,2024-Q1,5,2024-03-25
2399,579,2024-Q1,3,2024-03-13
2400,580,2024-Q1,4,2024-03-02
2401,581,2024-Q1,4,2024-03-01
2402,582,2024-Q1,3,2024-03-30
2403,584,2024-Q1,4,2024-03-15
2404,585,2024-Q1,4,2024-03-23
2405,587,2024-Q1,3,2024-03-29
2406,589,2024-Q1,3,2024-03-19
2407,590,2024-Q1,3,2024-03-12
2408,2,2024-Q2,5,2024-06-05
2409,4,2024-Q2,4,2024-06-09
2410,9,2024-Q2,3,2024-06-03
2411,10,2024-Q2,3,2024-06-14
2412,11,2024-Q2,4,2024-06-15
2413,13,2024-Q2,3,2024-06-23
2414,16,2024-Q2,4,2024-06-13
2415,17,2024-Q2,4,2024-06-05
2416,18,2024-Q2,3,2024-06-23
2417,19,2024-Q2,4,2024-06-05
2418,20,2024-Q2,3,2024-06-17
2419,21,2024-Q2,4,2024-06-01
2420,22,2024-Q2,3,2024-06-12
2421,23,2024-Q2,4,2024-06-11
2422,25,2024-Q2,4,2024-06-26
2423,26,2024-Q2,4,2024-06-30
2424,27,2024-Q2,4,2024-06-03
2425,30,2024-Q2,3,2024-06-22
2426,31,2024-Q2,4,2024-06-03
2427,32,2024-Q2,4,2024-06-01
2428,34,2024-Q2,3,2024-06-02
2429,35,2024-Q2,3,2024-06-09
2430,36,2024-Q2,3,2024-06-01
2431,39,2024-Q2,4,2024-06-05
2432,40,2024-Q2,4,2024-06-24
2433,43,2024-Q2,4,2024-06-30
2434,44,2024-Q2,3,2024-06-03
2435,45,2024-Q2,3,2024-06-18
2436,46,2024-Q2,3,2024-06-01
2437,47,2024-Q2,2,2024-06-08
2438,50,2024-Q2,4,2024-06-24
2439,51,2024-Q2,3,2024-06-29
2440,52,2024-Q2,5,2024-06-06
2441,54,2024-Q2,4,2024-06-13
2442,55,2024-Q2,5,2024-06-20
2443,59,2024-Q2,3,2024-06-07
2444,61,2024-Q2,2,2024-06-28
2445,62,2024-Q2,3,2024-06-14
2446,63,2024-Q2,4,2024-06-14
2447,64,2024-Q2,3,2024-06-22
2448,65,2024-Q2,4,2024-06-15
2449,66,2024-Q2,3,2024-06-13
2450,67,2024-Q2,3,2024-06-23
2451,70,2024-Q2,5,2024-06-26
2452,71,2024-Q2,3,2024-06-05
2453,72,2024-Q2,5,2024-06-29
2454,76,2024-Q2,4,2024-06-28
2455,78,2024-Q2,3,2024-06-03
2456,80,2024-Q2,4,2024-06-19
2457,81,2024-Q2,4,2024-06-17
2458,82,2024-Q2,3,2024-06-10
2459,86,2024-Q2,3,2024-06-07
2460,88,2024-Q2,4,2024-06-10
2461,91,2024-Q2,2,2024-06-05
2462,92,2024-Q2,3,2024-06-26
2463,94,2024-Q2,4,2024-06-25
2464,96,2024-Q2,2,2024-06-19
2465,97,2024-Q2,4,2024-06-23
2466,98,2024-Q2,3,2024-06-04
2467,100,2024-Q2,2,2024-06-18
2468,101,2024-Q2,3,2024-06-17
2469,102,2024-Q2,3,2024-06-14
2470,103,2024-Q2,5,2024-06-08
2471,105,2024-Q2,3,2024-06-17
2472,106,2024-Q2,5,2024-06-24
2473,107,2024-Q2,1,2024-06-13
2474,109,2024-Q2,3,2024-06-25
2475,110,2024-Q2,4,2024-06-02
2476,111,2024-Q2,2,2024-06-22
2477,112,2024-Q2,5,2024-06-08
2478,113,2024-Q2,4,2024-06-13
2479,116,2024-Q2,4,2024-06-05
2480,118,2024-Q2,3,2024-06-02
2481,119,2024-Q2,5,2024-06-04
2482,121,2024-Q2,4,2024-06-19
2483,123,2024-Q2,4,2024-06-01
2484,124,2024-Q2,4,2024-06-08
2485,125,2024-Q2,4,2024-06-18
2486,126,2024-Q2,2,2024-06-04
2487,128,2024-Q2,4,2024-06-12
2488,129,2024-Q2,3,2024-06-25
2489,133,2024-Q2,3,2024-06-10
2490,135,2024-Q2,4,2024-06-21
2491,136,2024-Q2,5,2024-06-21
2492,137,2024-Q2,2,2024-06-11
2493,138,2024-Q2,3,2024-06-30
2494,140,2024-Q2,3,2024-06-17
2495,141,2024-Q2,4,2024-06-01
2496,142,2024-Q2,3,2024-06-20
2497,144,2024-Q2,3,2024-06-14
2498,145,2024-Q2,3,2024-06-01
2499,146,2024-Q2,2,2024-06-16
2500,148,2024-Q2,3,2024-06-29
2501,149,2024-Q2,2,2024-06-21
2502,152,2024-Q2,3,2024-06-16
2503,153,2024-Q2,3,2024-06-27
2504,154,2024-Q2,3,2024-06-15
2505,156,2024-Q2,5,2024-06-06
2506,157,2024-Q2,4,2024-06-22
2507,160,2024-Q2,4,2024-06-17
2508,161,2024-Q2,3,2024-06-10
2509,162,2024-Q2,3,2024-06-13
2510,164,2024-Q2,3,2024-06-27
2511,166,2024-Q2,2,2024-06-13
2512,167,2024-Q2,3,2024-06-25
2513,168,2024-Q2,3,2024-06-13
2514,169,2024-Q2,4,2024-06-01
2515,170,2024-Q2,3,2024-06-20
2516,171,2024-Q2,3,2024-06-08
2517,172,2024-Q2,5,2024-06-23
2518,176,2024-Q2,3,2024-06-11
2519,177,2024-Q2,4,2024-06-10
2520,178,2024-Q2,4,2024-06-01
2521,180,2024-Q2,3,2024-06-27
2522,181,2024-Q2,4,2024-06-25
2523,182,2024-Q2,3,2024-06-20
2524,183,2024-Q2,2,2024-06-08
2525,184,2024-Q2,3,2024-06-17
2526,185,2024-Q2,5,2024-06-01
2527,186,2024-Q2,4,2024-06-01
2528,187,2024-Q2,3,2024-06-05
2529,188,2024-Q2,4,2024-06-24
2530,190,2024-Q2,3,2024-06-18
2531,192,2024-Q2,2,2024-06-08
2532,194,2024-Q2,4,2024-06-30
2533,195,2024-Q2,3,2024-06-01
2534,196,2024-Q2,4,2024-06-27
2535,198,2024-Q2,3,2024-06-17
2536,199,2024-Q2,3,2024-06-19
2537,200,2024-Q2,4,2024-06-16
2538,201,2024-Q2,3,2024-06-28
2539,202,2024-Q2,3,2024-06-15
2540,204,2024-Q2,3,2024-06-04
2541,205,2024-Q2,2,2024-06-16
2542,206,2024-Q2,3,2024-06-11
2543,207,2024-Q2,4,2024-06-21
2544,208,2024-Q2,5,2024-06-08
2545,209,2024-Q2,3,2024-06-25
2546,210,2024-Q2,4,2024-06-12
2547,211,2024-Q2,3,2024-06-12
2548,212,2024-Q2,4,2024-06-04
2549,213,2024-Q2,2,2024-06-25
2550,214,2024-Q2,5,2024-06-18
2551,216,2024-Q2,2,2024-06-07
2552,217,2024-Q2,4,2024-06-11
2553,219,2024-Q2,4,2024-06-15
2554,220,2024-Q2,3,2024-06-11
2555,221,2024-Q2,3,2024-06-06
2556,222,2024-Q2,3,2024-06-11
2557,223,2024-Q2,3,2024-06-13
2558,226,2024-Q2,2,2024-06-17
2559,227,2024-Q2,4,2024-06-14
2560,229,2024-Q2,3,2024-06-05
2561,231,2024-Q2,5,2024-06-07
2562,232,2024-Q2,4,2024-06-18
2563,233,2024-Q2,3,2024-06-20
2564,234,2024-Q2,4,2024-06-29
2565,235,2024-Q2,4,2024-06-14
2566,236,2024-Q2,2,2024-06-26
2567,237,2024-Q2,4,2024-06-13
2568,238,2024-Q2,3,2024-06-02
2569,239,2024-Q2,4,2024-06-09
2570,240,2024-Q2,2,2024-06-27
2571,241,2024-Q2,4,2024-06-14
2572,244,2024-Q2,4,2024-06-28
2573,247,2024-Q2,3,2024-06-24
2574,248,2024-Q2,5,2024-06-15
2575,250,2024-Q2,3,2024-06-14
2576,252,2024-Q2,4,2024-06-28
2577,253,2024-Q2,4,2024-06-28
2578,254,2024-Q2,3,2024-06-15
2579,255,2024-Q2,4,2024-06-06
2580,256,2024-Q2,5,2024-06-04
2581,257,2024-Q2,3,2024-06-20
2582,259,2024-Q2,3,2024-06-16
2583,260,2024-Q2,4,2024-06-06
2584,262,2024-Q2,5,2024-06-04
2585,263,2024-Q2,3,2024-06-04
2586,264,2024-Q2,4,2024-06-19
2587,265,2024-Q2,4,2024-06-19
2588,266,2024-Q2,3,2024-06-29
2589,267,2024-Q2,3,2024-06-27
2590,268,2024-Q2,3,2024-06-14
2591,269,2024-Q2,4,2024-06-29
2592,271,2024-Q2,3,2024-06-07
2593,272,2024-Q2,5,2024-06-15
2594,274,2024-Q2,4,2024-06-11
2595,276,2024-Q2,4,2024-06-27
2596,277,2024-Q2,4,2024-06-09
2597,278,2024-Q2,5,2024-06-06
2598,279,2024-Q2,4,2024-06-14
2599,283,2024-Q2,4,2024-06-24
2600,285,2024-Q2,4,2024-06-06
2601,286,2024-Q2,2,2024-06-11
2602,287,2024-Q2,2,2024-06-20
2603,288,2024-Q2,3,2024-06-23
2604,289,2024-Q2,3,2024-06-25
2605,290,2024-Q2,3,2024-06-29
2606,291,2024-Q2,3,2024-06-27
2607,292,2024-Q2,3,2024-06-25
2608,293,2024-Q2,4,2024-06-14
2609,294,2024-Q2,3,2024-06-06
2610,296,2024-Q2,4,2024-06-06
2611,298,2024-Q2,4,2024-06-09
2612,301,2024-Q2,3,2024-06-12
2613,302,2024-Q2,3,2024-06-18
2614,303,2024-Q2,2,2024-06-27
2615,304,2024-Q2,3,2024-06-25
2616,305,2024-Q2,1,2024-06-28
2617,307,2024-Q2,4,2024-06-23
2618,308,2024-Q2,3,2024-06-27
2619,309,2024-Q2,3,2024-06-25
2620,310,2024-Q2,3,2024-06-12
2621,311,2024-Q2,5,2024-06-08
2622,312,2024-Q2,3,2024-06-18
2623,313,2024-Q2,4,2024-06-29
2624,314,2024-Q2,4,2024-06-01
2625,315,2024-Q2,4,2024-06-12
2626,317,2024-Q2,4,2024-06-12
2627,318,2024-Q2,2,2024-06-11
2628,320,2024-Q2,3,2024-06-26
2629,321,2024-Q2,4,2024-06-13
2630,324,2024-Q2,3,2024-06-26
2631,325,2024-Q2,3,2024-06-07
2632,326,2024-Q2,3,2024-06-08
2633,327,2024-Q2,4,2024-06-13
2634,330,2024-Q2,5,2024-06-05
2635,331,2024-Q2,3,2024-06-08
2636,332,2024-Q2,1,2024-06-27
2637,334,2024-Q2,3,2024-06-19
2638,335,2024-Q2,4,2024-06-25
2639,336,2024-Q2,3,2024-06-20
2640,337,2024-Q2,5,2024-06-02
2641,338,2024-Q2,4,2024-06-19
2642,339,2024-Q2,4,2024-06-30
2643,340,2024-Q2,2,2024-06-11
2644,341,2024-Q2,3,2024-06-26
2645,343,2024-Q2,4,2024-06-03
2646,344,2024-Q2,4,2024-06-12
2647,346,2024-Q2,3,2024-06-17
2648,347,2024-Q2,4,2024-06-13
2649,348,2024-Q2,4,2024-06-15
2650,349,2024-Q2,3,2024-06-01
2651,350,2024-Q2,4,2024-06-18
2652,351,2024-Q2,5,2024-06-05
2653,352,2024-Q2,3,2024-06-11
2654,355,2024-Q2,4,2024-06-11
2655,356,2024-Q2,3,2024-06-22
2656,357,2024-Q2,3,2024-06-17
2657,359,2024-Q2,2,2024-06-09
2658,360,2024-Q2,3,2024-06-05
2659,361,2024-Q2,3,2024-06-05
2660,363,2024-Q2,2,2024-06-08
2661,364,2024-Q2,3,2024-06-11
2662,365,2024-Q2,5,2024-06-18
2663,366,2024-Q2,3,2024-06-10
2664,367,2024-Q2,1,2024-06-16
2665,368,2024-Q2,2,2024-06-27
2666,369,2024-Q2,4,2024-06-07
2667,370,2024-Q2,1,2024-06-14
2668,371,2024-Q2,2,2024-06-12
2669,375,2024-Q2,2,2024-06-10
2670,377,2024-Q2,4,2024-06-29
2671,378,2024-Q2,4,2024-06-17
2672,379,2024-Q2,3,2024-06-18
2673,380,2024-Q2,4,2024-06-23
2674,381,2024-Q2,2,2024-06-26
2675,382,2024-Q2,3,2024-06-16
2676,383,2024-Q2,3,2024-06-19
2677,384,2024-Q2,2,2024-06-28
2678,386,2024-Q2,5,2024-06-28
2679,387,2024-Q2,4,2024-06-18
2680,389,2024-Q2,3,2024-06-04
2681,390,2024-Q2,3,2024-06-30
2682,391,2024-Q2,5,2024-06-06
2683,394,2024-Q2,3,2024-06-25
2684,395,2024-Q2,3,2024-06-06
2685,396,2024-Q2,5,2024-06-26
2686,397,2024-Q2,4,2024-06-19
2687,398,2024-Q2,3,2024-06-27
2688,400,2024-Q2,3,2024-06-02
2689,401,2024-Q2,3,2024-06-27
2690,403,2024-Q2,4,2024-06-02
2691,404,2024-Q2,4,2024-06-27
2692,405,2024-Q2,4,2024-06-03
2693,408,2024-Q2,3,2024-06-20
2694,409,2024-Q2,4,2024-06-06
2695,411,2024-Q2,4,2024-06-14
2696,413,2024-Q2,2,2024-06-16
2697,414,2024-Q2,3,2024-06-04
2698,417,2024-Q2,4,2024-06-27
2699,418,2024-Q2,3,2024-06-10
2700,420,2024-Q2,4,2024-06-17
2701,421,2024-Q2,4,2024-06-15
2702,423,2024-Q2,3,2024-06-14
2703,424,2024-Q2,4,2024-06-07
2704,427,2024-Q2,2,2024-06-04
2705,428,2024-Q2,4,2024-06-10
2706,430,2024-Q2,3,2024-06-07
2707,431,2024-Q2,3,2024-06-27
2708,432,2024-Q2,4,2024-06-30
2709,433,2024-Q2,2,2024-06-13
2710,434,2024-Q2,4,2024-06-16
2711,436,2024-Q2,2,2024-06-26
2712,437,2024-Q2,4,2024-06-10
2713,439,2024-Q2,2,2024-06-04
2714,440,2024-Q2,4,2024-06-15
2715,441,2024-Q2,3,2024-06-23
2716,442,2024-Q2,3,2024-06-29
2717,443,2024-Q2,3,2024-06-09
2718,444,2024-Q2,3,2024-06-03
2719,445,2024-Q2,4,2024-06-14
2720,446,2024-Q2,4,2024-06-17
2721,447,2024-Q2,2,2024-06-01
2722,448,2024-Q2,4,2024-06-28
2723,449,2024-Q2,4,2024-06-18
2724,450,2024-Q2,3,2024-06-15
2725,451,2024-Q2,2,2024-06-09
2726,452,2024-Q2,3,2024-06-01
2727,454,2024-Q2,3,2024-06-11
2728,455,2024-Q2,4,2024-06-11
2729,457,2024-Q2,3,2024-06-11
2730,458,2024-Q2,4,2024-06-20
2731,459,2024-Q2,3,2024-06-22
2732,460,2024-Q2,3,2024-06-10
2733,461,2024-Q2,3,2024-06-04
2734,463,2024-Q2,3,2024-06-15
2735,464,2024-Q2,4,2024-06-07
2736,465,2024-Q2,3,2024-06-13
2737,466,2024-Q2,3,2024-06-28
2738,467,2024-Q2,2,2024-06-14
2739,468,2024-Q2,3,2024-06-22
2740,470,2024-Q2,4,2024-06-13
2741,472,2024-Q2,4,2024-06-22
2742,474,2024-Q2,3,2024-06-17
2743,475,2024-Q2,2,2024-06-05
2744,476,2024-Q2,3,2024-06-30
2745,477,2024-Q2,3,2024-06-25
2746,478,2024-Q2,3,2024-06-11
2747,479,2024-Q2,2,2024-06-18
2748,480,2024-Q2,4,2024-06-10
2749,481,2024-Q2,3,2024-06-11
2750,483,2024-Q2,3,2024-06-08
2751,484,2024-Q2,4,2024-06-08
2752,485,2024-Q2,3,2024-06-07
2753,486,2024-Q2,2,2024-06-29
2754,488,2024-Q2,4,2024-06-05
2755,490,2024-Q2,3,2024-06-03
2756,491,2024-Q2,3,2024-06-25
2757,492,2024-Q2,2,2024-06-11
2758,494,2024-Q2,3,2024-06-25
2759,495,2024-Q2,2,2024-06-13
2760,498,2024-Q2,3,2024-06-07
2761,499,2024-Q2,4,2024-06-06
2762,500,2024-Q2,5,2024-06-28
2763,501,2024-Q2,4,2024-06-28
2764,503,2024-Q2,3,2024-06-01
2765,504,2024-Q2,3,2024-06-05
2766,505,2024-Q2,3,2024-06-23
2767,506,2024-Q2,3,2024-06-14
2768,507,2024-Q2,5,2024-06-25
2769,508,2024-Q2,4,2024-06-06
2770,509,2024-Q2,4,2024-06-13
2771,510,2024-Q2,5,2024-06-01
2772,513,2024-Q2,3,2024-06-06
2773,514,2024-Q2,2,2024-06-22
2774,516,2024-Q2,3,2024-06-30
2775,517,2024-Q2,4,2024-06-23
2776,519,2024-Q2,4,2024-06-26
2777,521,2024-Q2,2,2024-06-20
2778,522,2024-Q2,4,2024-06-13
2779,523,2024-Q2,4,2024-06-18
2780,524,2024-Q2,5,2024-06-29
2781,525,2024-Q2,4,2024-06-01
2782,526,2024-Q2,3,2024-06-14
2783,527,2024-Q2,4,2024-06-03
2784,528,2024-Q2,3,2024-06-15
2785,529,2024-Q2,2,2024-06-17
2786,530,2024-Q2,5,2024-06-09
2787,531,2024-Q2,3,2024-06-02
2788,532,2024-Q2,3,2024-06-26
2789,535,2024-Q2,3,2024-06-18
2790,536,2024-Q2,3,2024-06-16
2791,537,2024-Q2,4,2024-06-13
2792,538,2024-Q2,3,2024-06-08
2793,539,2024-Q2,3,2024-06-19
2794,541,2024-Q2,4,2024-06-30
2795,543,2024-Q2,3,2024-06-28
2796,544,2024-Q2,3,2024-06-03
2797,545,2024-Q2,4,2024-06-02
2798,547,2024-Q2,4,2024-06-10
2799,548,2024-Q2,3,2024-06-21
2800,551,2024-Q2,3,2024-06-06
2801,552,2024-Q2,2,2024-06-14
2802,553,2024-Q2,3,2024-06-21
2803,555,2024-Q2,3,2024-06-25
2804,558,2024-Q2,4,2024-06-01
2805,559,2024-Q2,2,2024-06-19
2806,560,2024-Q2,2,2024-06-21
2807,562,2024-Q2,3,2024-06-18
2808,563,2024-Q2,4,2024-06-30
2809,564,2024-Q2,2,2024-06-28
2810,565,2024-Q2,2,2024-06-26
2811,566,2024-Q2,3,2024-06-02
2812,567,2024-Q2,3,2024-06-27
2813,568,2024-Q2,3,2024-06-21
2814,569,2024-Q2,3,2024-06-06
2815,571,2024-Q2,3,2024-06-09
2816,572,2024-Q2,2,2024-06-11
2817,573,2024-Q2,3,2024-06-21
2818,574,2024-Q2,4,2024-06-17
2819,577,2024-Q2,5,2024-06-26
2820,578,2024-Q2,3,2024-06-10
2821,579,2024-Q2,4,2024-06-20
2822,581,2024-Q2,3,2024-06-08
2823,582,2024-Q2,3,2024-06-15
2824,583,2024-Q2,3,2024-06-27
2825,586,2024-Q2,3,2024-06-15
2826,587,2024-Q2,3,2024-06-30
2827,588,2024-Q2,3,2024-06-28
2828,589,2024-Q2,4,2024-06-23
2829,590,2024-Q2,4,2024-06-09
2830,591,2024-Q2,5,2024-06-18
2831,592,2024-Q2,4,2024-06-01
2832,594,2024-Q2,3,2024-06-09
2833,595,2024-Q2,4,2024-06-04
2834,596,2024-Q2,3,2024-06-15
2835,598,2024-Q2,2,2024-06-13
2836,599,2024-Q2,5,2024-06-07
2837,600,2024-Q2,4,2024-06-15
2838,601,2024-Q2,4,2024-06-17
2839,602,2024-Q2,4,2024-06-19
2840,605,2024-Q2,4,2024-06-06
2841,606,2024-Q2,3,2024-06-14
2842,607,2024-Q2,3,2024-06-05
2843,608,2024-Q2,3,2024-06-15
2844,610,2024-Q2,4,2024-06-14
2845,611,2024-Q2,2,2024-06-20
2846,612,2024-Q2,2,2024-06-05
2847,613,2024-Q2,3,2024-06-24
2848,614,2024-Q2,2,2024-06-07
2849,615,2024-Q2,3,2024-06-13
2850,616,2024-Q2,3,2024-06-15
2851,617,2024-Q2,3,2024-06-30
2852,618,2024-Q2,4,2024-06-01
2853,619,2024-Q2,3,2024-06-28
2854,620,2024-Q2,3,2024-06-29
2855,621,2024-Q2,3,2024-06-20
2856,622,2024-Q2,4,2024-06-07
2857,623,2024-Q2,4,2024-06-01
2858,624,2024-Q2,4,2024-06-21
2859,625,2024-Q2,4,2024-06-20
2860,628,2024-Q2,3,2024-06-21
2861,629,2024-Q2,4,2024-06-24
2862,630,2024-Q2,2,2024-06-10
2863,631,2024-Q2,4,2024-06-16
2864,633,2024-Q2,5,2024-06-16
2865,634,2024-Q2,3,2024-06-10
2866,635,2024-Q2,4,2024-06-26
2867,636,2024-Q2,3,2024-06-20
2868,638,2024-Q2,4,2024-06-02
2869,639,2024-Q2,3,2024-06-30
2870,640,2024-Q2,3,2024-06-14
2871,641,2024-Q2,4,2024-06-09
2872,642,2024-Q2,3,2024-06-05
2873,644,2024-Q2,5,2024-06-30
2874,645,2024-Q2,3,2024-06-21
2875,647,2024-Q2,2,2024-06-03
2876,648,2024-Q2,3,2024-06-12
2877,649,2024-Q2,4,2024-06-14
2878,651,2024-Q2,3,2024-06-11
2879,653,2024-Q2,4,2024-06-21
2880,655,2024-Q2,2,2024-06-28
2881,656,2024-Q2,3,2024-06-16
2882,657,2024-Q2,5,2024-06-23
2883,658,2024-Q2,2,2024-06-28
2884,659,2024-Q2,4,2024-06-01
2885,660,2024-Q2,5,2024-06-12
2886,661,2024-Q2,4,2024-06-06
2887,662,2024-Q2,3,2024-06-27
2888,663,2024-Q2,4,2024-06-24
2889,2,2024-Q3,4,2024-09-12
2890,3,2024-Q3,4,2024-09-14
2891,4,2024-Q3,4,2024-09-05
2892,9,2024-Q3,4,2024-09-16
2893,10,2024-Q3,4,2024-09-16
2894,11,2024-Q3,4,2024-09-02
2895,12,2024-Q3,4,2024-09-09
2896,13,2024-Q3,3,2024-09-21
2897,16,2024-Q3,5,2024-09-09
2898,18,2024-Q3,4,2024-09-23
2899,19,2024-Q3,3,2024-09-17
2900,20,2024-Q3,4,2024-09-27
2901,21,2024-Q3,3,2024-09-15
2902,22,2024-Q3,3,2024-09-15
2903,23,2024-Q3,3,2024-09-16
2904,25,2024-Q3,4,2024-09-18
2905,26,2024-Q3,5,2024-09-21
2906,27,2024-Q3,3,2024-09-18
2907,29,2024-Q3,3,2024-09-14
2908,30,2024-Q3,4,2024-09-01
2909,32,2024-Q3,3,2024-09-19
2910,34,2024-Q3,4,2024-09-04
2911,35,2024-Q3,3,2024-09-03
2912,36,2024-Q3,3,2024-09-26
2913,39,2024-Q3,4,2024-09-26
2914,40,2024-Q3,4,2024-09-28
2915,42,2024-Q3,3,2024-09-26
2916,44,2024-Q3,3,2024-09-27
2917,45,2024-Q3,4,2024-09-25
2918,46,2024-Q3,3,2024-09-28
2919,47,2024-Q3,3,2024-09-16
2920,48,2024-Q3,4,2024-09-19
2921,50,2024-Q3,3,2024-09-09
2922,52,2024-Q3,3,2024-09-30
2923,53,2024-Q3,3,2024-09-15
2924,55,2024-Q3,2,2024-09-11
2925,59,2024-Q3,3,2024-09-20
2926,60,2024-Q3,3,2024-09-17
2927,61,2024-Q3,5,2024-09-07
2928,62,2024-Q3,1,2024-09-01
2929,63,2024-Q3,2,2024-09-25
2930,64,2024-Q3,4,2024-09-26
2931,66,2024-Q3,3,2024-09-22
2932,67,2024-Q3,4,2024-09-11
2933,71,2024-Q3,3,2024-09-20
2934,72,2024-Q3,3,2024-09-29
2935,73,2024-Q3,2,2024-09-09
2936,75,2024-Q3,3,2024-09-10
2937,76,2024-Q3,3,2024-09-03
2938,78,2024-Q3,3,2024-09-10
2939,82,2024-Q3,3,2024-09-30
2940,84,2024-Q3,2,2024-09-21
2941,86,2024-Q3,4,2024-09-18
2942,88,2024-Q3,3,2024-09-21
2943,89,2024-Q3,4,2024-09-20
2944,91,2024-Q3,2,2024-09-28
2945,92,2024-Q3,3,2024-09-29
2946,94,2024-Q3,3,2024-09-21
2947,97,2024-Q3,3,2024-09-17
2948,98,2024-Q3,3,2024-09-14
2949,101,2024-Q3,3,2024-09-08
2950,102,2024-Q3,5,2024-09-14
2951,105,2024-Q3,3,2024-09-14
2952,106,2024-Q3,4,2024-09-05
2953,107,2024-Q3,3,2024-09-07
2954,110,2024-Q3,2,2024-09-16
2955,111,2024-Q3,3,2024-09-30
2956,112,2024-Q3,3,2024-09-05
2957,116,2024-Q3,3,2024-09-18
2958,118,2024-Q3,4,2024-09-07
2959,119,2024-Q3,4,2024-09-12
2960,121,2024-Q3,3,2024-09-21
2961,122,2024-Q3,4,2024-09-10
2962,123,2024-Q3,3,2024-09-18
2963,124,2024-Q3,3,2024-09-19
2964,125,2024-Q3,2,2024-09-13
2965,126,2024-Q3,3,2024-09-10
2966,128,2024-Q3,4,2024-09-28
2967,129,2024-Q3,4,2024-09-24
2968,131,2024-Q3,4,2024-09-10
2969,135,2024-Q3,3,2024-09-20
2970,136,2024-Q3,2,2024-09-03
2971,137,2024-Q3,2,2024-09-29
2972,138,2024-Q3,5,2024-09-17
2973,140,2024-Q3,2,2024-09-10
2974,142,2024-Q3,3,2024-09-26
2975,144,2024-Q3,4,2024-09-13
2976,145,2024-Q3,2,2024-09-19
2977,146,2024-Q3,2,2024-09-26
2978,147,2024-Q3,3,2024-09-01
2979,148,2024-Q3,4,2024-09-28
2980,149,2024-Q3,4,2024-09-08
2981,151,2024-Q3,4,2024-09-28
2982,153,2024-Q3,3,2024-09-19
2983,154,2024-Q3,2,2024-09-06
2984,155,2024-Q3,3,2024-09-29
2985,156,2024-Q3,3,2024-09-20
2986,157,2024-Q3,4,2024-09-14
2987,161,2024-Q3,5,2024-09-30
2988,162,2024-Q3,3,2024-09-28
2989,163,2024-Q3,4,2024-09-08
2990,164,2024-Q3,4,2024-09-07
2991,167,2024-Q3,4,2024-09-20
2992,168,2024-Q3,3,2024-09-28
2993,169,2024-Q3,4,2024-09-10
2994,170,2024-Q3,4,2024-09-20
2995,171,2024-Q3,3,2024-09-12
2996,172,2024-Q3,4,2024-09-10
2997,175,2024-Q3,3,2024-09-05
2998,176,2024-Q3,4,2024-09-03
2999,177,2024-Q3,2,2024-09-13
3000,180,2024-Q3,5,2024-09-12
3001,181,2024-Q3,4,2024-09-13
3002,182,2024-Q3,5,2024-09-03
3003,186,2024-Q3,4,2024-09-26
3004,187,2024-Q3,3,2024-09-24
3005,190,2024-Q3,4,2024-09-10
3006,191,2024-Q3,3,2024-09-18
3007,192,2024-Q3,4,2024-09-18
3008,194,2024-Q3,4,2024-09-08
3009,195,2024-Q3,3,2024-09-22
3010,196,2024-Q3,3,2024-09-19
3011,198,2024-Q3,4,2024-09-09
3012,199,2024-Q3,4,2024-09-17
3013,200,2024-Q3,3,2024-09-28
3014,201,2024-Q3,4,2024-09-10
3015,202,2024-Q3,3,2024-09-17
3016,203,2024-Q3,3,2024-09-23
3017,204,2024-Q3,3,2024-09-04
3018,205,2024-Q3,4,2024-09-18
3019,206,2024-Q3,3,2024-09-11
3020,207,2024-Q3,4,2024-09-03
3021,208,2024-Q3,2,2024-09-01
3022,209,2024-Q3,2,2024-09-18
3023,210,2024-Q3,3,2024-09-22
3024,211,2024-Q3,3,2024-09-17
3025,212,2024-Q3,3,2024-09-15
3026,213,2024-Q3,4,2024-09-14
3027,214,2024-Q3,5,2024-09-27
3028,216,2024-Q3,3,2024-09-30
3029,217,2024-Q3,5,2024-09-06
3030,219,2024-Q3,4,2024-09-13
3031,220,2024-Q3,2,2024-09-21
3032,221,2024-Q3,3,2024-09-11
3033,223,2024-Q3,3,2024-09-06
3034,224,2024-Q3,5,2024-09-04
3035,225,2024-Q3,3,2024-09-03
3036,226,2024-Q3,3,2024-09-24
3037,227,2024-Q3,4,2024-09-28
3038,229,2024-Q3,4,2024-09-24
3039,231,2024-Q3,4,2024-09-02
3040,232,2024-Q3,3,2024-09-19
3041,233,2024-Q3,3,2024-09-13
3042,234,2024-Q3,3,2024-09-01
3043,235,2024-Q3,3,2024-09-02
3044,237,2024-Q3,2,2024-09-07
3045,238,2024-Q3,3,2024-09-04
3046,239,2024-Q3,4,2024-09-21
3047,241,2024-Q3,4,2024-09-20
3048,242,2024-Q3,4,2024-09-11
3049,244,2024-Q3,3,2024-09-15
3050,245,2024-Q3,3,2024-09-01
3051,247,2024-Q3,3,2024-09-07
3052,249,2024-Q3,3,2024-09-24
3053,250,2024-Q3,4,2024-09-08
3054,251,2024-Q3,2,2024-09-22
3055,252,2024-Q3,5,2024-09-09
3056,253,2024-Q3,3,2024-09-21
3057,254,2024-Q3,2,2024-09-12
3058,255,2024-Q3,2,2024-09-25
3059,256,2024-Q3,2,2024-09-13
3060,259,2024-Q3,1,2024-09-11
3061,260,2024-Q3,4,2024-09-29
3062,262,2024-Q3,4,2024-09-26
3063,263,2024-Q3,3,2024-09-09
3064,264,2024-Q3,4,2024-09-12
3065,265,2024-Q3,4,2024-09-25
3066,266,2024-Q3,5,2024-09-25
3067,267,2024-Q3,3,2024-09-18
3068,268,2024-Q3,3,2024-09-23
3069,269,2024-Q3,2,2024-09-29
3070,271,2024-Q3,4,2024-09-18
3071,272,2024-Q3,4,2024-09-30
3072,275,2024-Q3,4,2024-09-19
3073,277,2024-Q3,2,2024-09-23
3074,282,2024-Q3,2,2024-09-18
3075,284,2024-Q3,4,2024-09-14
3076,285,2024-Q3,5,2024-09-14
3077,286,2024-Q3,3,2024-09-10
3078,287,2024-Q3,4,2024-09-19
3079,288,2024-Q3,3,2024-09-26
3080,289,2024-Q3,2,2024-09-14
3081,290,2024-Q3,4,2024-09-17
3082,291,2024-Q3,2,2024-09-23
3083,292,2024-Q3,4,2024-09-26
3084,293,2024-Q3,3,2024-09-06
3085,294,2024-Q3,4,2024-09-09
3086,296,2024-Q3,2,2024-09-16
3087,302,2024-Q3,4,2024-09-09
3088,303,2024-Q3,3,2024-09-04
3089,305,2024-Q3,4,2024-09-26
3090,307,2024-Q3,5,2024-09-11
3091,308,2024-Q3,3,2024-09-21
3092,309,2024-Q3,1,2024-09-27
3093,310,2024-Q3,3,2024-09-30
3094,311,2024-Q3,4,2024-09-20
3095,313,2024-Q3,3,2024-09-13
3096,314,2024-Q3,3,2024-09-09
3097,315,2024-Q3,2,2024-09-04
3098,317,2024-Q3,1,2024-09-14
3099,318,2024-Q3,3,2024-09-15
3100,320,2024-Q3,4,2024-09-14
3101,321,2024-Q3,2,2024-09-08
3102,324,2024-Q3,4,2024-09-08
3103,325,2024-Q3,4,2024-09-12
3104,327,2024-Q3,3,2024-09-04
3105,330,2024-Q3,3,2024-09-09
3106,331,2024-Q3,2,2024-09-02
3107,332,2024-Q3,4,2024-09-09
3108,333,2024-Q3,4,2024-09-30
3109,334,2024-Q3,3,2024-09-22
3110,335,2024-Q3,3,2024-09-26
3111,336,2024-Q3,4,2024-09-26
3112,337,2024-Q3,4,2024-09-02
3113,339,2024-Q3,3,2024-09-09
3114,341,2024-Q3,4,2024-09-13
3115,343,2024-Q3,3,2024-09-01
3116,344,2024-Q3,3,2024-09-10
3117,345,2024-Q3,5,2024-09-02
3118,348,2024-Q3,3,2024-09-18
3119,350,2024-Q3,4,2024-09-02
3120,351,2024-Q3,4,2024-09-29
3121,352,2024-Q3,2,2024-09-02
3122,355,2024-Q3,3,2024-09-07
3123,356,2024-Q3,4,2024-09-22
3124,357,2024-Q3,4,2024-09-30
3125,358,2024-Q3,3,2024-09-28
3126,359,2024-Q3,4,2024-09-03
3127,360,2024-Q3,4,2024-09-04
3128,361,2024-Q3,2,2024-09-28
3129,362,2024-Q3,4,2024-09-15
3130,363,2024-Q3,3,2024-09-30
3131,364,2024-Q3,4,2024-09-03
3132,366,2024-Q3,3,2024-09-05
3133,369,2024-Q3,4,2024-09-14
3134,370,2024-Q3,3,2024-09-16
3135,371,2024-Q3,4,2024-09-03
3136,373,2024-Q3,3,2024-09-21
3137,374,2024-Q3,3,2024-09-13
3138,375,2024-Q3,3,2024-09-19
3139,377,2024-Q3,3,2024-09-10
3140,379,2024-Q3,3,2024-09-08
3141,380,2024-Q3,3,2024-09-14
3142,381,2024-Q3,4,2024-09-14
3143,382,2024-Q3,4,2024-09-27
3144,383,2024-Q3,4,2024-09-11
3145,384,2024-Q3,4,2024-09-12
3146,387,2024-Q3,4,2024-09-18
3147,389,2024-Q3,2,2024-09-12
3148,390,2024-Q3,3,2024-09-20
3149,391,2024-Q3,2,2024-09-08
3150,394,2024-Q3,3,2024-09-04
3151,395,2024-Q3,3,2024-09-14
3152,396,2024-Q3,2,2024-09-22
3153,398,2024-Q3,3,2024-09-29
3154,400,2024-Q3,4,2024-09-06
3155,401,2024-Q3,3,2024-09-05
3156,402,2024-Q3,4,2024-09-12
3157,403,2024-Q3,3,2024-09-01
3158,404,2024-Q3,3,2024-09-03
3159,405,2024-Q3,5,2024-09-04
3160,408,2024-Q3,3,2024-09-27
3161,409,2024-Q3,2,2024-09-28
3162,410,2024-Q3,2,2024-09-02
3163,412,2024-Q3,2,2024-09-04
3164,415,2024-Q3,3,2024-09-21
3165,418,2024-Q3,3,2024-09-09
3166,421,2024-Q3,3,2024-09-04
3167,423,2024-Q3,3,2024-09-14
3168,424,2024-Q3,3,2024-09-17
3169,425,2024-Q3,5,2024-09-22
3170,427,2024-Q3,5,2024-09-06
3171,429,2024-Q3,3,2024-09-28
3172,430,2024-Q3,3,2024-09-07
3173,431,2024-Q3,3,2024-09-02
3174,432,2024-Q3,3,2024-09-03
3175,433,2024-Q3,3,2024-09-20
3176,434,2024-Q3,3,2024-09-08
3177,436,2024-Q3,4,2024-09-30
3178,437,2024-Q3,2,2024-09-25
3179,440,2024-Q3,3,2024-09-30
3180,441,2024-Q3,3,2024-09-26
3181,443,2024-Q3,2,2024-09-12
3182,445,2024-Q3,2,2024-09-02
3183,446,2024-Q3,3,2024-09-05
3184,448,2024-Q3,4,2024-09-03
3185,449,2024-Q3,5,2024-09-08
3186,450,2024-Q3,2,2024-09-28
3187,451,2024-Q3,4,2024-09-30
3188,452,2024-Q3,2,2024-09-14
3189,453,2024-Q3,3,2024-09-05
3190,454,2024-Q3,5,2024-09-06
3191,456,2024-Q3,2,2024-09-16
3192,458,2024-Q3,4,2024-09-23
3193,459,2024-Q3,4,2024-09-25
3194,460,2024-Q3,4,2024-09-20
3195,461,2024-Q3,3,2024-09-08
3196,463,2024-Q3,5,2024-09-13
3197,464,2024-Q3,4,2024-09-12
3198,465,2024-Q3,2,2024-09-19
3199,466,2024-Q3,3,2024-09-25
3200,467,2024-Q3,3,2024-09-19
3201,469,2024-Q3,2,2024-09-19
3202,470,2024-Q3,4,2024-09-23
3203,472,2024-Q3,3,2024-09-03
3204,474,2024-Q3,3,2024-09-13
3205,475,2024-Q3,3,2024-09-25
3206,476,2024-Q3,4,2024-09-15
3207,477,2024-Q3,3,2024-09-03
3208,479,2024-Q3,4,2024-09-18
3209,480,2024-Q3,3,2024-09-17
3210,481,2024-Q3,4,2024-09-16
3211,482,2024-Q3,4,2024-09-13
3212,484,2024-Q3,4,2024-09-26
3213,486,2024-Q3,3,2024-09-24
3214,487,2024-Q3,4,2024-09-09
3215,488,2024-Q3,3,2024-09-05
3216,489,2024-Q3,4,2024-09-24
3217,490,2024-Q3,4,2024-09-11
3218,491,2024-Q3,3,2024-09-10
3219,492,2024-Q3,3,2024-09-06
3220,494,2024-Q3,3,2024-09-19
3221,495,2024-Q3,4,2024-09-12
3222,498,2024-Q3,3,2024-09-25
3223,499,2024-Q3,3,2024-09-11
3224,500,2024-Q3,2,2024-09-10
3225,501,2024-Q3,5,2024-09-11
3226,503,2024-Q3,3,2024-09-13
3227,504,2024-Q3,3,2024-09-05
3228,505,2024-Q3,5,2024-09-13
3229,506,2024-Q3,3,2024-09-10
3230,508,2024-Q3,4,2024-09-27
3231,509,2024-Q3,4,2024-09-04
3232,510,2024-Q3,3,2024-09-06
3233,514,2024-Q3,4,2024-09-27
3234,515,2024-Q3,5,2024-09-25
3235,516,2024-Q3,3,2024-09-25
3236,518,2024-Q3,3,2024-09-06
3237,519,2024-Q3,2,2024-09-02
3238,520,2024-Q3,4,2024-09-08
3239,521,2024-Q3,3,2024-09-16
3240,522,2024-Q3,3,2024-09-02
3241,523,2024-Q3,3,2024-09-19
3242,524,2024-Q3,3,2024-09-14
3243,525,2024-Q3,4,2024-09-13
3244,526,2024-Q3,5,2024-09-23
3245,527,2024-Q3,2,2024-09-10
3246,528,2024-Q3,5,2024-09-15
3247,529,2024-Q3,4,2024-09-10
3248,531,2024-Q3,3,2024-09-26
3249,534,2024-Q3,4,2024-09-21
3250,535,2024-Q3,5,2024-09-26
3251,536,2024-Q3,3,2024-09-24
3252,537,2024-Q3,4,2024-09-08
3253,538,2024-Q3,4,2024-09-25
3254,539,2024-Q3,4,2024-09-23
3255,541,2024-Q3,4,2024-09-14
3256,543,2024-Q3,3,2024-09-12
3257,544,2024-Q3,2,2024-09-14
3258,545,2024-Q3,4,2024-09-01
3259,546,2024-Q3,4,2024-09-11
3260,548,2024-Q3,4,2024-09-22
3261,549,2024-Q3,3,2024-09-13
3262,550,2024-Q3,5,2024-09-18
3263,551,2024-Q3,2,2024-09-21
3264,552,2024-Q3,4,2024-09-11
3265,553,2024-Q3,2,2024-09-03
3266,555,2024-Q3,3,2024-09-21
3267,556,2024-Q3,3,2024-09-14
3268,558,2024-Q3,4,2024-09-16
3269,559,2024-Q3,3,2024-09-24
3270,560,2024-Q3,4,2024-09-27
3271,563,2024-Q3,2,2024-09-05
3272,565,2024-Q3,3,2024-09-03
3273,566,2024-Q3,3,2024-09-22
3274,567,2024-Q3,4,2024-09-28
3275,568,2024-Q3,4,2024-09-18
3276,569,2024-Q3,4,2024-09-22
3277,570,2024-Q3,3,2024-09-03
3278,572,2024-Q3,3,2024-09-07
3279,575,2024-Q3,5,2024-09-22
3280,576,2024-Q3,4,2024-09-26
3281,577,2024-Q3,3,2024-09-15
3282,581,2024-Q3,4,2024-09-26
3283,582,2024-Q3,2,2024-09-30
3284,583,2024-Q3,5,2024-09-27
3285,585,2024-Q3,4,2024-09-16
3286,586,2024-Q3,3,2024-09-15
3287,587,2024-Q3,3,2024-09-09
3288,588,2024-Q3,3,2024-09-19
3289,589,2024-Q3,3,2024-09-10
3290,590,2024-Q3,4,2024-09-05
3291,592,2024-Q3,4,2024-09-13
3292,593,2024-Q3,3,2024-09-04
3293,594,2024-Q3,3,2024-09-25
3294,595,2024-Q3,2,2024-09-15
3295,597,2024-Q3,4,2024-09-24
3296,598,2024-Q3,5,2024-09-15
3297,599,2024-Q3,3,2024-09-05
3298,600,2024-Q3,3,2024-09-19
3299,601,2024-Q3,2,2024-09-12
3300,603,2024-Q3,4,2024-09-26
3301,604,2024-Q3,5,2024-09-23
3302,605,2024-Q3,2,2024-09-10
3303,609,2024-Q3,2,2024-09-12
3304,610,2024-Q3,4,2024-09-17
3305,611,2024-Q3,4,2024-09-05
3306,612,2024-Q3,4,2024-09-05
3307,613,2024-Q3,2,2024-09-23
3308,614,2024-Q3,2,2024-09-19
3309,615,2024-Q3,3,2024-09-30
3310,616,2024-Q3,4,2024-09-13
3311,617,2024-Q3,3,2024-09-08
3312,618,2024-Q3,4,2024-09-28
3313,620,2024-Q3,4,2024-09-05
3314,621,2024-Q3,4,2024-09-01
3315,622,2024-Q3,4,2024-09-17
3316,623,2024-Q3,3,2024-09-09
3317,624,2024-Q3,4,2024-09-25
3318,625,2024-Q3,3,2024-09-01
3319,628,2024-Q3,5,2024-09-20
3320,629,2024-Q3,3,2024-09-21
3321,630,2024-Q3,3,2024-09-11
3322,631,2024-Q3,4,2024-09-09
3323,632,2024-Q3,2,2024-09-05
3324,633,2024-Q3,4,2024-09-12
3325,634,2024-Q3,3,2024-09-28
3326,635,2024-Q3,3,2024-09-09
3327,636,2024-Q3,3,2024-09-19
3328,638,2024-Q3,3,2024-09-27
3329,639,2024-Q3,3,2024-09-04
3330,641,2024-Q3,3,2024-09-04
3331,642,2024-Q3,4,2024-09-23
3332,643,2024-Q3,2,2024-09-18
3333,645,2024-Q3,2,2024-09-21
3334,646,2024-Q3,3,2024-09-24
3335,647,2024-Q3,3,2024-09-10
3336,648,2024-Q3,4,2024-09-08
3337,649,2024-Q3,3,2024-09-07
3338,650,2024-Q3,2,2024-09-21
3339,651,2024-Q3,3,2024-09-10
3340,652,2024-Q3,3,2024-09-12
3341,653,2024-Q3,4,2024-09-01
3342,655,2024-Q3,4,2024-09-15
3343,656,2024-Q3,5,2024-09-20
3344,657,2024-Q3,4,2024-09-29
3345,658,2024-Q3,3,2024-09-23
3346,659,2024-Q3,3,2024-09-03
3347,660,2024-Q3,3,2024-09-26
3348,661,2024-Q3,3,2024-09-14
3349,662,2024-Q3,3,2024-09-27
3350,663,2024-Q3,3,2024-09-12
3351,664,2024-Q3,3,2024-09-07
3352,665,2024-Q3,3,2024-09-03
3353,666,2024-Q3,4,2024-09-01
3354,668,2024-Q3,4,2024-09-07
3355,669,2024-Q3,3,2024-09-05
3356,670,2024-Q3,4,2024-09-08
3357,671,2024-Q3,3,2024-09-25
3358,672,2024-Q3,5,2024-09-06
3359,673,2024-Q3,2,2024-09-16
3360,674,2024-Q3,4,2024-09-02
3361,676,2024-Q3,2,2024-09-01
3362,677,2024-Q3,4,2024-09-25
3363,678,2024-Q3,4,2024-09-06
3364,679,2024-Q3,5,2024-09-19
3365,680,2024-Q3,3,2024-09-12
3366,681,2024-Q3,4,2024-09-23
3367,682,2024-Q3,3,2024-09-08
3368,684,2024-Q3,4,2024-09-18
3369,685,2024-Q3,4,2024-09-19
3370,686,2024-Q3,3,2024-09-24
3371,687,2024-Q3,3,2024-09-08
3372,688,2024-Q3,2,2024-09-23
3373,689,2024-Q3,5,2024-09-16
3374,690,2024-Q3,3,2024-09-25
3375,691,2024-Q3,4,2024-09-05
3376,692,2024-Q3,3,2024-09-16
3377,693,2024-Q3,4,2024-09-25
3378,694,2024-Q3,3,2024-09-30
3379,695,2024-Q3,5,2024-09-23
3380,696,2024-Q3,4,2024-09-10
3381,698,2024-Q3,5,2024-09-12
3382,699,2024-Q3,2,2024-09-27
3383,700,2024-Q3,3,2024-09-25
3384,701,2024-Q3,4,2024-09-30
3385,704,2024-Q3,3,2024-09-13
3386,705,2024-Q3,3,2024-09-20
3387,706,2024-Q3,4,2024-09-15
3388,707,2024-Q3,3,2024-09-20
3389,708,2024-Q3,2,2024-09-07
3390,709,2024-Q3,4,2024-09-09
3391,710,2024-Q3,5,2024-09-05
3392,711,2024-Q3,3,2024-09-23
3393,712,2024-Q3,4,2024-09-23
3394,713,2024-Q3,2,2024-09-09
3395,714,2024-Q3,3,2024-09-01
3396,715,2024-Q3,3,2024-09-10
3397,716,2024-Q3,3,2024-09-04
3398,717,2024-Q3,4,2024-09-26
3399,718,2024-Q3,4,2024-09-24
3400,719,2024-Q3,3,2024-09-13
3401,720,2024-Q3,4,2024-09-01
3402,721,2024-Q3,3,2024-09-12
3403,722,2024-Q3,3,2024-09-28
3404,723,2024-Q3,2,2024-09-11
3405,724,2024-Q3,5,2024-09-07
3406,725,2024-Q3,2,2024-09-12
3407,726,2024-Q3,4,2024-09-10
3408,727,2024-Q3,4,2024-09-03
3409,728,2024-Q3,5,2024-09-30
3410,729,2024-Q3,3,2024-09-28
3411,730,2024-Q3,4,2024-09-01
3412,731,2024-Q3,2,2024-09-16
3413,732,2024-Q3,4,2024-09-12
3414,2,2024-Q4,3,2024-12-26
3415,3,2024-Q4,4,2024-12-26
3416,4,2024-Q4,4,2024-12-28
3417,9,2024-Q4,4,2024-12-26
3418,10,2024-Q4,2,2024-12-26
3419,11,2024-Q4,3,2024-12-25
3420,12,2024-Q4,5,2024-12-31
3421,16,2024-Q4,4,2024-12-11
3422,17,2024-Q4,5,2024-12-26
3423,18,2024-Q4,4,2024-12-11
3424,20,2024-Q4,2,2024-12-31
3425,21,2024-Q4,3,2024-12-18
3426,22,2024-Q4,4,2024-12-21
3427,23,2024-Q4,4,2024-12-24
3428,25,2024-Q4,5,2024-12-04
3429,30,2024-Q4,3,2024-12-31
3430,31,2024-Q4,3,2024-12-22
3431,32,2024-Q4,4,2024-12-02
3432,34,2024-Q4,4,2024-12-15
3433,35,2024-Q4,4,2024-12-25
3434,36,2024-Q4,3,2024-12-30
3435,39,2024-Q4,3,2024-12-14
3436,40,2024-Q4,3,2024-12-16
3437,42,2024-Q4,4,2024-12-15
3438,44,2024-Q4,3,2024-12-12
3439,45,2024-Q4,3,2024-12-27
3440,46,2024-Q4,4,2024-12-14
3441,47,2024-Q4,2,2024-12-13
3442,48,2024-Q4,3,2024-12-22
3443,50,2024-Q4,2,2024-12-08
3444,51,2024-Q4,3,2024-12-29
3445,52,2024-Q4,4,2024-12-21
3446,53,2024-Q4,5,2024-12-20
3447,54,2024-Q4,3,2024-12-02
3448,55,2024-Q4,3,2024-12-29
3449,59,2024-Q4,4,2024-12-13
3450,60,2024-Q4,5,2024-12-26
3451,62,2024-Q4,3,2024-12-08
3452,63,2024-Q4,2,2024-12-11
3453,64,2024-Q4,5,2024-12-20
3454,65,2024-Q4,3,2024-12-18
3455,66,2024-Q4,4,2024-12-04
3456,67,2024-Q4,3,2024-12-15
3457,71,2024-Q4,4,2024-12-30
3458,73,2024-Q4,5,2024-12-25
3459,76,2024-Q4,4,2024-12-14
3460,80,2024-Q4,3,2024-12-23
3461,81,2024-Q4,3,2024-12-01
3462,82,2024-Q4,4,2024-12-27
3463,84,2024-Q4,4,2024-12-08
3464,86,2024-Q4,3,2024-12-07
3465,88,2024-Q4,3,2024-12-14
3466,89,2024-Q4,3,2024-12-08
3467,94,2024-Q4,4,2024-12-30
3468,96,2024-Q4,4,2024-12-04
3469,97,2024-Q4,5,2024-12-05
3470,98,2024-Q4,3,2024-12-03
3471,100,2024-Q4,2,2024-12-19
3472,101,2024-Q4,5,2024-12-19
3473,106,2024-Q4,3,2024-12-04
3474,107,2024-Q4,2,2024-12-16
3475,109,2024-Q4,3,2024-12-02
3476,110,2024-Q4,3,2024-12-17
3477,111,2024-Q4,4,2024-12-03
3478,112,2024-Q4,4,2024-12-11
3479,116,2024-Q4,3,2024-12-19
3480,118,2024-Q4,2,2024-12-08
3481,119,2024-Q4,3,2024-12-18
3482,121,2024-Q4,3,2024-12-27
3483,122,2024-Q4,2,2024-12-28
3484,123,2024-Q4,4,2024-12-13
3485,124,2024-Q4,5,2024-12-15
3486,125,2024-Q4,3,2024-12-08
3487,126,2024-Q4,3,2024-12-08
3488,128,2024-Q4,3,2024-12-08
3489,129,2024-Q4,3,2024-12-27
3490,131,2024-Q4,3,2024-12-15
3491,133,2024-Q4,3,2024-12-09
3492,136,2024-Q4,2,2024-12-25
3493,138,2024-Q4,2,2024-12-28
3494,140,2024-Q4,3,2024-12-10
3495,141,2024-Q4,5,2024-12-07
3496,142,2024-Q4,3,2024-12-12
3497,144,2024-Q4,4,2024-12-06
3498,145,2024-Q4,2,2024-12-25
3499,146,2024-Q4,4,2024-12-19
3500,147,2024-Q4,3,2024-12-16
3501,148,2024-Q4,4,2024-12-16
3502,149,2024-Q4,4,2024-12-13
3503,151,2024-Q4,3,2024-12-14
3504,152,2024-Q4,5,2024-12-05
3505,153,2024-Q4,4,2024-12-19
3506,155,2024-Q4,4,2024-12-25
3507,156,2024-Q4,3,2024-12-12
3508,157,2024-Q4,2,2024-12-01
3509,160,2024-Q4,3,2024-12-20
3510,161,2024-Q4,4,2024-12-28
3511,162,2024-Q4,3,2024-12-05
3512,164,2024-Q4,4,2024-12-16
3513,168,2024-Q4,3,2024-12-21
3514,169,2024-Q4,4,2024-12-19
3515,170,2024-Q4,3,2024-12-19
3516,171,2024-Q4,4,2024-12-24
3517,175,2024-Q4,3,2024-12-15
3518,176,2024-Q4,3,2024-12-12
3519,177,2024-Q4,3,2024-12-06
3520,178,2024-Q4,3,2024-12-02
3521,180,2024-Q4,5,2024-12-06
3522,181,2024-Q4,3,2024-12-25
3523,182,2024-Q4,4,2024-12-19
3524,183,2024-Q4,3,2024-12-13
3525,184,2024-Q4,2,2024-12-01
3526,185,2024-Q4,4,2024-12-31
3527,186,2024-Q4,5,2024-12-22
3528,187,2024-Q4,3,2024-12-12
3529,188,2024-Q4,4,2024-12-29
3530,190,2024-Q4,4,2024-12-20
3531,191,2024-Q4,3,2024-12-27
3532,192,2024-Q4,4,2024-12-26
3533,195,2024-Q4,4,2024-12-10
3534,196,2024-Q4,3,2024-12-11
3535,198,2024-Q4,4,2024-12-25
3536,199,2024-Q4,4,2024-12-01
3537,201,2024-Q4,4,2024-12-15
3538,204,2024-Q4,3,2024-12-26
3539,205,2024-Q4,1,2024-12-14
3540,206,2024-Q4,3,2024-12-21
3541,208,2024-Q4,4,2024-12-08
3542,210,2024-Q4,3,2024-12-08
3543,213,2024-Q4,4,2024-12-23
3544,214,2024-Q4,3,2024-12-31
3545,216,2024-Q4,4,2024-12-19
3546,217,2024-Q4,4,2024-12-16
3547,219,2024-Q4,4,2024-12-16
3548,220,2024-Q4,5,2024-12-06
3549,221,2024-Q4,4,2024-12-27
3550,222,2024-Q4,3,2024-12-10
3551,223,2024-Q4,4,2024-12-06
3552,224,2024-Q4,3,2024-12-16
3553,225,2024-Q4,3,2024-12-06
3554,226,2024-Q4,5,2024-12-10
3555,227,2024-Q4,4,2024-12-06
3556,228,2024-Q4,3,2024-12-01
3557,229,2024-Q4,4,2024-12-12
3558,231,2024-Q4,3,2024-12-09
3559,232,2024-Q4,3,2024-12-23
3560,233,2024-Q4,3,2024-12-28
3561,235,2024-Q4,4,2024-12-21
3562,236,2024-Q4,4,2024-12-12
3563,237,2024-Q4,3,2024-12-08
3564,239,2024-Q4,5,2024-12-16
3565,240,2024-Q4,3,2024-12-31
3566,241,2024-Q4,4,2024-12-07
3567,244,2024-Q4,3,2024-12-13
3568,245,2024-Q4,4,2024-12-21
3569,249,2024-Q4,4,2024-12-05
3570,250,2024-Q4,3,2024-12-24
3571,251,2024-Q4,3,2024-12-20
3572,252,2024-Q4,4,2024-12-01
3573,253,2024-Q4,1,2024-12-16
3574,254,2024-Q4,3,2024-12-01
3575,255,2024-Q4,3,2024-12-02
3576,256,2024-Q4,4,2024-12-18
3577,259,2024-Q4,3,2024-12-19
3578,260,2024-Q4,4,2024-12-01
3579,262,2024-Q4,4,2024-12-19
3580,263,2024-Q4,2,2024-12-30
3581,264,2024-Q4,2,2024-12-30
3582,265,2024-Q4,3,2024-12-11
3583,266,2024-Q4,5,2024-12-26
3584,267,2024-Q4,4,2024-12-10
3585,271,2024-Q4,4,2024-12-23
3586,277,2024-Q4,3,2024-12-26
3587,278,2024-Q4,3,2024-12-13
3588,279,2024-Q4,4,2024-12-20
3589,282,2024-Q4,4,2024-12-31
3590,284,2024-Q4,4,2024-12-16
3591,285,2024-Q4,4,2024-12-26
3592,286,2024-Q4,3,2024-12-25
3593,287,2024-Q4,4,2024-12-21
3594,289,2024-Q4,4,2024-12-15
3595,290,2024-Q4,4,2024-12-16
3596,292,2024-Q4,3,2024-12-17
3597,294,2024-Q4,4,2024-12-19
3598,301,2024-Q4,2,2024-12-21
3599,302,2024-Q4,3,2024-12-14
3600,304,2024-Q4,4,2024-12-24
3601,305,2024-Q4,3,2024-12-16
3602,307,2024-Q4,3,2024-12-10
3603,309,2024-Q4,3,2024-12-27
3604,310,2024-Q4,1,2024-12-12
3605,311,2024-Q4,4,2024-12-14
3606,313,2024-Q4,4,2024-12-20
3607,314,2024-Q4,3,2024-12-02
3608,317,2024-Q4,5,2024-12-05
3609,318,2024-Q4,3,2024-12-06
3610,320,2024-Q4,2,2024-12-13
3611,321,2024-Q4,4,2024-12-28
3612,324,2024-Q4,4,2024-12-26
3613,325,2024-Q4,4,2024-12-08
3614,330,2024-Q4,4,2024-12-26
3615,331,2024-Q4,3,2024-12-26
3616,333,2024-Q4,3,2024-12-11
3617,334,2024-Q4,3,2024-12-16
3618,335,2024-Q4,2,2024-12-26
3619,338,2024-Q4,2,2024-12-06
3620,339,2024-Q4,3,2024-12-30
3621,340,2024-Q4,3,2024-12-08
3622,341,2024-Q4,5,2024-12-01
3623,343,2024-Q4,2,2024-12-21
3624,344,2024-Q4,3,2024-12-10
3625,345,2024-Q4,2,2024-12-21
3626,346,2024-Q4,4,2024-12-05
3627,347,2024-Q4,4,2024-12-11
3628,349,2024-Q4,2,2024-12-08
3629,350,2024-Q4,3,2024-12-24
3630,351,2024-Q4,3,2024-12-02
3631,352,2024-Q4,3,2024-12-28
3632,355,2024-Q4,4,2024-12-19
3633,356,2024-Q4,3,2024-12-11
3634,358,2024-Q4,3,2024-12-22
3635,359,2024-Q4,4,2024-12-12
3636,360,2024-Q4,5,2024-12-15
3637,361,2024-Q4,3,2024-12-16
3638,362,2024-Q4,4,2024-12-11
3639,363,2024-Q4,4,2024-12-10
3640,364,2024-Q4,4,2024-12-30
3641,365,2024-Q4,3,2024-12-02
3642,366,2024-Q4,3,2024-12-12
3643,367,2024-Q4,4,2024-12-05
3644,368,2024-Q4,3,2024-12-16
3645,369,2024-Q4,3,2024-12-18
3646,371,2024-Q4,4,2024-12-19
3647,373,2024-Q4,4,2024-12-05
3648,374,2024-Q4,3,2024-12-31
3649,375,2024-Q4,3,2024-12-20
3650,376,2024-Q4,4,2024-12-27
3651,377,2024-Q4,3,2024-12-27
3652,378,2024-Q4,4,2024-12-16
3653,379,2024-Q4,4,2024-12-24
3654,381,2024-Q4,4,2024-12-01
3655,382,2024-Q4,3,2024-12-31
3656,383,2024-Q4,3,2024-12-25
3657,386,2024-Q4,4,2024-12-23
3658,387,2024-Q4,3,2024-12-12
3659,389,2024-Q4,5,2024-12-14
3660,390,2024-Q4,5,2024-12-17
3661,391,2024-Q4,3,2024-12-27
3662,393,2024-Q4,4,2024-12-04
3663,394,2024-Q4,4,2024-12-28
3664,395,2024-Q4,2,2024-12-31
3665,396,2024-Q4,3,2024-12-28
3666,397,2024-Q4,4,2024-12-15
3667,398,2024-Q4,4,2024-12-11
3668,400,2024-Q4,4,2024-12-17
3669,401,2024-Q4,3,2024-12-29
3670,402,2024-Q4,4,2024-12-07
3671,403,2024-Q4,2,2024-12-17
3672,404,2024-Q4,4,2024-12-25
3673,405,2024-Q4,4,2024-12-25
3674,408,2024-Q4,4,2024-12-02
3675,409,2024-Q4,2,2024-12-17
3676,410,2024-Q4,3,2024-12-18
3677,412,2024-Q4,5,2024-12-29
3678,413,2024-Q4,4,2024-12-31
3679,417,2024-Q4,3,2024-12-17
3680,418,2024-Q4,3,2024-12-12
3681,423,2024-Q4,3,2024-12-19
3682,424,2024-Q4,4,2024-12-13
3683,425,2024-Q4,4,2024-12-17
3684,427,2024-Q4,4,2024-12-06
3685,429,2024-Q4,4,2024-12-22
3686,430,2024-Q4,3,2024-12-05
3687,431,2024-Q4,3,2024-12-10
3688,432,2024-Q4,4,2024-12-17
3689,434,2024-Q4,4,2024-12-31
3690,436,2024-Q4,2,2024-12-19
3691,437,2024-Q4,3,2024-12-09
3692,438,2024-Q4,3,2024-12-10
3693,439,2024-Q4,4,2024-12-03
3694,440,2024-Q4,4,2024-12-14
3695,441,2024-Q4,3,2024-12-28
3696,442,2024-Q4,4,2024-12-25
3697,443,2024-Q4,3,2024-12-02
3698,444,2024-Q4,4,2024-12-20
3699,445,2024-Q4,4,2024-12-30
3700,446,2024-Q4,4,2024-12-30
3701,447,2024-Q4,3,2024-12-24
3702,448,2024-Q4,3,2024-12-12
3703,449,2024-Q4,4,2024-12-25
3704,450,2024-Q4,3,2024-12-16
3705,451,2024-Q4,3,2024-12-22
3706,452,2024-Q4,3,2024-12-13
3707,453,2024-Q4,3,2024-12-26
3708,454,2024-Q4,3,2024-12-14
3709,455,2024-Q4,3,2024-12-05
3710,457,2024-Q4,4,2024-12-04
3711,460,2024-Q4,3,2024-12-11
3712,461,2024-Q4,4,2024-12-02
3713,463,2024-Q4,4,2024-12-30
3714,464,2024-Q4,4,2024-12-28
3715,465,2024-Q4,3,2024-12-05
3716,466,2024-Q4,4,2024-12-04
3717,467,2024-Q4,4,2024-12-08
3718,468,2024-Q4,2,2024-12-02
3719,469,2024-Q4,3,2024-12-11
3720,470,2024-Q4,3,2024-12-10
3721,472,2024-Q4,3,2024-12-23
3722,475,2024-Q4,4,2024-12-15
3723,476,2024-Q4,3,2024-12-09
3724,477,2024-Q4,3,2024-12-13
3725,478,2024-Q4,2,2024-12-12
3726,479,2024-Q4,3,2024-12-20
3727,480,2024-Q4,4,2024-12-15
3728,481,2024-Q4,4,2024-12-02
3729,482,2024-Q4,4,2024-12-12
3730,483,2024-Q4,3,2024-12-28
3731,484,2024-Q4,4,2024-12-03
3732,486,2024-Q4,3,2024-12-24
3733,487,2024-Q4,3,2024-12-28
3734,488,2024-Q4,5,2024-12-25
3735,491,2024-Q4,4,2024-12-02
3736,492,2024-Q4,4,2024-12-28
3737,494,2024-Q4,3,2024-12-21
3738,495,2024-Q4,4,2024-12-19
3739,498,2024-Q4,3,2024-12-16
3740,499,2024-Q4,4,2024-12-11
3741,500,2024-Q4,4,2024-12-10
3742,501,2024-Q4,3,2024-12-05
3743,502,2024-Q4,3,2024-12-24
3744,503,2024-Q4,3,2024-12-28
3745,504,2024-Q4,3,2024-12-02
3746,505,2024-Q4,4,2024-12-03
3747,508,2024-Q4,4,2024-12-21
3748,509,2024-Q4,4,2024-12-09
3749,510,2024-Q4,3,2024-12-01
3750,511,2024-Q4,4,2024-12-01
3751,515,2024-Q4,3,2024-12-27
3752,516,2024-Q4,2,2024-12-26
3753,517,2024-Q4,3,2024-12-13
3754,519,2024-Q4,2,2024-12-05
3755,521,2024-Q4,3,2024-12-25
3756,522,2024-Q4,4,2024-12-03
3757,523,2024-Q4,4,2024-12-25
3758,524,2024-Q4,4,2024-12-10
3759,526,2024-Q4,3,2024-12-04
3760,527,2024-Q4,4,2024-12-19
3761,528,2024-Q4,3,2024-12-14
3762,529,2024-Q4,4,2024-12-24
3763,531,2024-Q4,3,2024-12-15
3764,532,2024-Q4,5,2024-12-03
3765,534,2024-Q4,3,2024-12-05
3766,536,2024-Q4,4,2024-12-11
3767,537,2024-Q4,3,2024-12-24
3768,538,2024-Q4,4,2024-12-08
3769,539,2024-Q4,3,2024-12-30
3770,541,2024-Q4,3,2024-12-20
3771,544,2024-Q4,4,2024-12-24
3772,545,2024-Q4,4,2024-12-03
3773,546,2024-Q4,3,2024-12-06
3774,548,2024-Q4,3,2024-12-26
3775,549,2024-Q4,3,2024-12-21
3776,550,2024-Q4,4,2024-12-12
3777,552,2024-Q4,3,2024-12-01
3778,554,2024-Q4,3,2024-12-21
3779,555,2024-Q4,3,2024-12-11
3780,556,2024-Q4,4,2024-12-02
3781,558,2024-Q4,4,2024-12-31
3782,559,2024-Q4,4,2024-12-10
3783,560,2024-Q4,3,2024-12-17
3784,562,2024-Q4,3,2024-12-17
3785,563,2024-Q4,4,2024-12-21
3786,566,2024-Q4,3,2024-12-15
3787,567,2024-Q4,4,2024-12-31
3788,568,2024-Q4,4,2024-12-16
3789,570,2024-Q4,4,2024-12-30
3790,572,2024-Q4,2,2024-12-04
3791,573,2024-Q4,3,2024-12-02
3792,575,2024-Q4,2,2024-12-01
3793,576,2024-Q4,4,2024-12-03
3794,577,2024-Q4,4,2024-12-11
3795,578,2024-Q4,3,2024-12-22
3796,579,2024-Q4,4,2024-12-10
3797,580,2024-Q4,5,2024-12-12
3798,581,2024-Q4,3,2024-12-04
3799,582,2024-Q4,3,2024-12-24
3800,583,2024-Q4,2,2024-12-08
3801,587,2024-Q4,3,2024-12-19
3802,588,2024-Q4,5,2024-12-13
3803,590,2024-Q4,3,2024-12-24
3804,591,2024-Q4,4,2024-12-21
3805,592,2024-Q4,4,2024-12-19
3806,593,2024-Q4,3,2024-12-23
3807,595,2024-Q4,2,2024-12-30
3808,597,2024-Q4,3,2024-12-26
3809,598,2024-Q4,3,2024-12-28
3810,600,2024-Q4,4,2024-12-22
3811,601,2024-Q4,3,2024-12-03
3812,602,2024-Q4,4,2024-12-03
3813,604,2024-Q4,4,2024-12-25
3814,605,2024-Q4,4,2024-12-15
3815,607,2024-Q4,3,2024-12-04
3816,608,2024-Q4,4,2024-12-08
3817,609,2024-Q4,5,2024-12-04
3818,611,2024-Q4,5,2024-12-13
3819,612,2024-Q4,2,2024-12-12
3820,613,2024-Q4,2,2024-12-13
3821,614,2024-Q4,4,2024-12-23
3822,615,2024-Q4,4,2024-12-31
3823,616,2024-Q4,2,2024-12-08
3824,617,2024-Q4,4,2024-12-08
3825,618,2024-Q4,4,2024-12-13
3826,619,2024-Q4,4,2024-12-31
3827,620,2024-Q4,3,2024-12-20
3828,624,2024-Q4,3,2024-12-02
3829,625,2024-Q4,3,2024-12-26
3830,628,2024-Q4,2,2024-12-22
3831,629,2024-Q4,5,2024-12-14
3832,630,2024-Q4,4,2024-12-18
3833,631,2024-Q4,3,2024-12-03
3834,633,2024-Q4,3,2024-12-22
3835,634,2024-Q4,2,2024-12-07
3836,635,2024-Q4,3,2024-12-10
3837,636,2024-Q4,3,2024-12-02
3838,637,2024-Q4,4,2024-12-22
3839,639,2024-Q4,4,2024-12-07
3840,640,2024-Q4,3,2024-12-02
3841,641,2024-Q4,3,2024-12-22
3842,645,2024-Q4,4,2024-12-14
3843,648,2024-Q4,4,2024-12-03
3844,649,2024-Q4,4,2024-12-05
3845,650,2024-Q4,3,2024-12-24
3846,652,2024-Q4,4,2024-12-04
3847,653,2024-Q4,2,2024-12-08
3848,655,2024-Q4,2,2024-12-05
3849,656,2024-Q4,3,2024-12-21
3850,657,2024-Q4,4,2024-12-08
3851,658,2024-Q4,4,2024-12-03
3852,659,2024-Q4,3,2024-12-09
3853,660,2024-Q4,3,2024-12-19
3854,661,2024-Q4,4,2024-12-23
3855,662,2024-Q4,4,2024-12-26
3856,663,2024-Q4,4,2024-12-29
3857,664,2024-Q4,3,2024-12-13
3858,666,2024-Q4,4,2024-12-19
3859,667,2024-Q4,5,2024-12-11
3860,668,2024-Q4,2,2024-12-22
3861,669,2024-Q4,3,2024-12-30
3862,670,2024-Q4,3,2024-12-14
3863,671,2024-Q4,3,2024-12-04
3864,674,2024-Q4,3,2024-12-26
3865,677,2024-Q4,3,2024-12-23
3866,678,2024-Q4,3,2024-12-11
3867,679,2024-Q4,2,2024-12-11
3868,680,2024-Q4,4,2024-12-20
3869,681,2024-Q4,4,2024-12-13
3870,682,2024-Q4,4,2024-12-16
3871,685,2024-Q4,4,2024-12-23
3872,689,2024-Q4,3,2024-12-04
3873,690,2024-Q4,5,2024-12-13
3874,691,2024-Q4,2,2024-12-07
3875,692,2024-Q4,3,2024-12-01
3876,693,2024-Q4,4,2024-12-11
3877,694,2024-Q4,3,2024-12-25
3878,695,2024-Q4,3,2024-12-15
3879,698,2024-Q4,4,2024-12-16
3880,699,2024-Q4,5,2024-12-12
3881,700,2024-Q4,2,2024-12-03
3882,701,2024-Q4,4,2024-12-22
3883,702,2024-Q4,3,2024-12-31
3884,703,2024-Q4,3,2024-12-31
3885,704,2024-Q4,4,2024-12-06
3886,705,2024-Q4,3,2024-12-24
3887,707,2024-Q4,4,2024-12-02
3888,709,2024-Q4,3,2024-12-31
3889,711,2024-Q4,5,2024-12-21
3890,712,2024-Q4,5,2024-12-08
3891,713,2024-Q4,4,2024-12-29
3892,714,2024-Q4,4,2024-12-17
3893,715,2024-Q4,3,2024-12-30
3894,716,2024-Q4,4,2024-12-12
3895,717,2024-Q4,2,2024-12-18
3896,718,2024-Q4,2,2024-12-18
3897,719,2024-Q4,4,2024-12-22
3898,720,2024-Q4,3,2024-12-23
3899,721,2024-Q4,4,2024-12-11
3900,722,2024-Q4,3,2024-12-11
3901,723,2024-Q4,3,2024-12-12
3902,725,2024-Q4,3,2024-12-04
3903,726,2024-Q4,3,2024-12-23
3904,728,2024-Q4,2,2024-12-14
3905,730,2024-Q4,4,2024-12-01
3906,731,2024-Q4,4,2024-12-08
3907,732,2024-Q4,3,2024-12-23
3908,735,2024-Q4,3,2024-12-22
3909,736,2024-Q4,4,2024-12-15
3910,737,2024-Q4,3,2024-12-04
3911,739,2024-Q4,5,2024-12-01
3912,740,2024-Q4,5,2024-12-14
3913,741,2024-Q4,2,2024-12-14
3914,742,2024-Q4,4,2024-12-27
3915,743,2024-Q4,3,2024-12-28
3916,744,2024-Q4,4,2024-12-12
3917,745,2024-Q4,3,2024-12-15
3918,746,2024-Q4,4,2024-12-22
3919,747,2024-Q4,3,2024-12-04
3920,748,2024-Q4,2,2024-12-21
3921,749,2024-Q4,3,2024-12-31
3922,750,2024-Q4,4,2024-12-23
3923,751,2024-Q4,3,2024-12-27
3924,752,2024-Q4,3,2024-12-20
3925,754,2024-Q4,2,2024-12-04
3926,755,2024-Q4,3,2024-12-25
3927,756,2024-Q4,3,2024-12-11
3928,757,2024-Q4,4,2024-12-23
3929,758,2024-Q4,3,2024-12-17
3930,759,2024-Q4,3,2024-12-07
3931,761,2024-Q4,3,2024-12-30
3932,762,2024-Q4,3,2024-12-02
3933,765,2024-Q4,4,2024-12-11
3934,766,2024-Q4,3,2024-12-20
3935,767,2024-Q4,3,2024-12-30
3936,768,2024-Q4,3,2024-12-06
3937,769,2024-Q4,3,2024-12-27
3938,770,2024-Q4,5,2024-12-15
3939,771,2024-Q4,4,2024-12-03
3940,772,2024-Q4,4,2024-12-19
3941,774,2024-Q4,5,2024-12-17
3942,2,2025-Q1,2,2025-03-07
3943,4,2025-Q1,3,2025-03-26
3944,10,2025-Q1,5,2025-03-09
3945,11,2025-Q1,4,2025-03-27
3946,12,2025-Q1,3,2025-03-19
3947,13,2025-Q1,2,2025-03-10
3948,17,2025-Q1,3,2025-03-30
3949,18,2025-Q1,5,2025-03-08
3950,20,2025-Q1,5,2025-03-14
3951,21,2025-Q1,4,2025-03-26
3952,25,2025-Q1,3,2025-03-17
3953,26,2025-Q1,3,2025-03-20
3954,27,2025-Q1,3,2025-03-20
3955,29,2025-Q1,4,2025-03-18
3956,30,2025-Q1,4,2025-03-08
3957,31,2025-Q1,4,2025-03-29
3958,32,2025-Q1,2,2025-03-03
3959,35,2025-Q1,3,2025-03-18
3960,36,2025-Q1,5,2025-03-20
3961,39,2025-Q1,2,2025-03-23
3962,40,2025-Q1,3,2025-03-13
3963,42,2025-Q1,3,2025-03-07
3964,44,2025-Q1,4,2025-03-19
3965,45,2025-Q1,4,2025-03-07
3966,47,2025-Q1,4,2025-03-23
3967,48,2025-Q1,2,2025-03-13
3968,50,2025-Q1,4,2025-03-10
3969,51,2025-Q1,3,2025-03-16
3970,52,2025-Q1,3,2025-03-28
3971,53,2025-Q1,3,2025-03-03
3972,54,2025-Q1,2,2025-03-29
3973,55,2025-Q1,3,2025-03-11
3974,59,2025-Q1,3,2025-03-01
3975,60,2025-Q1,3,2025-03-01
3976,61,2025-Q1,2,2025-03-08
3977,62,2025-Q1,4,2025-03-14
3978,64,2025-Q1,2,2025-03-13
3979,65,2025-Q1,4,2025-03-12
3980,66,2025-Q1,3,2025-03-23
3981,70,2025-Q1,4,2025-03-25
3982,71,2025-Q1,5,2025-03-01
3983,72,2025-Q1,4,2025-03-03
3984,73,2025-Q1,3,2025-03-25
3985,75,2025-Q1,4,2025-03-15
3986,80,2025-Q1,2,2025-03-19
3987,82,2025-Q1,4,2025-03-14
3988,84,2025-Q1,3,2025-03-01
3989,86,2025-Q1,3,2025-03-20
3990,91,2025-Q1,3,2025-03-20
3991,94,2025-Q1,3,2025-03-08
3992,96,2025-Q1,1,2025-03-15
3993,97,2025-Q1,2,2025-03-11
3994,98,2025-Q1,3,2025-03-01
3995,100,2025-Q1,2,2025-03-03
3996,101,2025-Q1,3,2025-03-02
3997,105,2025-Q1,4,2025-03-10
3998,106,2025-Q1,4,2025-03-18
3999,107,2025-Q1,4,2025-03-17
4000,109,2025-Q1,3,2025-03-21
4001,110,2025-Q1,2,2025-03-01
4002,111,2025-Q1,4,2025-03-16
4003,116,2025-Q1,4,2025-03-31
4004,118,2025-Q1,4,2025-03-11
4005,119,2025-Q1,3,2025-03-19
4006,122,2025-Q1,3,2025-03-31
4007,123,2025-Q1,3,2025-03-25
4008,124,2025-Q1,5,2025-03-14
4009,125,2025-Q1,4,2025-03-07
4010,126,2025-Q1,5,2025-03-21
4011,128,2025-Q1,3,2025-03-09
4012,129,2025-Q1,4,2025-03-17
4013,131,2025-Q1,4,2025-03-24
4014,133,2025-Q1,2,2025-03-04
4015,135,2025-Q1,3,2025-03-02
4016,136,2025-Q1,3,2025-03-04
4017,138,2025-Q1,3,2025-03-15
4018,140,2025-Q1,4,2025-03-02
4019,141,2025-Q1,4,2025-03-09
4020,142,2025-Q1,4,2025-03-04
4021,144,2025-Q1,3,2025-03-03
4022,145,2025-Q1,2,2025-03-13
4023,146,2025-Q1,3,2025-03-28
4024,147,2025-Q1,5,2025-03-13
4025,148,2025-Q1,3,2025-03-11
4026,149,2025-Q1,2,2025-03-21
4027,151,2025-Q1,5,2025-03-06
4028,152,2025-Q1,3,2025-03-08
4029,153,2025-Q1,3,2025-03-31
4030,154,2025-Q1,2,2025-03-28
4031,156,2025-Q1,4,2025-03-01
4032,157,2025-Q1,4,2025-03-22
4033,161,2025-Q1,3,2025-03-14
4034,162,2025-Q1,4,2025-03-08
4035,164,2025-Q1,5,2025-03-05
4036,167,2025-Q1,3,2025-03-19
4037,168,2025-Q1,3,2025-03-04
4038,169,2025-Q1,4,2025-03-24
4039,170,2025-Q1,4,2025-03-26
4040,171,2025-Q1,3,2025-03-22
4041,172,2025-Q1,4,2025-03-27
4042,175,2025-Q1,4,2025-03-26
4043,176,2025-Q1,4,2025-03-03
4044,178,2025-Q1,2,2025-03-18
4045,180,2025-Q1,4,2025-03-26
4046,181,2025-Q1,5,2025-03-27
4047,182,2025-Q1,3,2025-03-31
4048,183,2025-Q1,5,2025-03-15
4049,184,2025-Q1,4,2025-03-22
4050,186,2025-Q1,3,2025-03-26
4051,187,2025-Q1,4,2025-03-20
4052,188,2025-Q1,3,2025-03-11
4053,190,2025-Q1,5,2025-03-25
4054,191,2025-Q1,1,2025-03-23
4055,194,2025-Q1,4,2025-03-17
4056,196,2025-Q1,4,2025-03-29
4057,200,2025-Q1,3,2025-03-15
4058,201,2025-Q1,4,2025-03-26
4059,202,2025-Q1,3,2025-03-14
4060,203,2025-Q1,4,2025-03-18
4061,205,2025-Q1,3,2025-03-31
4062,206,2025-Q1,3,2025-03-02
4063,207,2025-Q1,3,2025-03-31
4064,209,2025-Q1,4,2025-03-23
4065,210,2025-Q1,3,2025-03-03
4066,211,2025-Q1,4,2025-03-08
4067,212,2025-Q1,3,2025-03-28
4068,213,2025-Q1,5,2025-03-21
4069,214,2025-Q1,4,2025-03-23
4070,216,2025-Q1,3,2025-03-29
4071,217,2025-Q1,2,2025-03-16
4072,219,2025-Q1,3,2025-03-18
4073,220,2025-Q1,3,2025-03-22
4074,221,2025-Q1,2,2025-03-18
4075,222,2025-Q1,4,2025-03-14
4076,223,2025-Q1,5,2025-03-21
4077,224,2025-Q1,4,2025-03-17
4078,226,2025-Q1,4,2025-03-03
4079,231,2025-Q1,2,2025-03-03
4080,234,2025-Q1,3,2025-03-19
4081,235,2025-Q1,4,2025-03-10
4082,236,2025-Q1,3,2025-03-13
4083,237,2025-Q1,4,2025-03-19
4084,238,2025-Q1,4,2025-03-25
4085,239,2025-Q1,3,2025-03-10
4086,241,2025-Q1,5,2025-03-31
4087,242,2025-Q1,2,2025-03-21
4088,244,2025-Q1,3,2025-03-23
4089,245,2025-Q1,2,2025-03-16
4090,249,2025-Q1,3,2025-03-27
4091,251,2025-Q1,4,2025-03-18
4092,252,2025-Q1,3,2025-03-11
4093,253,2025-Q1,3,2025-03-03
4094,254,2025-Q1,4,2025-03-24
4095,255,2025-Q1,3,2025-03-06
4096,259,2025-Q1,3,2025-03-19
4097,262,2025-Q1,3,2025-03-24
4098,263,2025-Q1,4,2025-03-18
4099,265,2025-Q1,3,2025-03-19
4100,266,2025-Q1,3,2025-03-12
4101,267,2025-Q1,3,2025-03-27
4102,268,2025-Q1,4,2025-03-05
4103,269,2025-Q1,4,2025-03-22
4104,271,2025-Q1,3,2025-03-27
4105,272,2025-Q1,1,2025-03-15
4106,274,2025-Q1,2,2025-03-08
4107,275,2025-Q1,4,2025-03-17
4108,277,2025-Q1,2,2025-03-23
4109,278,2025-Q1,2,2025-03-19
4110,279,2025-Q1,4,2025-03-02
4111,282,2025-Q1,3,2025-03-31
4112,285,2025-Q1,3,2025-03-09
4113,286,2025-Q1,2,2025-03-23
4114,287,2025-Q1,3,2025-03-24
4115,288,2025-Q1,3,2025-03-22
4116,289,2025-Q1,4,2025-03-14
4117,291,2025-Q1,3,2025-03-11
4118,292,2025-Q1,3,2025-03-15
4119,293,2025-Q1,3,2025-03-09
4120,294,2025-Q1,4,2025-03-20
4121,298,2025-Q1,2,2025-03-16
4122,301,2025-Q1,4,2025-03-12
4123,302,2025-Q1,3,2025-03-05
4124,303,2025-Q1,4,2025-03-14
4125,304,2025-Q1,4,2025-03-07
4126,307,2025-Q1,3,2025-03-06
4127,310,2025-Q1,3,2025-03-20
4128,313,2025-Q1,4,2025-03-15
4129,314,2025-Q1,3,2025-03-13
4130,315,2025-Q1,3,2025-03-03
4131,317,2025-Q1,3,2025-03-09
4132,318,2025-Q1,4,2025-03-24
4133,320,2025-Q1,3,2025-03-16
4134,321,2025-Q1,4,2025-03-19
4135,324,2025-Q1,3,2025-03-27
4136,327,2025-Q1,3,2025-03-30
4137,330,2025-Q1,3,2025-03-05
4138,332,2025-Q1,3,2025-03-08
4139,333,2025-Q1,3,2025-03-31
4140,334,2025-Q1,4,2025-03-13
4141,335,2025-Q1,4,2025-03-28
4142,336,2025-Q1,4,2025-03-06
4143,337,2025-Q1,3,2025-03-16
4144,338,2025-Q1,4,2025-03-24
4145,340,2025-Q1,3,2025-03-21
4146,341,2025-Q1,3,2025-03-30
4147,344,2025-Q1,3,2025-03-07
4148,345,2025-Q1,4,2025-03-25
4149,346,2025-Q1,4,2025-03-09
4150,347,2025-Q1,3,2025-03-31
4151,349,2025-Q1,3,2025-03-18
4152,350,2025-Q1,4,2025-03-01
4153,351,2025-Q1,4,2025-03-12
4154,352,2025-Q1,2,2025-03-04
4155,355,2025-Q1,2,2025-03-18
4156,356,2025-Q1,4,2025-03-21
4157,357,2025-Q1,4,2025-03-10
4158,358,2025-Q1,3,2025-03-04
4159,359,2025-Q1,3,2025-03-08
4160,360,2025-Q1,3,2025-03-22
4161,361,2025-Q1,3,2025-03-23
4162,362,2025-Q1,4,2025-03-27
4163,363,2025-Q1,4,2025-03-17
4164,364,2025-Q1,3,2025-03-09
4165,365,2025-Q1,5,2025-03-07
4166,366,2025-Q1,5,2025-03-08
4167,367,2025-Q1,2,2025-03-22
4168,368,2025-Q1,2,2025-03-28
4169,369,2025-Q1,4,2025-03-01
4170,370,2025-Q1,5,2025-03-19
4171,371,2025-Q1,3,2025-03-03
4172,373,2025-Q1,4,2025-03-24
4173,374,2025-Q1,4,2025-03-17
4174,375,2025-Q1,2,2025-03-02
4175,376,2025-Q1,1,2025-03-16
4176,377,2025-Q1,4,2025-03-03
4177,378,2025-Q1,3,2025-03-08
4178,379,2025-Q1,3,2025-03-19
4179,381,2025-Q1,2,2025-03-01
4180,382,2025-Q1,2,2025-03-11
4181,383,2025-Q1,4,2025-03-06
4182,384,2025-Q1,4,2025-03-08
4183,386,2025-Q1,4,2025-03-14
4184,387,2025-Q1,5,2025-03-20
4185,389,2025-Q1,4,2025-03-12
4186,390,2025-Q1,3,2025-03-12
4187,391,2025-Q1,2,2025-03-07
4188,393,2025-Q1,4,2025-03-05
4189,395,2025-Q1,3,2025-03-31
4190,396,2025-Q1,2,2025-03-07
4191,397,2025-Q1,3,2025-03-06
4192,398,2025-Q1,4,2025-03-13
4193,400,2025-Q1,3,2025-03-06
4194,402,2025-Q1,2,2025-03-30
4195,403,2025-Q1,3,2025-03-03
4196,404,2025-Q1,4,2025-03-13
4197,405,2025-Q1,4,2025-03-14
4198,409,2025-Q1,3,2025-03-15
4199,410,2025-Q1,4,2025-03-10
4200,412,2025-Q1,3,2025-03-25
4201,413,2025-Q1,4,2025-03-07
4202,415,2025-Q1,3,2025-03-20
4203,417,2025-Q1,4,2025-03-14
4204,418,2025-Q1,3,2025-03-20
4205,420,2025-Q1,3,2025-03-30
4206,421,2025-Q1,3,2025-03-30
4207,424,2025-Q1,3,2025-03-18
4208,425,2025-Q1,2,2025-03-10
4209,427,2025-Q1,3,2025-03-09
4210,429,2025-Q1,3,2025-03-31
4211,430,2025-Q1,3,2025-03-26
4212,432,2025-Q1,5,2025-03-31
4213,433,2025-Q1,4,2025-03-24
4214,436,2025-Q1,2,2025-03-05
4215,437,2025-Q1,2,2025-03-13
4216,438,2025-Q1,3,2025-03-30
4217,440,2025-Q1,2,2025-03-10
4218,442,2025-Q1,4,2025-03-15
4219,443,2025-Q1,4,2025-03-27
4220,444,2025-Q1,3,2025-03-20
4221,445,2025-Q1,4,2025-03-11
4222,447,2025-Q1,4,2025-03-27
4223,448,2025-Q1,4,2025-03-06
4224,449,2025-Q1,2,2025-03-17
4225,450,2025-Q1,2,2025-03-06
4226,451,2025-Q1,5,2025-03-22
4227,452,2025-Q1,3,2025-03-01
4228,453,2025-Q1,4,2025-03-02
4229,454,2025-Q1,3,2025-03-10
4230,455,2025-Q1,3,2025-03-02
4231,457,2025-Q1,3,2025-03-15
4232,458,2025-Q1,4,2025-03-30
4233,459,2025-Q1,4,2025-03-06
4234,461,2025-Q1,3,2025-03-19
4235,463,2025-Q1,3,2025-03-12
4236,464,2025-Q1,4,2025-03-14
4237,465,2025-Q1,3,2025-03-29
4238,466,2025-Q1,2,2025-03-02
4239,467,2025-Q1,3,2025-03-20
4240,468,2025-Q1,4,2025-03-07
4241,469,2025-Q1,2,2025-03-13
4242,470,2025-Q1,4,2025-03-27
4243,472,2025-Q1,4,2025-03-11
4244,474,2025-Q1,3,2025-03-26
4245,475,2025-Q1,5,2025-03-01
4246,477,2025-Q1,4,2025-03-18
4247,478,2025-Q1,5,2025-03-20
4248,479,2025-Q1,3,2025-03-30
4249,480,2025-Q1,4,2025-03-29
4250,481,2025-Q1,3,2025-03-04
4251,482,2025-Q1,3,2025-03-27
4252,484,2025-Q1,2,2025-03-15
4253,486,2025-Q1,2,2025-03-03
4254,487,2025-Q1,4,2025-03-18
4255,488,2025-Q1,4,2025-03-27
4256,489,2025-Q1,4,2025-03-30
4257,491,2025-Q1,4,2025-03-16
4258,492,2025-Q1,3,2025-03-20
4259,494,2025-Q1,4,2025-03-07
4260,495,2025-Q1,4,2025-03-07
4261,498,2025-Q1,4,2025-03-26
4262,499,2025-Q1,2,2025-03-22
4263,500,2025-Q1,4,2025-03-17
4264,501,2025-Q1,3,2025-03-23
4265,503,2025-Q1,3,2025-03-04
4266,504,2025-Q1,3,2025-03-30
4267,508,2025-Q1,3,2025-03-21
4268,509,2025-Q1,2,2025-03-02
4269,511,2025-Q1,4,2025-03-14
4270,514,2025-Q1,2,2025-03-06
4271,515,2025-Q1,3,2025-03-21
4272,516,2025-Q1,3,2025-03-03
4273,518,2025-Q1,4,2025-03-21
4274,520,2025-Q1,4,2025-03-20
4275,521,2025-Q1,4,2025-03-28
4276,522,2025-Q1,4,2025-03-19
4277,523,2025-Q1,3,2025-03-04
4278,524,2025-Q1,4,2025-03-27
4279,526,2025-Q1,2,2025-03-23
4280,527,2025-Q1,3,2025-03-28
4281,528,2025-Q1,4,2025-03-23
4282,531,2025-Q1,2,2025-03-25
4283,532,2025-Q1,1,2025-03-12
4284,534,2025-Q1,3,2025-03-06
4285,535,2025-Q1,4,2025-03-07
4286,536,2025-Q1,4,2025-03-04
4287,537,2025-Q1,4,2025-03-18
4288,538,2025-Q1,4,2025-03-24
4289,539,2025-Q1,4,2025-03-03
4290,540,2025-Q1,4,2025-03-04
4291,541,2025-Q1,3,2025-03-09
4292,543,2025-Q1,4,2025-03-29
4293,544,2025-Q1,5,2025-03-28
4294,545,2025-Q1,3,2025-03-30
4295,546,2025-Q1,3,2025-03-31
4296,548,2025-Q1,4,2025-03-11
4297,549,2025-Q1,4,2025-03-18
4298,550,2025-Q1,4,2025-03-21
4299,552,2025-Q1,4,2025-03-01
4300,553,2025-Q1,4,2025-03-14
4301,554,2025-Q1,3,2025-03-25
4302,555,2025-Q1,3,2025-03-03
4303,558,2025-Q1,4,2025-03-31
4304,559,2025-Q1,4,2025-03-05
4305,560,2025-Q1,5,2025-03-22
4306,563,2025-Q1,5,2025-03-30
4307,564,2025-Q1,3,2025-03-13
4308,565,2025-Q1,3,2025-03-25
4309,566,2025-Q1,4,2025-03-13
4310,567,2025-Q1,4,2025-03-10
4311,568,2025-Q1,4,2025-03-18
4312,569,2025-Q1,3,2025-03-26
4313,570,2025-Q1,3,2025-03-13
4314,571,2025-Q1,3,2025-03-06
4315,572,2025-Q1,3,2025-03-10
4316,573,2025-Q1,2,2025-03-03
4317,576,2025-Q1,3,2025-03-03
4318,577,2025-Q1,3,2025-03-05
4319,578,2025-Q1,3,2025-03-11
4320,579,2025-Q1,5,2025-03-27
4321,580,2025-Q1,4,2025-03-27
4322,581,2025-Q1,3,2025-03-20
4323,582,2025-Q1,4,2025-03-12
4324,583,2025-Q1,4,2025-03-25
4325,588,2025-Q1,3,2025-03-04
4326,589,2025-Q1,3,2025-03-12
4327,591,2025-Q1,2,2025-03-08
4328,592,2025-Q1,2,2025-03-05
4329,593,2025-Q1,4,2025-03-04
4330,595,2025-Q1,4,2025-03-30
4331,596,2025-Q1,4,2025-03-21
4332,597,2025-Q1,2,2025-03-01
4333,598,2025-Q1,2,2025-03-17
4334,600,2025-Q1,3,2025-03-23
4335,603,2025-Q1,2,2025-03-16
4336,604,2025-Q1,2,2025-03-18
4337,605,2025-Q1,4,2025-03-05
4338,607,2025-Q1,3,2025-03-03
4339,608,2025-Q1,3,2025-03-22
4340,611,2025-Q1,3,2025-03-17
4341,612,2025-Q1,4,2025-03-22
4342,613,2025-Q1,3,2025-03-10
4343,614,2025-Q1,1,2025-03-17
4344,615,2025-Q1,5,2025-03-25
4345,616,2025-Q1,3,2025-03-16
4346,617,2025-Q1,3,2025-03-10
4347,618,2025-Q1,5,2025-03-14
4348,619,2025-Q1,2,2025-03-18
4349,620,2025-Q1,3,2025-03-27
4350,622,2025-Q1,1,2025-03-11
4351,624,2025-Q1,3,2025-03-11
4352,625,2025-Q1,3,2025-03-04
4353,628,2025-Q1,2,2025-03-18
4354,629,2025-Q1,4,2025-03-18
4355,630,2025-Q1,3,2025-03-17
4356,631,2025-Q1,4,2025-03-31
4357,632,2025-Q1,3,2025-03-14
4358,633,2025-Q1,4,2025-03-13
4359,634,2025-Q1,1,2025-03-10
4360,635,2025-Q1,3,2025-03-23
4361,636,2025-Q1,2,2025-03-05
4362,637,2025-Q1,4,2025-03-16
4363,638,2025-Q1,4,2025-03-30
4364,639,2025-Q1,3,2025-03-07
4365,640,2025-Q1,4,2025-03-13
4366,641,2025-Q1,2,2025-03-10
4367,642,2025-Q1,4,2025-03-31
4368,643,2025-Q1,3,2025-03-13
4369,644,2025-Q1,4,2025-03-19
4370,645,2025-Q1,3,2025-03-30
4371,646,2025-Q1,3,2025-03-30
4372,647,2025-Q1,3,2025-03-03
4373,648,2025-Q1,3,2025-03-26
4374,649,2025-Q1,3,2025-03-28
4375,650,2025-Q1,3,2025-03-09
4376,651,2025-Q1,4,2025-03-30
4377,652,2025-Q1,4,2025-03-03
4378,653,2025-Q1,3,2025-03-10
4379,655,2025-Q1,3,2025-03-12
4380,656,2025-Q1,4,2025-03-18
4381,657,2025-Q1,3,2025-03-24
4382,658,2025-Q1,2,2025-03-17
4383,659,2025-Q1,4,2025-03-02
4384,661,2025-Q1,3,2025-03-05
4385,662,2025-Q1,3,2025-03-20
4386,663,2025-Q1,3,2025-03-15
4387,664,2025-Q1,4,2025-03-16
4388,665,2025-Q1,3,2025-03-02
4389,668,2025-Q1,4,2025-03-08
4390,669,2025-Q1,4,2025-03-18
4391,670,2025-Q1,4,2025-03-10
4392,673,2025-Q1,4,2025-03-26
4393,674,2025-Q1,2,2025-03-16
4394,675,2025-Q1,4,2025-03-15
4395,679,2025-Q1,5,2025-03-15
4396,680,2025-Q1,3,2025-03-06
4397,682,2025-Q1,4,2025-03-06
4398,684,2025-Q1,5,2025-03-05
4399,686,2025-Q1,4,2025-03-16
4400,688,2025-Q1,3,2025-03-15
4401,689,2025-Q1,3,2025-03-20
4402,690,2025-Q1,5,2025-03-28
4403,691,2025-Q1,4,2025-03-06
4404,692,2025-Q1,3,2025-03-13
4405,693,2025-Q1,4,2025-03-09
4406,695,2025-Q1,3,2025-03-07
4407,696,2025-Q1,4,2025-03-11
4408,698,2025-Q1,3,2025-03-19
4409,701,2025-Q1,4,2025-03-10
4410,702,2025-Q1,4,2025-03-12
4411,703,2025-Q1,4,2025-03-15
4412,704,2025-Q1,2,2025-03-25
4413,705,2025-Q1,3,2025-03-31
4414,706,2025-Q1,5,2025-03-13
4415,707,2025-Q1,3,2025-03-12
4416,709,2025-Q1,4,2025-03-27
4417,711,2025-Q1,2,2025-03-06
4418,712,2025-Q1,5,2025-03-08
4419,713,2025-Q1,4,2025-03-28
4420,716,2025-Q1,3,2025-03-19
4421,717,2025-Q1,3,2025-03-17
4422,718,2025-Q1,3,2025-03-16
4423,719,2025-Q1,4,2025-03-14
4424,720,2025-Q1,5,2025-03-09
4425,721,2025-Q1,3,2025-03-18
4426,722,2025-Q1,5,2025-03-18
4427,723,2025-Q1,4,2025-03-28
4428,724,2025-Q1,5,2025-03-26
4429,725,2025-Q1,3,2025-03-04
4430,726,2025-Q1,4,2025-03-08
4431,728,2025-Q1,3,2025-03-10
4432,729,2025-Q1,3,2025-03-07
4433,730,2025-Q1,3,2025-03-25
4434,731,2025-Q1,5,2025-03-19
4435,732,2025-Q1,4,2025-03-13
4436,733,2025-Q1,3,2025-03-23
4437,735,2025-Q1,3,2025-03-26
4438,736,2025-Q1,4,2025-03-19
4439,737,2025-Q1,4,2025-03-22
4440,738,2025-Q1,3,2025-03-20
4441,740,2025-Q1,3,2025-03-06
4442,742,2025-Q1,3,2025-03-13
4443,743,2025-Q1,4,2025-03-15
4444,744,2025-Q1,2,2025-03-12
4445,745,2025-Q1,3,2025-03-06
4446,749,2025-Q1,4,2025-03-16
4447,750,2025-Q1,4,2025-03-07
4448,751,2025-Q1,3,2025-03-04
4449,752,2025-Q1,3,2025-03-27
4450,754,2025-Q1,4,2025-03-07
4451,755,2025-Q1,4,2025-03-27
4452,756,2025-Q1,3,2025-03-11
4453,757,2025-Q1,2,2025-03-21
4454,758,2025-Q1,3,2025-03-14
4455,759,2025-Q1,5,2025-03-11
4456,760,2025-Q1,4,2025-03-31
4457,761,2025-Q1,5,2025-03-27
4458,762,2025-Q1,3,2025-03-27
4459,763,2025-Q1,3,2025-03-28
4460,764,2025-Q1,3,2025-03-09
4461,766,2025-Q1,3,2025-03-13
4462,767,2025-Q1,4,2025-03-22
4463,768,2025-Q1,4,2025-03-26
4464,769,2025-Q1,3,2025-03-11
4465,770,2025-Q1,3,2025-03-20
4466,771,2025-Q1,3,2025-03-19
4467,772,2025-Q1,5,2025-03-12
4468,773,2025-Q1,3,2025-03-24
4469,774,2025-Q1,4,2025-03-28
4470,775,2025-Q1,2,2025-03-21
4471,776,2025-Q1,4,2025-03-15
4472,777,2025-Q1,4,2025-03-01
4473,778,2025-Q1,4,2025-03-13
4474,779,2025-Q1,3,2025-03-20
4475,780,2025-Q1,4,2025-03-26
4476,781,2025-Q1,3,2025-03-28
4477,783,2025-Q1,3,2025-03-08
4478,784,2025-Q1,3,2025-03-07
4479,785,2025-Q1,3,2025-03-07
4480,786,2025-Q1,4,2025-03-20
4481,787,2025-Q1,3,2025-03-30
4482,788,2025-Q1,3,2025-03-25
4483,789,2025-Q1,3,2025-03-31
4484,790,2025-Q1,4,2025-03-09
4485,791,2025-Q1,4,2025-03-27
4486,794,2025-Q1,2,2025-03-17
4487,795,2025-Q1,2,2025-03-14
4488,796,2025-Q1,3,2025-03-29
4489,797,2025-Q1,3,2025-03-14
4490,798,2025-Q1,4,2025-03-26
4491,799,2025-Q1,3,2025-03-07
4492,803,2025-Q1,3,2025-03-26
4493,804,2025-Q1,3,2025-03-20
4494,805,2025-Q1,3,2025-03-02
4495,806,2025-Q1,3,2025-03-27
4496,807,2025-Q1,3,2025-03-29
4497,808,2025-Q1,4,2025-03-02
4498,809,2025-Q1,4,2025-03-22
4499,810,2025-Q1,2,2025-03-09
4500,811,2025-Q1,5,2025-03-15
4501,812,2025-Q1,4,2025-03-08
4502,813,2025-Q1,4,2025-03-03
4503,814,2025-Q1,3,2025-03-31
4504,815,2025-Q1,3,2025-03-19
4505,816,2025-Q1,2,2025-03-30
4506,817,2025-Q1,5,2025-03-25
4507,818,2025-Q1,3,2025-03-15
4508,819,2025-Q1,4,2025-03-13
4509,820,2025-Q1,3,2025-03-16
4510,821,2025-Q1,4,2025-03-28
4511,822,2025-Q1,5,2025-03-20
4512,825,2025-Q1,3,2025-03-05
4513,826,2025-Q1,3,2025-03-21
4514,827,2025-Q1,4,2025-03-31
4515,828,2025-Q1,4,2025-03-16
4516,829,2025-Q1,5,2025-03-01
4517,830,2025-Q1,3,2025-03-19
4518,831,2025-Q1,3,2025-03-02
4519,832,2025-Q1,3,2025-03-12
4520,834,2025-Q1,2,2025-03-01
4521,835,2025-Q1,3,2025-03-31
4522,836,2025-Q1,4,2025-03-07
4523,837,2025-Q1,3,2025-03-09
4524,838,2025-Q1,4,2025-03-07
4525,839,2025-Q1,2,2025-03-15
4526,840,2025-Q1,3,2025-03-30
4527,842,2025-Q1,3,2025-03-10
4528,844,2025-Q1,3,2025-03-16
4529,845,2025-Q1,4,2025-03-04
4530,846,2025-Q1,3,2025-03-27
4531,847,2025-Q1,4,2025-03-26
4532,848,2025-Q1,2,2025-03-31
4533,849,2025-Q1,2,2025-03-24
4534,850,2025-Q1,3,2025-03-27
4535,851,2025-Q1,3,2025-03-02
4536,852,2025-Q1,4,2025-03-22
4537,853,2025-Q1,3,2025-03-07
4538,856,2025-Q1,3,2025-03-21
4539,858,2025-Q1,4,2025-03-05
4540,859,2025-Q1,2,2025-03-02
4541,861,2025-Q1,3,2025-03-30
4542,862,2025-Q1,4,2025-03-29
4543,863,2025-Q1,3,2025-03-31
4544,864,2025-Q1,4,2025-03-29
4545,865,2025-Q1,5,2025-03-01
4546,866,2025-Q1,3,2025-03-04
4547,867,2025-Q1,3,2025-03-02
4548,868,2025-Q1,5,2025-03-22
4549,2,2025-Q2,3,2025-06-28
4550,10,2025-Q2,2,2025-06-21
4551,11,2025-Q2,3,2025-06-07
4552,12,2025-Q2,3,2025-06-13
4553,13,2025-Q2,4,2025-06-20
4554,16,2025-Q2,3,2025-06-09
4555,17,2025-Q2,3,2025-06-24
4556,18,2025-Q2,3,2025-06-06
4557,20,2025-Q2,3,2025-06-21
4558,23,2025-Q2,4,2025-06-04
4559,25,2025-Q2,4,2025-06-24
4560,26,2025-Q2,5,2025-06-04
4561,27,2025-Q2,3,2025-06-26
4562,29,2025-Q2,4,2025-06-30
4563,30,2025-Q2,2,2025-06-20
4564,31,2025-Q2,3,2025-06-11
4565,32,2025-Q2,4,2025-06-09
4566,34,2025-Q2,4,2025-06-08
4567,35,2025-Q2,4,2025-06-03
4568,36,2025-Q2,4,2025-06-11
4569,40,2025-Q2,3,2025-06-17
4570,42,2025-Q2,3,2025-06-03
4571,44,2025-Q2,3,2025-06-26
4572,45,2025-Q2,4,2025-06-17
4573,46,2025-Q2,4,2025-06-08
4574,47,2025-Q2,3,2025-06-14
4575,48,2025-Q2,2,2025-06-18
4576,50,2025-Q2,3,2025-06-08
4577,52,2025-Q2,2,2025-06-27
4578,53,2025-Q2,4,2025-06-30
4579,54,2025-Q2,3,2025-06-16
4580,59,2025-Q2,3,2025-06-15
4581,60,2025-Q2,4,2025-06-24
4582,61,2025-Q2,3,2025-06-23
4583,62,2025-Q2,3,2025-06-04
4584,63,2025-Q2,4,2025-06-06
4585,64,2025-Q2,4,2025-06-01
4586,66,2025-Q2,4,2025-06-06
4587,67,2025-Q2,5,2025-06-21
4588,70,2025-Q2,4,2025-06-16
4589,71,2025-Q2,2,2025-06-09
4590,72,2025-Q2,4,2025-06-26
4591,73,2025-Q2,4,2025-06-07
4592,75,2025-Q2,3,2025-06-29
4593,78,2025-Q2,4,2025-06-22
4594,80,2025-Q2,3,2025-06-10
4595,82,2025-Q2,4,2025-06-22
4596,84,2025-Q2,4,2025-06-30
4597,86,2025-Q2,3,2025-06-26
4598,88,2025-Q2,4,2025-06-15
4599,91,2025-Q2,3,2025-06-13
4600,94,2025-Q2,4,2025-06-04
4601,96,2025-Q2,4,2025-06-10
4602,98,2025-Q2,3,2025-06-15
4603,100,2025-Q2,5,2025-06-22
4604,106,2025-Q2,4,2025-06-17
4605,107,2025-Q2,3,2025-06-07
4606,109,2025-Q2,3,2025-06-02
4607,110,2025-Q2,3,2025-06-23
4608,111,2025-Q2,4,2025-06-09
4609,112,2025-Q2,4,2025-06-17
4610,119,2025-Q2,3,2025-06-29
4611,122,2025-Q2,3,2025-06-29
4612,123,2025-Q2,2,2025-06-01
4613,124,2025-Q2,4,2025-06-27
4614,125,2025-Q2,3,2025-06-13
4615,126,2025-Q2,4,2025-06-17
4616,128,2025-Q2,4,2025-06-18
4617,129,2025-Q2,3,2025-06-25
4618,131,2025-Q2,3,2025-06-22
4619,133,2025-Q2,3,2025-06-18
4620,135,2025-Q2,2,2025-06-14
4621,136,2025-Q2,2,2025-06-05
4622,138,2025-Q2,4,2025-06-11
4623,142,2025-Q2,4,2025-06-13
4624,144,2025-Q2,2,2025-06-04
4625,145,2025-Q2,4,2025-06-02
4626,146,2025-Q2,4,2025-06-13
4627,147,2025-Q2,3,2025-06-28
4628,148,2025-Q2,3,2025-06-13
4629,149,2025-Q2,4,2025-06-06
4630,151,2025-Q2,3,2025-06-15
4631,152,2025-Q2,3,2025-06-26
4632,153,2025-Q2,4,2025-06-24
4633,154,2025-Q2,3,2025-06-10
4634,156,2025-Q2,4,2025-06-04
4635,157,2025-Q2,3,2025-06-19
4636,160,2025-Q2,3,2025-06-21
4637,161,2025-Q2,3,2025-06-18
4638,162,2025-Q2,3,2025-06-10
4639,164,2025-Q2,3,2025-06-08
4640,166,2025-Q2,3,2025-06-29
4641,167,2025-Q2,4,2025-06-30
4642,168,2025-Q2,4,2025-06-21
4643,170,2025-Q2,3,2025-06-29
4644,171,2025-Q2,4,2025-06-15
4645,172,2025-Q2,3,2025-06-17
4646,177,2025-Q2,2,2025-06-21
4647,178,2025-Q2,4,2025-06-01
4648,180,2025-Q2,4,2025-06-21
4649,181,2025-Q2,2,2025-06-29
4650,182,2025-Q2,3,2025-06-11
4651,184,2025-Q2,3,2025-06-24
4652,185,2025-Q2,3,2025-06-03
4653,186,2025-Q2,3,2025-06-13
4654,190,2025-Q2,3,2025-06-16
4655,191,2025-Q2,2,2025-06-06
4656,192,2025-Q2,1,2025-06-24
4657,194,2025-Q2,4,2025-06-09
4658,195,2025-Q2,3,2025-06-14
4659,196,2025-Q2,3,2025-06-01
4660,198,2025-Q2,3,2025-06-28
4661,200,2025-Q2,2,2025-06-30
4662,202,2025-Q2,4,2025-06-04
4663,203,2025-Q2,4,2025-06-30
4664,205,2025-Q2,3,2025-06-13
4665,206,2025-Q2,2,2025-06-09
4666,207,2025-Q2,4,2025-06-12
4667,208,2025-Q2,4,2025-06-05
4668,209,2025-Q2,3,2025-06-14
4669,210,2025-Q2,5,2025-06-06
4670,211,2025-Q2,3,2025-06-18
4671,213,2025-Q2,1,2025-06-28
4672,214,2025-Q2,5,2025-06-08
4673,216,2025-Q2,4,2025-06-29
4674,217,2025-Q2,4,2025-06-05
4675,220,2025-Q2,3,2025-06-27
4676,221,2025-Q2,2,2025-06-15
4677,222,2025-Q2,3,2025-06-02
4678,223,2025-Q2,4,2025-06-10
4679,224,2025-Q2,4,2025-06-27
4680,225,2025-Q2,3,2025-06-28
4681,226,2025-Q2,2,2025-06-12
4682,227,2025-Q2,4,2025-06-06
4683,229,2025-Q2,2,2025-06-09
4684,231,2025-Q2,2,2025-06-11
4685,232,2025-Q2,3,2025-06-25
4686,234,2025-Q2,3,2025-06-20
4687,235,2025-Q2,3,2025-06-11
4688,236,2025-Q2,3,2025-06-19
4689,237,2025-Q2,4,2025-06-28
4690,238,2025-Q2,2,2025-06-14
4691,240,2025-Q2,3,2025-06-02
4692,241,2025-Q2,4,2025-06-07
4693,242,2025-Q2,3,2025-06-25
4694,244,2025-Q2,3,2025-06-28
4695,245,2025-Q2,4,2025-06-26
4696,247,2025-Q2,4,2025-06-05
4697,249,2025-Q2,3,2025-06-13
4698,250,2025-Q2,3,2025-06-01
4699,253,2025-Q2,3,2025-06-30
4700,255,2025-Q2,4,2025-06-16
4701,259,2025-Q2,4,2025-06-17
4702,260,2025-Q2,4,2025-06-10
4703,262,2025-Q2,4,2025-06-26
4704,263,2025-Q2,4,2025-06-17
4705,264,2025-Q2,3,2025-06-12
4706,265,2025-Q2,3,2025-06-06
4707,266,2025-Q2,3,2025-06-15
4708,268,2025-Q2,3,2025-06-19
4709,269,2025-Q2,4,2025-06-14
4710,274,2025-Q2,2,2025-06-11
4711,275,2025-Q2,4,2025-06-09
4712,277,2025-Q2,5,2025-06-24
4713,279,2025-Q2,4,2025-06-11
4714,282,2025-Q2,4,2025-06-27
4715,284,2025-Q2,5,2025-06-26
4716,285,2025-Q2,4,2025-06-06
4717,286,2025-Q2,3,2025-06-09
4718,287,2025-Q2,3,2025-06-25
4719,288,2025-Q2,2,2025-06-07
4720,289,2025-Q2,4,2025-06-13
4721,290,2025-Q2,2,2025-06-20
4722,291,2025-Q2,2,2025-06-02
4723,292,2025-Q2,3,2025-06-02
4724,293,2025-Q2,3,2025-06-02
4725,294,2025-Q2,3,2025-06-23
4726,298,2025-Q2,3,2025-06-05
4727,301,2025-Q2,2,2025-06-16
4728,303,2025-Q2,4,2025-06-23
4729,304,2025-Q2,5,2025-06-20
4730,305,2025-Q2,3,2025-06-08
4731,307,2025-Q2,3,2025-06-10
4732,308,2025-Q2,3,2025-06-14
4733,310,2025-Q2,4,2025-06-12
4734,311,2025-Q2,3,2025-06-29
4735,313,2025-Q2,4,2025-06-17
4736,314,2025-Q2,4,2025-06-17
4737,318,2025-Q2,4,2025-06-10
4738,320,2025-Q2,4,2025-06-26
4739,321,2025-Q2,4,2025-06-27
4740,324,2025-Q2,3,2025-06-02
4741,325,2025-Q2,3,2025-06-17
4742,327,2025-Q2,4,2025-06-08
4743,330,2025-Q2,2,2025-06-22
4744,332,2025-Q2,4,2025-06-20
4745,333,2025-Q2,2,2025-06-02
4746,334,2025-Q2,4,2025-06-22
4747,335,2025-Q2,3,2025-06-24
4748,338,2025-Q2,4,2025-06-15
4749,339,2025-Q2,4,2025-06-15
4750,340,2025-Q2,3,2025-06-10
4751,341,2025-Q2,4,2025-06-29
4752,343,2025-Q2,3,2025-06-11
4753,345,2025-Q2,3,2025-06-25
4754,346,2025-Q2,3,2025-06-04
4755,347,2025-Q2,4,2025-06-07
4756,349,2025-Q2,4,2025-06-08
4757,350,2025-Q2,3,2025-06-23
4758,351,2025-Q2,3,2025-06-21
4759,355,2025-Q2,3,2025-06-03
4760,356,2025-Q2,4,2025-06-21
4761,357,2025-Q2,4,2025-06-05
4762,358,2025-Q2,3,2025-06-05
4763,359,2025-Q2,3,2025-06-10
4764,360,2025-Q2,4,2025-06-11
4765,361,2025-Q2,4,2025-06-17
4766,362,2025-Q2,3,2025-06-30
4767,366,2025-Q2,3,2025-06-22
4768,367,2025-Q2,5,2025-06-23
4769,369,2025-Q2,4,2025-06-02
4770,370,2025-Q2,4,2025-06-16
4771,371,2025-Q2,3,2025-06-24
4772,373,2025-Q2,3,2025-06-12
4773,374,2025-Q2,4,2025-06-04
4774,375,2025-Q2,4,2025-06-25
4775,377,2025-Q2,4,2025-06-10
4776,378,2025-Q2,3,2025-06-03
4777,379,2025-Q2,3,2025-06-03
4778,381,2025-Q2,2,2025-06-23
4779,382,2025-Q2,3,2025-06-22
4780,386,2025-Q2,5,2025-06-25
4781,387,2025-Q2,3,2025-06-03
4782,390,2025-Q2,3,2025-06-28
4783,391,2025-Q2,5,2025-06-17
4784,393,2025-Q2,2,2025-06-11
4785,395,2025-Q2,4,2025-06-17
4786,396,2025-Q2,3,2025-06-20
4787,397,2025-Q2,3,2025-06-22
4788,398,2025-Q2,3,2025-06-15
4789,401,2025-Q2,2,2025-06-14
4790,402,2025-Q2,3,2025-06-25
4791,403,2025-Q2,3,2025-06-05
4792,408,2025-Q2,4,2025-06-02
4793,409,2025-Q2,4,2025-06-23
4794,410,2025-Q2,4,2025-06-28
4795,412,2025-Q2,4,2025-06-22
4796,413,2025-Q2,4,2025-06-26
4797,415,2025-Q2,4,2025-06-11
4798,417,2025-Q2,3,2025-06-10
4799,418,2025-Q2,3,2025-06-22
4800,423,2025-Q2,2,2025-06-25
4801,424,2025-Q2,3,2025-06-30
4802,425,2025-Q2,3,2025-06-12
4803,427,2025-Q2,2,2025-06-17
4804,430,2025-Q2,4,2025-06-12
4805,432,2025-Q2,3,2025-06-22
4806,433,2025-Q2,5,2025-06-28
4807,434,2025-Q2,3,2025-06-02
4808,436,2025-Q2,3,2025-06-14
4809,438,2025-Q2,3,2025-06-11
4810,439,2025-Q2,5,2025-06-12
4811,440,2025-Q2,5,2025-06-08
4812,442,2025-Q2,5,2025-06-09
4813,444,2025-Q2,3,2025-06-03
4814,445,2025-Q2,4,2025-06-03
4815,446,2025-Q2,2,2025-06-28
4816,447,2025-Q2,4,2025-06-10
4817,448,2025-Q2,4,2025-06-18
4818,449,2025-Q2,3,2025-06-25
4819,450,2025-Q2,2,2025-06-24
4820,451,2025-Q2,2,2025-06-19
4821,452,2025-Q2,4,2025-06-16
4822,453,2025-Q2,4,2025-06-07
4823,457,2025-Q2,3,2025-06-03
4824,458,2025-Q2,4,2025-06-05
4825,459,2025-Q2,2,2025-06-25
4826,460,2025-Q2,4,2025-06-16
4827,463,2025-Q2,5,2025-06-28
4828,464,2025-Q2,4,2025-06-22
4829,465,2025-Q2,3,2025-06-26
4830,466,2025-Q2,4,2025-06-14
4831,467,2025-Q2,4,2025-06-14
4832,468,2025-Q2,3,2025-06-12
4833,469,2025-Q2,3,2025-06-10
4834,470,2025-Q2,4,2025-06-20
4835,472,2025-Q2,4,2025-06-01
4836,474,2025-Q2,3,2025-06-07
4837,476,2025-Q2,4,2025-06-05
4838,477,2025-Q2,4,2025-06-23
4839,480,2025-Q2,4,2025-06-24
4840,481,2025-Q2,3,2025-06-18
4841,482,2025-Q2,3,2025-06-08
4842,483,2025-Q2,3,2025-06-18
4843,484,2025-Q2,4,2025-06-22
4844,486,2025-Q2,2,2025-06-17
4845,487,2025-Q2,3,2025-06-03
4846,488,2025-Q2,4,2025-06-07
4847,492,2025-Q2,5,2025-06-17
4848,494,2025-Q2,4,2025-06-26
4849,495,2025-Q2,4,2025-06-13
4850,498,2025-Q2,4,2025-06-24
4851,499,2025-Q2,4,2025-06-08
4852,500,2025-Q2,4,2025-06-09
4853,501,2025-Q2,4,2025-06-02
4854,503,2025-Q2,3,2025-06-20
4855,504,2025-Q2,5,2025-06-16
4856,505,2025-Q2,3,2025-06-23
4857,506,2025-Q2,3,2025-06-05
4858,507,2025-Q2,2,2025-06-24
4859,508,2025-Q2,4,2025-06-23
4860,509,2025-Q2,3,2025-06-04
4861,510,2025-Q2,3,2025-06-27
4862,511,2025-Q2,5,2025-06-08
4863,514,2025-Q2,3,2025-06-23
4864,516,2025-Q2,3,2025-06-05
4865,517,2025-Q2,4,2025-06-18
4866,518,2025-Q2,3,2025-06-06
4867,519,2025-Q2,3,2025-06-17
4868,520,2025-Q2,3,2025-06-06
4869,524,2025-Q2,4,2025-06-15
4870,526,2025-Q2,4,2025-06-03
4871,528,2025-Q2,4,2025-06-29
4872,532,2025-Q2,3,2025-06-26
4873,534,2025-Q2,4,2025-06-11
4874,535,2025-Q2,4,2025-06-19
4875,536,2025-Q2,4,2025-06-10
4876,537,2025-Q2,3,2025-06-25
4877,539,2025-Q2,3,2025-06-09
4878,541,2025-Q2,2,2025-06-11
4879,543,2025-Q2,5,2025-06-28
4880,544,2025-Q2,1,2025-06-08
4881,546,2025-Q2,2,2025-06-01
4882,548,2025-Q2,4,2025-06-29
4883,549,2025-Q2,3,2025-06-12
4884,550,2025-Q2,3,2025-06-24
4885,551,2025-Q2,3,2025-06-07
4886,552,2025-Q2,4,2025-06-21
4887,553,2025-Q2,2,2025-06-19
4888,554,2025-Q2,5,2025-06-13
4889,556,2025-Q2,3,2025-06-15
4890,558,2025-Q2,4,2025-06-13
4891,559,2025-Q2,4,2025-06-18
4892,560,2025-Q2,4,2025-06-05
4893,564,2025-Q2,2,2025-06-03
4894,565,2025-Q2,3,2025-06-25
4895,567,2025-Q2,3,2025-06-08
4896,568,2025-Q2,4,2025-06-01
4897,569,2025-Q2,1,2025-06-13
4898,570,2025-Q2,3,2025-06-16
4899,571,2025-Q2,3,2025-06-23
4900,572,2025-Q2,3,2025-06-13
4901,573,2025-Q2,3,2025-06-27
4902,577,2025-Q2,5,2025-06-14
4903,578,2025-Q2,3,2025-06-07
4904,579,2025-Q2,5,2025-06-03
4905,580,2025-Q2,5,2025-06-11
4906,581,2025-Q2,3,2025-06-16
4907,582,2025-Q2,3,2025-06-25
4908,583,2025-Q2,5,2025-06-17
4909,586,2025-Q2,4,2025-06-04
4910,588,2025-Q2,3,2025-06-29
4911,589,2025-Q2,2,2025-06-25
4912,590,2025-Q2,5,2025-06-02
4913,591,2025-Q2,3,2025-06-28
4914,592,2025-Q2,3,2025-06-10
4915,593,2025-Q2,4,2025-06-15
4916,594,2025-Q2,2,2025-06-01
4917,595,2025-Q2,3,2025-06-29
4918,597,2025-Q2,3,2025-06-17
4919,600,2025-Q2,3,2025-06-30
4920,601,2025-Q2,4,2025-06-08
4921,602,2025-Q2,3,2025-06-25
4922,603,2025-Q2,5,2025-06-27
4923,605,2025-Q2,3,2025-06-19
4924,607,2025-Q2,4,2025-06-19
4925,608,2025-Q2,3,2025-06-01
4926,609,2025-Q2,4,2025-06-05
4927,611,2025-Q2,3,2025-06-06
4928,612,2025-Q2,5,2025-06-03
4929,613,2025-Q2,4,2025-06-10
4930,614,2025-Q2,4,2025-06-10
4931,615,2025-Q2,3,2025-06-20
4932,616,2025-Q2,4,2025-06-19
4933,617,2025-Q2,3,2025-06-14
4934,619,2025-Q2,3,2025-06-14
4935,620,2025-Q2,2,2025-06-27
4936,622,2025-Q2,2,2025-06-19
4937,628,2025-Q2,4,2025-06-27
4938,629,2025-Q2,3,2025-06-19
4939,630,2025-Q2,4,2025-06-18
4940,631,2025-Q2,3,2025-06-23
4941,632,2025-Q2,4,2025-06-07
4942,633,2025-Q2,3,2025-06-25
4943,634,2025-Q2,4,2025-06-22
4944,635,2025-Q2,4,2025-06-06
4945,636,2025-Q2,2,2025-06-16
4946,637,2025-Q2,3,2025-06-30
4947,638,2025-Q2,4,2025-06-08
4948,639,2025-Q2,4,2025-06-17
4949,640,2025-Q2,4,2025-06-15
4950,641,2025-Q2,3,2025-06-23
4951,642,2025-Q2,4,2025-06-20
4952,643,2025-Q2,2,2025-06-05
4953,644,2025-Q2,4,2025-06-26
4954,645,2025-Q2,3,2025-06-17
4955,646,2025-Q2,4,2025-06-27
4956,647,2025-Q2,3,2025-06-17
4957,648,2025-Q2,2,2025-06-09
4958,649,2025-Q2,3,2025-06-16
4959,650,2025-Q2,4,2025-06-25
4960,651,2025-Q2,4,2025-06-30
4961,652,2025-Q2,2,2025-06-23
4962,653,2025-Q2,4,2025-06-23
4963,655,2025-Q2,2,2025-06-12
4964,656,2025-Q2,4,2025-06-10
4965,658,2025-Q2,4,2025-06-18
4966,659,2025-Q2,2,2025-06-21
4967,660,2025-Q2,2,2025-06-23
4968,661,2025-Q2,2,2025-06-17
4969,662,2025-Q2,5,2025-06-27
4970,664,2025-Q2,5,2025-06-18
4971,665,2025-Q2,3,2025-06-14
4972,667,2025-Q2,4,2025-06-02
4973,668,2025-Q2,2,2025-06-18
4974,669,2025-Q2,4,2025-06-20
4975,670,2025-Q2,3,2025-06-19
4976,671,2025-Q2,4,2025-06-14
4977,672,2025-Q2,3,2025-06-14
4978,673,2025-Q2,3,2025-06-30
4979,674,2025-Q2,3,2025-06-13
4980,675,2025-Q2,2,2025-06-08
4981,678,2025-Q2,3,2025-06-20
4982,680,2025-Q2,3,2025-06-09
4983,681,2025-Q2,3,2025-06-11
4984,685,2025-Q2,4,2025-06-28
4985,688,2025-Q2,4,2025-06-27
4986,689,2025-Q2,4,2025-06-09
4987,691,2025-Q2,4,2025-06-13
4988,692,2025-Q2,3,2025-06-06
4989,693,2025-Q2,3,2025-06-13
4990,694,2025-Q2,2,2025-06-15
4991,698,2025-Q2,2,2025-06-29
4992,701,2025-Q2,4,2025-06-01
4993,703,2025-Q2,3,2025-06-23
4994,704,2025-Q2,2,2025-06-17
4995,705,2025-Q2,4,2025-06-04
4996,706,2025-Q2,3,2025-06-24
4997,707,2025-Q2,3,2025-06-23
4998,711,2025-Q2,5,2025-06-05
4999,712,2025-Q2,4,2025-06-28
5000,713,2025-Q2,2,2025-06-22
5001,714,2025-Q2,4,2025-06-17
5002,716,2025-Q2,3,2025-06-09
5003,717,2025-Q2,3,2025-06-18
5004,721,2025-Q2,3,2025-06-25
5005,722,2025-Q2,4,2025-06-08
5006,723,2025-Q2,3,2025-06-14
5007,724,2025-Q2,3,2025-06-20
5008,725,2025-Q2,4,2025-06-15
5009,726,2025-Q2,4,2025-06-04
5010,728,2025-Q2,3,2025-06-19
5011,729,2025-Q2,3,2025-06-05
5012,730,2025-Q2,3,2025-06-26
5013,731,2025-Q2,3,2025-06-18
5014,732,2025-Q2,3,2025-06-18
5015,733,2025-Q2,3,2025-06-10
5016,735,2025-Q2,4,2025-06-02
5017,736,2025-Q2,4,2025-06-07
5018,737,2025-Q2,3,2025-06-06
5019,738,2025-Q2,4,2025-06-13
5020,740,2025-Q2,2,2025-06-07
5021,741,2025-Q2,3,2025-06-18
5022,742,2025-Q2,4,2025-06-02
5023,744,2025-Q2,3,2025-06-07
5024,745,2025-Q2,3,2025-06-13
5025,748,2025-Q2,5,2025-06-10
5026,749,2025-Q2,4,2025-06-10
5027,750,2025-Q2,1,2025-06-09
5028,752,2025-Q2,5,2025-06-28
5029,753,2025-Q2,4,2025-06-23
5030,754,2025-Q2,3,2025-06-25
5031,756,2025-Q2,3,2025-06-03
5032,757,2025-Q2,4,2025-06-01
5033,758,2025-Q2,2,2025-06-13
5034,759,2025-Q2,2,2025-06-29
5035,760,2025-Q2,5,2025-06-21
5036,761,2025-Q2,4,2025-06-13
5037,762,2025-Q2,3,2025-06-26
5038,763,2025-Q2,2,2025-06-28
5039,764,2025-Q2,4,2025-06-01
5040,765,2025-Q2,3,2025-06-20
5041,766,2025-Q2,4,2025-06-20
5042,768,2025-Q2,5,2025-06-10
5043,769,2025-Q2,2,2025-06-11
5044,772,2025-Q2,3,2025-06-27
5045,773,2025-Q2,4,2025-06-28
5046,775,2025-Q2,4,2025-06-19
5047,776,2025-Q2,4,2025-06-03
5048,777,2025-Q2,3,2025-06-15
5049,778,2025-Q2,3,2025-06-06
5050,779,2025-Q2,3,2025-06-22
5051,780,2025-Q2,2,2025-06-01
5052,781,2025-Q2,5,2025-06-14
5053,782,2025-Q2,2,2025-06-22
5054,783,2025-Q2,5,2025-06-04
5055,784,2025-Q2,2,2025-06-12
5056,785,2025-Q2,4,2025-06-26
5057,786,2025-Q2,3,2025-06-06
5058,787,2025-Q2,5,2025-06-27
5059,788,2025-Q2,3,2025-06-12
5060,789,2025-Q2,3,2025-06-06
5061,790,2025-Q2,1,2025-06-12
5062,793,2025-Q2,2,2025-06-28
5063,794,2025-Q2,3,2025-06-27
5064,795,2025-Q2,3,2025-06-20
5065,796,2025-Q2,3,2025-06-11
5066,797,2025-Q2,4,2025-06-16
5067,799,2025-Q2,3,2025-06-08
5068,801,2025-Q2,2,2025-06-02
5069,802,2025-Q2,5,2025-06-12
5070,803,2025-Q2,3,2025-06-13
5071,804,2025-Q2,4,2025-06-08
5072,805,2025-Q2,3,2025-06-02
5073,806,2025-Q2,5,2025-06-22
5074,807,2025-Q2,3,2025-06-13
5075,808,2025-Q2,4,2025-06-09
5076,809,2025-Q2,4,2025-06-01
5077,810,2025-Q2,3,2025-06-18
5078,811,2025-Q2,4,2025-06-08
5079,812,2025-Q2,4,2025-06-01
5080,813,2025-Q2,4,2025-06-27
5081,814,2025-Q2,3,2025-06-11
5082,815,2025-Q2,4,2025-06-05
5083,816,2025-Q2,4,2025-06-02
5084,817,2025-Q2,4,2025-06-16
5085,818,2025-Q2,4,2025-06-04
5086,819,2025-Q2,4,2025-06-23
5087,820,2025-Q2,2,2025-06-23
5088,821,2025-Q2,3,2025-06-17
5089,822,2025-Q2,3,2025-06-07
5090,823,2025-Q2,3,2025-06-25
5091,824,2025-Q2,3,2025-06-01
5092,825,2025-Q2,4,2025-06-08
5093,826,2025-Q2,4,2025-06-26
5094,827,2025-Q2,2,2025-06-01
5095,828,2025-Q2,3,2025-06-17
5096,829,2025-Q2,3,2025-06-17
5097,830,2025-Q2,2,2025-06-26
5098,831,2025-Q2,5,2025-06-19
5099,832,2025-Q2,4,2025-06-12
5100,834,2025-Q2,4,2025-06-23
5101,836,2025-Q2,3,2025-06-18
5102,837,2025-Q2,3,2025-06-18
5103,839,2025-Q2,3,2025-06-13
5104,840,2025-Q2,3,2025-06-03
5105,841,2025-Q2,4,2025-06-18
5106,842,2025-Q2,5,2025-06-09
5107,843,2025-Q2,3,2025-06-20
5108,844,2025-Q2,3,2025-06-12
5109,846,2025-Q2,3,2025-06-29
5110,847,2025-Q2,4,2025-06-02
5111,848,2025-Q2,3,2025-06-26
5112,849,2025-Q2,4,2025-06-15
5113,850,2025-Q2,4,2025-06-09
5114,851,2025-Q2,3,2025-06-27
5115,852,2025-Q2,3,2025-06-24
5116,853,2025-Q2,4,2025-06-22
5117,854,2025-Q2,3,2025-06-19
5118,856,2025-Q2,4,2025-06-14
5119,857,2025-Q2,3,2025-06-13
5120,859,2025-Q2,5,2025-06-16
5121,861,2025-Q2,2,2025-06-02
5122,862,2025-Q2,4,2025-06-25
5123,863,2025-Q2,2,2025-06-13
5124,864,2025-Q2,4,2025-06-28
5125,865,2025-Q2,5,2025-06-01
5126,867,2025-Q2,4,2025-06-29
5127,868,2025-Q2,3,2025-06-16
5128,871,2025-Q2,4,2025-06-29
5129,872,2025-Q2,2,2025-06-26
5130,873,2025-Q2,3,2025-06-24
5131,874,2025-Q2,4,2025-06-13
5132,875,2025-Q2,3,2025-06-08
5133,876,2025-Q2,3,2025-06-02
5134,877,2025-Q2,4,2025-06-28
5135,880,2025-Q2,4,2025-06-05
5136,881,2025-Q2,3,2025-06-23
5137,882,2025-Q2,4,2025-06-05
5138,884,2025-Q2,3,2025-06-04
5139,885,2025-Q2,2,2025-06-21
5140,886,2025-Q2,3,2025-06-17
5141,887,2025-Q2,3,2025-06-22
5142,888,2025-Q2,3,2025-06-20
5143,890,2025-Q2,3,2025-06-23
5144,891,2025-Q2,3,2025-06-18
5145,892,2025-Q2,4,2025-06-23
5146,894,2025-Q2,3,2025-06-29
5147,895,2025-Q2,4,2025-06-19
5148,896,2025-Q2,4,2025-06-16
5149,897,2025-Q2,3,2025-06-18
5150,898,2025-Q2,3,2025-06-28
5151,899,2025-Q2,3,2025-06-02
5152,900,2025-Q2,3,2025-06-09
5153,901,2025-Q2,3,2025-06-05
5154,902,2025-Q2,4,2025-06-28
5155,903,2025-Q2,2,2025-06-02
5156,904,2025-Q2,4,2025-06-20
5157,905,2025-Q2,3,2025-06-24
5158,906,2025-Q2,3,2025-06-22
5159,908,2025-Q2,3,2025-06-07
5160,910,2025-Q2,4,2025-06-09
5161,911,2025-Q2,2,2025-06-05
5162,913,2025-Q2,3,2025-06-26
5163,916,2025-Q2,4,2025-06-21
5164,917,2025-Q2,4,2025-06-09
5165,919,2025-Q2,4,2025-06-23
5166,920,2025-Q2,2,2025-06-24
5167,921,2025-Q2,3,2025-06-30
5168,922,2025-Q2,2,2025-06-23
5169,923,2025-Q2,5,2025-06-05
5170,924,2025-Q2,3,2025-06-02
5171,925,2025-Q2,3,2025-06-04
5172,926,2025-Q2,3,2025-06-07
5173,927,2025-Q2,5,2025-06-16
5174,928,2025-Q2,3,2025-06-30
5175,929,2025-Q2,2,2025-06-02
5176,930,2025-Q2,4,2025-06-07
5177,931,2025-Q2,3,2025-06-12
5178,932,2025-Q2,4,2025-06-25
5179,933,2025-Q2,5,2025-06-19
5180,934,2025-Q2,3,2025-06-15
5181,935,2025-Q2,2,2025-06-11
5182,936,2025-Q2,4,2025-06-28
5183,937,2025-Q2,4,2025-06-19
5184,939,2025-Q2,3,2025-06-07
5185,940,2025-Q2,3,2025-06-24
5186,941,2025-Q2,3,2025-06-13
5187,942,2025-Q2,4,2025-06-15
5188,943,2025-Q2,2,2025-06-03
5189,944,2025-Q2,4,2025-06-03
5190,945,2025-Q2,3,2025-06-14
5191,946,2025-Q2,3,2025-06-02
5192,947,2025-Q2,3,2025-06-13
5193,948,2025-Q2,4,2025-06-21
5194,949,2025-Q2,3,2025-06-23
5195,951,2025-Q2,4,2025-06-22
5196,952,2025-Q2,3,2025-06-03
5197,2,2025-Q3,4,2025-09-24
5198,3,2025-Q3,3,2025-09-10
5199,4,2025-Q3,3,2025-09-08
5200,10,2025-Q3,3,2025-09-30
5201,11,2025-Q3,2,2025-09-24
5202,13,2025-Q3,4,2025-09-05
5203,16,2025-Q3,3,2025-09-07
5204,17,2025-Q3,3,2025-09-26
5205,20,2025-Q3,3,2025-09-16
5206,21,2025-Q3,2,2025-09-30
5207,22,2025-Q3,3,2025-09-13
5208,25,2025-Q3,3,2025-09-06
5209,26,2025-Q3,4,2025-09-01
5210,27,2025-Q3,4,2025-09-25
5211,29,2025-Q3,2,2025-09-05
5212,30,2025-Q3,3,2025-09-26
5213,31,2025-Q3,4,2025-09-14
5214,32,2025-Q3,5,2025-09-19
5215,34,2025-Q3,3,2025-09-13
5216,35,2025-Q3,4,2025-09-19
5217,36,2025-Q3,2,2025-09-30
5218,39,2025-Q3,3,2025-09-01
5219,40,2025-Q3,3,2025-09-10
5220,42,2025-Q3,2,2025-09-12
5221,44,2025-Q3,3,2025-09-13
5222,45,2025-Q3,4,2025-09-20
5223,46,2025-Q3,5,2025-09-22
5224,47,2025-Q3,3,2025-09-06
5225,50,2025-Q3,4,2025-09-15
5226,51,2025-Q3,4,2025-09-13
5227,52,2025-Q3,3,2025-09-04
5228,53,2025-Q3,3,2025-09-15
5229,54,2025-Q3,2,2025-09-24
5230,60,2025-Q3,3,2025-09-09
5231,61,2025-Q3,3,2025-09-29
5232,62,2025-Q3,4,2025-09-28
5233,63,2025-Q3,4,2025-09-17
5234,64,2025-Q3,4,2025-09-23
5235,66,2025-Q3,3,2025-09-07
5236,67,2025-Q3,3,2025-09-11
5237,70,2025-Q3,3,2025-09-07
5238,73,2025-Q3,4,2025-09-15
5239,76,2025-Q3,4,2025-09-14
5240,78,2025-Q3,2,2025-09-03
5241,80,2025-Q3,3,2025-09-18
5242,82,2025-Q3,3,2025-09-15
5243,84,2025-Q3,4,2025-09-28
5244,88,2025-Q3,3,2025-09-19
5245,91,2025-Q3,4,2025-09-24
5246,94,2025-Q3,4,2025-09-08
5247,96,2025-Q3,5,2025-09-23
5248,97,2025-Q3,3,2025-09-07
5249,98,2025-Q3,2,2025-09-17
5250,100,2025-Q3,3,2025-09-28
5251,101,2025-Q3,4,2025-09-04
5252,105,2025-Q3,3,2025-09-18
5253,106,2025-Q3,3,2025-09-30
5254,107,2025-Q3,4,2025-09-16
5255,110,2025-Q3,3,2025-09-30
5256,111,2025-Q3,4,2025-09-11
5257,116,2025-Q3,3,2025-09-29
5258,118,2025-Q3,3,2025-09-12
5259,121,2025-Q3,4,2025-09-26
5260,122,2025-Q3,5,2025-09-24
5261,123,2025-Q3,2,2025-09-26
5262,124,2025-Q3,2,2025-09-15
5263,125,2025-Q3,3,2025-09-25
5264,126,2025-Q3,4,2025-09-16
5265,128,2025-Q3,4,2025-09-04
5266,129,2025-Q3,3,2025-09-15
5267,131,2025-Q3,4,2025-09-08
5268,133,2025-Q3,3,2025-09-14
5269,135,2025-Q3,4,2025-09-21
5270,136,2025-Q3,3,2025-09-14
5271,138,2025-Q3,3,2025-09-09
5272,141,2025-Q3,3,2025-09-21
5273,142,2025-Q3,5,2025-09-10
5274,144,2025-Q3,4,2025-09-21
5275,145,2025-Q3,3,2025-09-28
5276,147,2025-Q3,3,2025-09-02
5277,149,2025-Q3,3,2025-09-08
5278,151,2025-Q3,3,2025-09-21
5279,152,2025-Q3,3,2025-09-27
5280,153,2025-Q3,2,2025-09-02
5281,155,2025-Q3,3,2025-09-07
5282,156,2025-Q3,3,2025-09-16
5283,157,2025-Q3,4,2025-09-25
5284,160,2025-Q3,4,2025-09-16
5285,161,2025-Q3,4,2025-09-28
5286,162,2025-Q3,2,2025-09-09
5287,164,2025-Q3,4,2025-09-27
5288,166,2025-Q3,3,2025-09-08
5289,167,2025-Q3,4,2025-09-02
5290,168,2025-Q3,3,2025-09-09
5291,169,2025-Q3,4,2025-09-28
5292,170,2025-Q3,2,2025-09-14
5293,171,2025-Q3,4,2025-09-10
5294,172,2025-Q3,4,2025-09-02
5295,175,2025-Q3,3,2025-09-27
5296,177,2025-Q3,4,2025-09-19
5297,178,2025-Q3,3,2025-09-18
5298,181,2025-Q3,4,2025-09-29
5299,182,2025-Q3,2,2025-09-18
5300,183,2025-Q3,3,2025-09-02
5301,184,2025-Q3,3,2025-09-14
5302,185,2025-Q3,4,2025-09-05
5303,186,2025-Q3,4,2025-09-14
5304,187,2025-Q3,4,2025-09-13
5305,188,2025-Q3,2,2025-09-19
5306,191,2025-Q3,3,2025-09-12
5307,192,2025-Q3,4,2025-09-17
5308,195,2025-Q3,4,2025-09-15
5309,196,2025-Q3,4,2025-09-16
5310,198,2025-Q3,4,2025-09-27
5311,200,2025-Q3,4,2025-09-28
5312,202,2025-Q3,3,2025-09-09
5313,203,2025-Q3,3,2025-09-24
5314,204,2025-Q3,4,2025-09-20
5315,205,2025-Q3,2,2025-09-12
5316,206,2025-Q3,3,2025-09-22
5317,207,2025-Q3,2,2025-09-27
5318,208,2025-Q3,3,2025-09-24
5319,209,2025-Q3,3,2025-09-17
5320,210,2025-Q3,3,2025-09-14
5321,211,2025-Q3,2,2025-09-26
5322,212,2025-Q3,3,2025-09-08
5323,213,2025-Q3,5,2025-09-10
5324,214,2025-Q3,3,2025-09-22
5325,216,2025-Q3,3,2025-09-22
5326,217,2025-Q3,3,2025-09-10
5327,219,2025-Q3,4,2025-09-01
5328,220,2025-Q3,2,2025-09-04
5329,221,2025-Q3,4,2025-09-12
5330,222,2025-Q3,4,2025-09-07
5331,223,2025-Q3,4,2025-09-04
5332,224,2025-Q3,4,2025-09-03
5333,225,2025-Q3,2,2025-09-28
5334,227,2025-Q3,5,2025-09-05
5335,228,2025-Q3,2,2025-09-17
5336,229,2025-Q3,5,2025-09-17
5337,231,2025-Q3,3,2025-09-01
5338,232,2025-Q3,3,2025-09-16
5339,233,2025-Q3,3,2025-09-02
5340,234,2025-Q3,4,2025-09-06
5341,235,2025-Q3,3,2025-09-26
5342,236,2025-Q3,3,2025-09-14
5343,237,2025-Q3,3,2025-09-29
5344,238,2025-Q3,4,2025-09-15
5345,240,2025-Q3,3,2025-09-20
5346,241,2025-Q3,4,2025-09-17
5347,244,2025-Q3,4,2025-09-18
5348,245,2025-Q3,2,2025-09-15
5349,247,2025-Q3,3,2025-09-19
5350,249,2025-Q3,3,2025-09-20
5351,250,2025-Q3,4,2025-09-16
5352,253,2025-Q3,3,2025-09-28
5353,254,2025-Q3,3,2025-09-17
5354,255,2025-Q3,3,2025-09-27
5355,259,2025-Q3,5,2025-09-11
5356,260,2025-Q3,2,2025-09-07
5357,262,2025-Q3,4,2025-09-04
5358,263,2025-Q3,3,2025-09-07
5359,265,2025-Q3,3,2025-09-10
5360,266,2025-Q3,3,2025-09-07
5361,268,2025-Q3,3,2025-09-04
5362,272,2025-Q3,3,2025-09-26
5363,277,2025-Q3,3,2025-09-13
5364,278,2025-Q3,3,2025-09-27
5365,279,2025-Q3,3,2025-09-02
5366,285,2025-Q3,4,2025-09-17
5367,286,2025-Q3,2,2025-09-07
5368,287,2025-Q3,2,2025-09-12
5369,288,2025-Q3,5,2025-09-19
5370,290,2025-Q3,2,2025-09-08
5371,291,2025-Q3,4,2025-09-26
5372,292,2025-Q3,4,2025-09-14
5373,293,2025-Q3,3,2025-09-13
5374,294,2025-Q3,4,2025-09-05
5375,301,2025-Q3,4,2025-09-16
5376,302,2025-Q3,5,2025-09-05
5377,304,2025-Q3,4,2025-09-05
5378,308,2025-Q3,1,2025-09-26
5379,310,2025-Q3,2,2025-09-05
5380,311,2025-Q3,5,2025-09-17
5381,313,2025-Q3,4,2025-09-21
5382,315,2025-Q3,3,2025-09-19
5383,318,2025-Q3,2,2025-09-14
5384,320,2025-Q3,5,2025-09-14
5385,321,2025-Q3,3,2025-09-03
5386,324,2025-Q3,3,2025-09-18
5387,327,2025-Q3,4,2025-09-15
5388,330,2025-Q3,4,2025-09-07
5389,332,2025-Q3,3,2025-09-01
5390,333,2025-Q3,4,2025-09-01
5391,335,2025-Q3,5,2025-09-24
5392,336,2025-Q3,4,2025-09-26
5393,339,2025-Q3,3,2025-09-21
5394,340,2025-Q3,3,2025-09-17
5395,341,2025-Q3,4,2025-09-03
5396,343,2025-Q3,2,2025-09-11
5397,346,2025-Q3,4,2025-09-05
5398,347,2025-Q3,3,2025-09-06
5399,350,2025-Q3,4,2025-09-22
5400,351,2025-Q3,4,2025-09-22
5401,355,2025-Q3,4,2025-09-21
5402,356,2025-Q3,3,2025-09-09
5403,357,2025-Q3,4,2025-09-21
5404,358,2025-Q3,4,2025-09-24
5405,359,2025-Q3,4,2025-09-20
5406,360,2025-Q3,4,2025-09-27
5407,362,2025-Q3,3,2025-09-30
5408,363,2025-Q3,3,2025-09-08
5409,364,2025-Q3,3,2025-09-24
5410,365,2025-Q3,4,2025-09-15
5411,366,2025-Q3,4,2025-09-15
5412,367,2025-Q3,4,2025-09-29
5413,369,2025-Q3,4,2025-09-08
5414,370,2025-Q3,3,2025-09-14
5415,371,2025-Q3,4,2025-09-13
5416,373,2025-Q3,4,2025-09-30
5417,374,2025-Q3,5,2025-09-06
5418,375,2025-Q3,3,2025-09-13
5419,376,2025-Q3,3,2025-09-13
5420,377,2025-Q3,3,2025-09-05
5421,378,2025-Q3,2,2025-09-08
5422,379,2025-Q3,5,2025-09-04
5423,381,2025-Q3,4,2025-09-23
5424,382,2025-Q3,3,2025-09-19
5425,383,2025-Q3,2,2025-09-02
5426,384,2025-Q3,4,2025-09-04
5427,386,2025-Q3,3,2025-09-20
5428,389,2025-Q3,4,2025-09-27
5429,391,2025-Q3,3,2025-09-26
5430,393,2025-Q3,4,2025-09-12
5431,395,2025-Q3,3,2025-09-14
5432,396,2025-Q3,4,2025-09-06
5433,397,2025-Q3,4,2025-09-17
5434,398,2025-Q3,5,2025-09-04
5435,400,2025-Q3,4,2025-09-07
5436,401,2025-Q3,4,2025-09-15
5437,402,2025-Q3,2,2025-09-07
5438,405,2025-Q3,4,2025-09-23
5439,408,2025-Q3,5,2025-09-16
5440,409,2025-Q3,3,2025-09-12
5441,410,2025-Q3,4,2025-09-15
5442,412,2025-Q3,3,2025-09-23
5443,417,2025-Q3,3,2025-09-24
5444,418,2025-Q3,3,2025-09-08
5445,420,2025-Q3,4,2025-09-04
5446,421,2025-Q3,3,2025-09-06
5447,423,2025-Q3,4,2025-09-12
5448,425,2025-Q3,3,2025-09-03
5449,430,2025-Q3,4,2025-09-27
5450,432,2025-Q3,3,2025-09-19
5451,434,2025-Q3,2,2025-09-10
5452,437,2025-Q3,4,2025-09-02
5453,438,2025-Q3,4,2025-09-01
5454,439,2025-Q3,3,2025-09-26
5455,440,2025-Q3,2,2025-09-03
5456,442,2025-Q3,3,2025-09-13
5457,443,2025-Q3,3,2025-09-04
5458,444,2025-Q3,3,2025-09-15
5459,445,2025-Q3,3,2025-09-17
5460,446,2025-Q3,4,2025-09-21
5461,448,2025-Q3,2,2025-09-14
5462,449,2025-Q3,5,2025-09-01
5463,452,2025-Q3,4,2025-09-02
5464,454,2025-Q3,4,2025-09-05
5465,455,2025-Q3,3,2025-09-09
5466,457,2025-Q3,4,2025-09-06
5467,458,2025-Q3,4,2025-09-04
5468,460,2025-Q3,3,2025-09-14
5469,461,2025-Q3,4,2025-09-05
5470,463,2025-Q3,3,2025-09-29
5471,464,2025-Q3,3,2025-09-14
5472,466,2025-Q3,2,2025-09-02
5473,467,2025-Q3,4,2025-09-26
5474,468,2025-Q3,2,2025-09-11
5475,469,2025-Q3,4,2025-09-14
5476,470,2025-Q3,5,2025-09-28
5477,472,2025-Q3,3,2025-09-30
5478,474,2025-Q3,4,2025-09-14
5479,475,2025-Q3,3,2025-09-02
5480,476,2025-Q3,3,2025-09-21
5481,477,2025-Q3,4,2025-09-07
5482,480,2025-Q3,4,2025-09-30
5483,481,2025-Q3,4,2025-09-04
5484,482,2025-Q3,3,2025-09-16
5485,483,2025-Q3,4,2025-09-16
5486,484,2025-Q3,3,2025-09-22
5487,486,2025-Q3,3,2025-09-04
5488,487,2025-Q3,4,2025-09-25
5489,489,2025-Q3,3,2025-09-28
5490,492,2025-Q3,3,2025-09-16
5491,494,2025-Q3,3,2025-09-23
5492,495,2025-Q3,3,2025-09-21
5493,498,2025-Q3,4,2025-09-14
5494,499,2025-Q3,3,2025-09-04
5495,500,2025-Q3,3,2025-09-27
5496,503,2025-Q3,3,2025-09-03
5497,504,2025-Q3,4,2025-09-28
5498,505,2025-Q3,3,2025-09-01
5499,506,2025-Q3,3,2025-09-30
5500,507,2025-Q3,4,2025-09-17
5501,508,2025-Q3,3,2025-09-21
5502,509,2025-Q3,3,2025-09-20
5503,510,2025-Q3,3,2025-09-26
5504,511,2025-Q3,3,2025-09-12
5505,514,2025-Q3,2,2025-09-05
5506,515,2025-Q3,5,2025-09-17
5507,516,2025-Q3,5,2025-09-24
5508,518,2025-Q3,4,2025-09-29
5509,519,2025-Q3,2,2025-09-02
5510,520,2025-Q3,2,2025-09-24
5511,522,2025-Q3,5,2025-09-26
5512,523,2025-Q3,3,2025-09-17
5513,524,2025-Q3,4,2025-09-18
5514,526,2025-Q3,3,2025-09-02
5515,527,2025-Q3,4,2025-09-04
5516,528,2025-Q3,3,2025-09-19
5517,531,2025-Q3,4,2025-09-25
5518,532,2025-Q3,4,2025-09-08
5519,534,2025-Q3,3,2025-09-12
5520,535,2025-Q3,4,2025-09-23
5521,536,2025-Q3,5,2025-09-29
5522,537,2025-Q3,2,2025-09-23
5523,539,2025-Q3,5,2025-09-03
5524,541,2025-Q3,5,2025-09-16
5525,543,2025-Q3,3,2025-09-06
5526,546,2025-Q3,2,2025-09-29
5527,548,2025-Q3,4,2025-09-06
5528,549,2025-Q3,4,2025-09-12
5529,550,2025-Q3,3,2025-09-05
5530,551,2025-Q3,3,2025-09-28
5531,552,2025-Q3,4,2025-09-28
5532,553,2025-Q3,3,2025-09-28
5533,555,2025-Q3,5,2025-09-12
5534,558,2025-Q3,3,2025-09-22
5535,560,2025-Q3,2,2025-09-23
5536,564,2025-Q3,3,2025-09-13
5537,565,2025-Q3,4,2025-09-15
5538,566,2025-Q3,2,2025-09-08
5539,567,2025-Q3,3,2025-09-22
5540,568,2025-Q3,3,2025-09-03
5541,569,2025-Q3,4,2025-09-04
5542,570,2025-Q3,4,2025-09-07
5543,571,2025-Q3,5,2025-09-06
5544,572,2025-Q3,3,2025-09-19
5545,573,2025-Q3,2,2025-09-10
5546,576,2025-Q3,3,2025-09-29
5547,577,2025-Q3,4,2025-09-05
5548,578,2025-Q3,5,2025-09-26
5549,580,2025-Q3,5,2025-09-24
5550,581,2025-Q3,3,2025-09-27
5551,582,2025-Q3,3,2025-09-17
5552,586,2025-Q3,4,2025-09-15
5553,588,2025-Q3,3,2025-09-04
5554,589,2025-Q3,3,2025-09-24
5555,590,2025-Q3,4,2025-09-17
5556,591,2025-Q3,4,2025-09-03
5557,592,2025-Q3,4,2025-09-18
5558,593,2025-Q3,4,2025-09-18
5559,594,2025-Q3,3,2025-09-15
5560,595,2025-Q3,3,2025-09-21
5561,596,2025-Q3,3,2025-09-04
5562,597,2025-Q3,3,2025-09-26
5563,600,2025-Q3,4,2025-09-09
5564,601,2025-Q3,4,2025-09-12
5565,602,2025-Q3,4,2025-09-01
5566,603,2025-Q3,2,2025-09-17
5567,604,2025-Q3,4,2025-09-18
5568,605,2025-Q3,2,2025-09-25
5569,607,2025-Q3,3,2025-09-19
5570,608,2025-Q3,2,2025-09-08
5571,609,2025-Q3,3,2025-09-05
5572,611,2025-Q3,5,2025-09-18
5573,612,2025-Q3,4,2025-09-24
5574,613,2025-Q3,3,2025-09-12
5575,614,2025-Q3,3,2025-09-28
5576,615,2025-Q3,4,2025-09-08
5577,616,2025-Q3,2,2025-09-02
5578,617,2025-Q3,4,2025-09-22
5579,618,2025-Q3,4,2025-09-19
5580,619,2025-Q3,3,2025-09-14
5581,620,2025-Q3,5,2025-09-19
5582,624,2025-Q3,3,2025-09-01
5583,625,2025-Q3,2,2025-09-27
5584,629,2025-Q3,3,2025-09-22
5585,630,2025-Q3,2,2025-09-15
5586,631,2025-Q3,3,2025-09-07
5587,632,2025-Q3,3,2025-09-14
5588,633,2025-Q3,3,2025-09-18
5589,634,2025-Q3,5,2025-09-10
5590,635,2025-Q3,2,2025-09-05
5591,636,2025-Q3,4,2025-09-06
5592,637,2025-Q3,4,2025-09-23
5593,638,2025-Q3,3,2025-09-29
5594,639,2025-Q3,3,2025-09-11
5595,640,2025-Q3,3,2025-09-05
5596,641,2025-Q3,4,2025-09-20
5597,642,2025-Q3,4,2025-09-21
5598,645,2025-Q3,3,2025-09-02
5599,647,2025-Q3,2,2025-09-20
5600,648,2025-Q3,4,2025-09-08
5601,650,2025-Q3,4,2025-09-19
5602,651,2025-Q3,3,2025-09-28
5603,652,2025-Q3,5,2025-09-24
5604,655,2025-Q3,2,2025-09-24
5605,658,2025-Q3,3,2025-09-24
5606,659,2025-Q3,3,2025-09-10
5607,661,2025-Q3,3,2025-09-21
5608,662,2025-Q3,4,2025-09-03
5609,667,2025-Q3,2,2025-09-09
5610,668,2025-Q3,4,2025-09-26
5611,669,2025-Q3,4,2025-09-20
5612,670,2025-Q3,2,2025-09-01
5613,671,2025-Q3,5,2025-09-03
5614,672,2025-Q3,2,2025-09-24
5615,673,2025-Q3,4,2025-09-01
5616,674,2025-Q3,4,2025-09-26
5617,677,2025-Q3,3,2025-09-02
5618,678,2025-Q3,3,2025-09-29
5619,679,2025-Q3,5,2025-09-09
5620,680,2025-Q3,4,2025-09-15
5621,681,2025-Q3,3,2025-09-26
5622,682,2025-Q3,5,2025-09-06
5623,684,2025-Q3,4,2025-09-20
5624,685,2025-Q3,3,2025-09-15
5625,686,2025-Q3,4,2025-09-02
5626,688,2025-Q3,4,2025-09-24
5627,689,2025-Q3,5,2025-09-13
5628,691,2025-Q3,3,2025-09-12
5629,693,2025-Q3,3,2025-09-11
5630,695,2025-Q3,3,2025-09-10
5631,698,2025-Q3,3,2025-09-28
5632,700,2025-Q3,4,2025-09-28
5633,701,2025-Q3,3,2025-09-26
5634,702,2025-Q3,3,2025-09-25
5635,704,2025-Q3,4,2025-09-27
5636,705,2025-Q3,2,2025-09-23
5637,707,2025-Q3,4,2025-09-04
5638,708,2025-Q3,2,2025-09-02
5639,709,2025-Q3,3,2025-09-14
5640,711,2025-Q3,4,2025-09-30
5641,712,2025-Q3,3,2025-09-20
5642,714,2025-Q3,2,2025-09-22
5643,716,2025-Q3,4,2025-09-06
5644,717,2025-Q3,3,2025-09-28
5645,718,2025-Q3,4,2025-09-15
5646,719,2025-Q3,3,2025-09-24
5647,720,2025-Q3,3,2025-09-23
5648,721,2025-Q3,4,2025-09-23
5649,722,2025-Q3,4,2025-09-28
5650,724,2025-Q3,3,2025-09-10
5651,725,2025-Q3,5,2025-09-13
5652,726,2025-Q3,3,2025-09-18
5653,728,2025-Q3,2,2025-09-26
5654,729,2025-Q3,4,2025-09-21
5655,730,2025-Q3,4,2025-09-18
5656,731,2025-Q3,3,2025-09-22
5657,732,2025-Q3,4,2025-09-09
5658,733,2025-Q3,3,2025-09-07
5659,735,2025-Q3,4,2025-09-28
5660,737,2025-Q3,4,2025-09-14
5661,738,2025-Q3,3,2025-09-14
5662,739,2025-Q3,4,2025-09-13
5663,740,2025-Q3,4,2025-09-07
5664,741,2025-Q3,4,2025-09-27
5665,742,2025-Q3,4,2025-09-28
5666,743,2025-Q3,4,2025-09-28
5667,745,2025-Q3,2,2025-09-01
5668,748,2025-Q3,4,2025-09-28
5669,749,2025-Q3,4,2025-09-19
5670,750,2025-Q3,5,2025-09-14
5671,751,2025-Q3,4,2025-09-16
5672,754,2025-Q3,2,2025-09-12
5673,755,2025-Q3,4,2025-09-30
5674,756,2025-Q3,3,2025-09-03
5675,757,2025-Q3,4,2025-09-10
5676,758,2025-Q3,3,2025-09-29
5677,759,2025-Q3,3,2025-09-12
5678,760,2025-Q3,4,2025-09-21
5679,762,2025-Q3,3,2025-09-23
5680,763,2025-Q3,4,2025-09-16
5681,764,2025-Q3,3,2025-09-08
5682,765,2025-Q3,3,2025-09-23
5683,766,2025-Q3,4,2025-09-11
5684,768,2025-Q3,5,2025-09-22
5685,769,2025-Q3,3,2025-09-21
5686,770,2025-Q3,3,2025-09-25
5687,771,2025-Q3,3,2025-09-17
5688,773,2025-Q3,4,2025-09-23
5689,775,2025-Q3,4,2025-09-21
5690,776,2025-Q3,2,2025-09-01
5691,777,2025-Q3,5,2025-09-18
5692,778,2025-Q3,3,2025-09-29
5693,779,2025-Q3,2,2025-09-25
5694,780,2025-Q3,3,2025-09-27
5695,781,2025-Q3,3,2025-09-02
5696,782,2025-Q3,5,2025-09-16
5697,783,2025-Q3,4,2025-09-16
5698,785,2025-Q3,4,2025-09-22
5699,786,2025-Q3,3,2025-09-10
5700,787,2025-Q3,3,2025-09-03
5701,788,2025-Q3,2,2025-09-14
5702,789,2025-Q3,5,2025-09-01
5703,790,2025-Q3,4,2025-09-06
5704,793,2025-Q3,3,2025-09-20
5705,794,2025-Q3,3,2025-09-02
5706,795,2025-Q3,4,2025-09-17
5707,796,2025-Q3,3,2025-09-25
5708,797,2025-Q3,3,2025-09-10
5709,798,2025-Q3,3,2025-09-25
5710,799,2025-Q3,3,2025-09-08
5711,800,2025-Q3,4,2025-09-23
5712,801,2025-Q3,3,2025-09-18
5713,802,2025-Q3,3,2025-09-21
5714,803,2025-Q3,2,2025-09-20
5715,804,2025-Q3,4,2025-09-19
5716,805,2025-Q3,4,2025-09-09
5717,806,2025-Q3,1,2025-09-29
5718,807,2025-Q3,3,2025-09-14
5719,809,2025-Q3,4,2025-09-05
5720,810,2025-Q3,4,2025-09-29
5721,811,2025-Q3,2,2025-09-14
5722,812,2025-Q3,5,2025-09-21
5723,814,2025-Q3,2,2025-09-27
5724,815,2025-Q3,3,2025-09-22
5725,817,2025-Q3,2,2025-09-22
5726,818,2025-Q3,4,2025-09-10
5727,819,2025-Q3,3,2025-09-24
5728,820,2025-Q3,4,2025-09-10
5729,821,2025-Q3,3,2025-09-01
5730,822,2025-Q3,5,2025-09-24
5731,823,2025-Q3,4,2025-09-07
5732,824,2025-Q3,4,2025-09-12
5733,825,2025-Q3,2,2025-09-05
5734,826,2025-Q3,4,2025-09-27
5735,828,2025-Q3,4,2025-09-23
5736,829,2025-Q3,2,2025-09-18
5737,830,2025-Q3,3,2025-09-29
5738,831,2025-Q3,2,2025-09-17
5739,834,2025-Q3,4,2025-09-03
5740,837,2025-Q3,2,2025-09-17
5741,838,2025-Q3,3,2025-09-13
5742,840,2025-Q3,5,2025-09-10
5743,841,2025-Q3,5,2025-09-13
5744,843,2025-Q3,2,2025-09-10
5745,844,2025-Q3,3,2025-09-22
5746,846,2025-Q3,4,2025-09-05
5747,847,2025-Q3,5,2025-09-19
5748,848,2025-Q3,3,2025-09-23
5749,850,2025-Q3,5,2025-09-14
5750,851,2025-Q3,4,2025-09-04
5751,852,2025-Q3,4,2025-09-07
5752,853,2025-Q3,4,2025-09-01
5753,854,2025-Q3,3,2025-09-15
5754,855,2025-Q3,3,2025-09-29
5755,856,2025-Q3,3,2025-09-02
5756,857,2025-Q3,4,2025-09-23
5757,858,2025-Q3,4,2025-09-15
5758,861,2025-Q3,5,2025-09-08
5759,864,2025-Q3,3,2025-09-08
5760,865,2025-Q3,4,2025-09-16
5761,867,2025-Q3,5,2025-09-01
5762,868,2025-Q3,4,2025-09-14
5763,869,2025-Q3,4,2025-09-24
5764,870,2025-Q3,5,2025-09-01
5765,871,2025-Q3,3,2025-09-23
5766,872,2025-Q3,4,2025-09-30
5767,873,2025-Q3,2,2025-09-09
5768,874,2025-Q3,2,2025-09-18
5769,875,2025-Q3,4,2025-09-03
5770,878,2025-Q3,2,2025-09-10
5771,879,2025-Q3,4,2025-09-08
5772,880,2025-Q3,4,2025-09-19
5773,881,2025-Q3,5,2025-09-27
5774,882,2025-Q3,2,2025-09-05
5775,884,2025-Q3,3,2025-09-29
5776,885,2025-Q3,3,2025-09-09
5777,886,2025-Q3,4,2025-09-16
5778,887,2025-Q3,3,2025-09-28
5779,888,2025-Q3,5,2025-09-11
5780,889,2025-Q3,3,2025-09-12
5781,890,2025-Q3,3,2025-09-13
5782,892,2025-Q3,4,2025-09-13
5783,894,2025-Q3,3,2025-09-25
5784,895,2025-Q3,2,2025-09-24
5785,896,2025-Q3,3,2025-09-04
5786,897,2025-Q3,4,2025-09-06
5787,898,2025-Q3,4,2025-09-18
5788,899,2025-Q3,3,2025-09-02
5789,900,2025-Q3,2,2025-09-19
5790,901,2025-Q3,3,2025-09-26
5791,903,2025-Q3,2,2025-09-13
5792,904,2025-Q3,3,2025-09-18
5793,905,2025-Q3,5,2025-09-09
5794,907,2025-Q3,3,2025-09-05
5795,908,2025-Q3,5,2025-09-24
5796,910,2025-Q3,3,2025-09-01
5797,911,2025-Q3,4,2025-09-02
5798,912,2025-Q3,4,2025-09-17
5799,915,2025-Q3,3,2025-09-15
5800,916,2025-Q3,5,2025-09-05
5801,917,2025-Q3,4,2025-09-30
5802,918,2025-Q3,4,2025-09-13
5803,919,2025-Q3,3,2025-09-18
5804,920,2025-Q3,3,2025-09-09
5805,921,2025-Q3,3,2025-09-22
5806,923,2025-Q3,4,2025-09-21
5807,924,2025-Q3,3,2025-09-11
5808,925,2025-Q3,2,2025-09-28
5809,926,2025-Q3,4,2025-09-26
5810,927,2025-Q3,4,2025-09-23
5811,928,2025-Q3,3,2025-09-24
5812,929,2025-Q3,3,2025-09-01
5813,930,2025-Q3,3,2025-09-09
5814,931,2025-Q3,4,2025-09-10
5815,933,2025-Q3,2,2025-09-14
5816,935,2025-Q3,4,2025-09-02
5817,936,2025-Q3,3,2025-09-06
5818,937,2025-Q3,2,2025-09-06
5819,938,2025-Q3,4,2025-09-04
5820,939,2025-Q3,4,2025-09-05
5821,940,2025-Q3,3,2025-09-07
5822,941,2025-Q3,3,2025-09-27
5823,942,2025-Q3,5,2025-09-02
5824,943,2025-Q3,3,2025-09-04
5825,944,2025-Q3,3,2025-09-19
5826,945,2025-Q3,3,2025-09-26
5827,946,2025-Q3,2,2025-09-13
5828,947,2025-Q3,4,2025-09-28
5829,949,2025-Q3,4,2025-09-11
5830,950,2025-Q3,5,2025-09-02
5831,951,2025-Q3,3,2025-09-18
5832,952,2025-Q3,2,2025-09-12
5833,953,2025-Q3,3,2025-09-28
5834,954,2025-Q3,2,2025-09-21
5835,955,2025-Q3,5,2025-09-23
5836,957,2025-Q3,4,2025-09-29
5837,958,2025-Q3,4,2025-09-13
5838,959,2025-Q3,4,2025-09-14
5839,960,2025-Q3,2,2025-09-07
5840,961,2025-Q3,4,2025-09-02
5841,963,2025-Q3,4,2025-09-02
5842,964,2025-Q3,4,2025-09-28
5843,967,2025-Q3,3,2025-09-18
5844,968,2025-Q3,4,2025-09-15
5845,969,2025-Q3,5,2025-09-16
5846,970,2025-Q3,3,2025-09-18
5847,972,2025-Q3,3,2025-09-02
5848,974,2025-Q3,4,2025-09-14
5849,975,2025-Q3,1,2025-09-08
5850,978,2025-Q3,3,2025-09-26
5851,979,2025-Q3,5,2025-09-09
5852,980,2025-Q3,3,2025-09-26
5853,981,2025-Q3,3,2025-09-23
5854,982,2025-Q3,3,2025-09-23
5855,984,2025-Q3,4,2025-09-19
5856,985,2025-Q3,3,2025-09-16
5857,986,2025-Q3,4,2025-09-15
5858,988,2025-Q3,3,2025-09-11
5859,989,2025-Q3,4,2025-09-16
5860,990,2025-Q3,3,2025-09-06
5861,991,2025-Q3,3,2025-09-07
5862,992,2025-Q3,4,2025-09-25
5863,994,2025-Q3,2,2025-09-11
5864,996,2025-Q3,2,2025-09-16
5865,997,2025-Q3,2,2025-09-18
5866,998,2025-Q3,3,2025-09-16
5867,999,2025-Q3,3,2025-09-17
5868,1000,2025-Q3,4,2025-09-01
5869,1001,2025-Q3,3,2025-09-23
5870,1002,2025-Q3,4,2025-09-18
5871,1003,2025-Q3,3,2025-09-07
5872,1004,2025-Q3,4,2025-09-09
5873,1005,2025-Q3,3,2025-09-22
5874,1006,2025-Q3,4,2025-09-25
5875,1007,2025-Q3,5,2025-09-20
5876,1008,2025-Q3,5,2025-09-17
5877,1009,2025-Q3,5,2025-09-27
5878,1011,2025-Q3,4,2025-09-09
5879,1012,2025-Q3,3,2025-09-03
5880,1013,2025-Q3,5,2025-09-19
5881,1014,2025-Q3,4,2025-09-16
5882,1015,2025-Q3,5,2025-09-26
5883,1016,2025-Q3,4,2025-09-15
5884,1017,2025-Q3,3,2025-09-19
5885,1019,2025-Q3,4,2025-09-02
5886,1020,2025-Q3,4,2025-09-14
5887,1021,2025-Q3,3,2025-09-04
5888,1022,2025-Q3,5,2025-09-07
5889,1023,2025-Q3,4,2025-09-18
5890,1024,2025-Q3,4,2025-09-08
5891,1025,2025-Q3,3,2025-09-10
5892,1026,2025-Q3,4,2025-09-14
5893,1027,2025-Q3,4,2025-09-24
5894,1028,2025-Q3,4,2025-09-20
5895,1029,2025-Q3,4,2025-09-04
5896,1030,2025-Q3,3,2025-09-19
5897,2,2025-Q4,3,2025-12-21
5898,3,2025-Q4,4,2025-12-30
5899,4,2025-Q4,3,2025-12-03
5900,10,2025-Q4,3,2025-12-31
5901,12,2025-Q4,4,2025-12-22
5902,13,2025-Q4,3,2025-12-26
5903,16,2025-Q4,3,2025-12-05
5904,21,2025-Q4,3,2025-12-22
5905,25,2025-Q4,4,2025-12-17
5906,26,2025-Q4,5,2025-12-02
5907,27,2025-Q4,4,2025-12-19
5908,29,2025-Q4,5,2025-12-03
5909,30,2025-Q4,4,2025-12-19
5910,32,2025-Q4,3,2025-12-23
5911,35,2025-Q4,2,2025-12-25
5912,39,2025-Q4,4,2025-12-16
5913,40,2025-Q4,3,2025-12-04
5914,42,2025-Q4,4,2025-12-16
5915,44,2025-Q4,3,2025-12-10
5916,45,2025-Q4,3,2025-12-21
5917,46,2025-Q4,3,2025-12-10
5918,47,2025-Q4,4,2025-12-01
5919,51,2025-Q4,4,2025-12-22
5920,52,2025-Q4,3,2025-12-12
5921,53,2025-Q4,4,2025-12-15
5922,54,2025-Q4,3,2025-12-04
5923,60,2025-Q4,3,2025-12-25
5924,63,2025-Q4,3,2025-12-15
5925,64,2025-Q4,3,2025-12-09
5926,66,2025-Q4,4,2025-12-20
5927,71,2025-Q4,4,2025-12-11
5928,72,2025-Q4,3,2025-12-05
5929,73,2025-Q4,4,2025-12-26
5930,75,2025-Q4,3,2025-12-14
5931,76,2025-Q4,4,2025-12-15
5932,78,2025-Q4,4,2025-12-18
5933,80,2025-Q4,3,2025-12-21
5934,82,2025-Q4,3,2025-12-26
5935,86,2025-Q4,3,2025-12-02
5936,88,2025-Q4,4,2025-12-14
5937,89,2025-Q4,3,2025-12-22
5938,91,2025-Q4,4,2025-12-06
5939,94,2025-Q4,3,2025-12-12
5940,96,2025-Q4,3,2025-12-18
5941,97,2025-Q4,5,2025-12-30
5942,98,2025-Q4,3,2025-12-13
5943,101,2025-Q4,4,2025-12-10
5944,105,2025-Q4,2,2025-12-04
5945,106,2025-Q4,4,2025-12-19
5946,107,2025-Q4,4,2025-12-04
5947,109,2025-Q4,3,2025-12-21
5948,110,2025-Q4,2,2025-12-19
5949,111,2025-Q4,2,2025-12-11
5950,112,2025-Q4,2,2025-12-10
5951,116,2025-Q4,3,2025-12-04
5952,118,2025-Q4,3,2025-12-16
5953,119,2025-Q4,5,2025-12-23
5954,121,2025-Q4,2,2025-12-11
5955,122,2025-Q4,3,2025-12-19
5956,123,2025-Q4,3,2025-12-15
5957,124,2025-Q4,2,2025-12-09
5958,125,2025-Q4,4,2025-12-17
5959,126,2025-Q4,4,2025-12-02
5960,128,2025-Q4,4,2025-12-04
5961,129,2025-Q4,3,2025-12-02
5962,131,2025-Q4,5,2025-12-19
5963,133,2025-Q4,3,2025-12-15
5964,136,2025-Q4,4,2025-12-30
5965,138,2025-Q4,4,2025-12-01
5966,141,2025-Q4,4,2025-12-18
5967,142,2025-Q4,3,2025-12-08
5968,144,2025-Q4,3,2025-12-11
5969,146,2025-Q4,5,2025-12-28
5970,147,2025-Q4,5,2025-12-06
5971,148,2025-Q4,3,2025-12-25
5972,151,2025-Q4,3,2025-12-03
5973,152,2025-Q4,4,2025-12-25
5974,153,2025-Q4,3,2025-12-31
5975,154,2025-Q4,4,2025-12-13
5976,155,2025-Q4,3,2025-12-04
5977,156,2025-Q4,5,2025-12-23
5978,157,2025-Q4,4,2025-12-01
5979,160,2025-Q4,4,2025-12-20
5980,161,2025-Q4,4,2025-12-23
5981,162,2025-Q4,4,2025-12-14
5982,164,2025-Q4,3,2025-12-06
5983,166,2025-Q4,3,2025-12-25
5984,168,2025-Q4,4,2025-12-16
5985,169,2025-Q4,3,2025-12-02
5986,170,2025-Q4,4,2025-12-25
5987,171,2025-Q4,3,2025-12-17
5988,172,2025-Q4,4,2025-12-15
5989,175,2025-Q4,3,2025-12-13
5990,177,2025-Q4,3,2025-12-21
5991,178,2025-Q4,2,2025-12-03
5992,180,2025-Q4,2,2025-12-01
5993,181,2025-Q4,4,2025-12-12
5994,182,2025-Q4,3,2025-12-03
5995,183,2025-Q4,2,2025-12-02
5996,188,2025-Q4,3,2025-12-14
5997,190,2025-Q4,3,2025-12-21
5998,191,2025-Q4,4,2025-12-15
5999,195,2025-Q4,3,2025-12-11
6000,200,2025-Q4,3,2025-12-03
6001,202,2025-Q4,3,2025-12-21
6002,203,2025-Q4,3,2025-12-09
6003,204,2025-Q4,2,2025-12-16
6004,205,2025-Q4,3,2025-12-09
6005,206,2025-Q4,5,2025-12-14
6006,208,2025-Q4,4,2025-12-18
6007,210,2025-Q4,3,2025-12-02
6008,211,2025-Q4,4,2025-12-22
6009,212,2025-Q4,4,2025-12-07
6010,213,2025-Q4,3,2025-12-11
6011,214,2025-Q4,3,2025-12-20
6012,216,2025-Q4,2,2025-12-12
6013,220,2025-Q4,4,2025-12-01
6014,221,2025-Q4,3,2025-12-14
6015,222,2025-Q4,3,2025-12-11
6016,223,2025-Q4,3,2025-12-18
6017,224,2025-Q4,4,2025-12-05
6018,225,2025-Q4,3,2025-12-22
6019,227,2025-Q4,3,2025-12-05
6020,229,2025-Q4,3,2025-12-19
6021,231,2025-Q4,2,2025-12-29
6022,232,2025-Q4,4,2025-12-23
6023,234,2025-Q4,2,2025-12-06
6024,235,2025-Q4,4,2025-12-18
6025,236,2025-Q4,2,2025-12-31
6026,237,2025-Q4,5,2025-12-22
6027,238,2025-Q4,4,2025-12-01
6028,240,2025-Q4,4,2025-12-26
6029,241,2025-Q4,3,2025-12-09
6030,242,2025-Q4,3,2025-12-10
6031,244,2025-Q4,3,2025-12-27
6032,245,2025-Q4,3,2025-12-25
6033,247,2025-Q4,3,2025-12-01
6034,249,2025-Q4,3,2025-12-28
6035,250,2025-Q4,4,2025-12-07
6036,252,2025-Q4,3,2025-12-18
6037,253,2025-Q4,3,2025-12-28
6038,254,2025-Q4,2,2025-12-12
6039,259,2025-Q4,3,2025-12-17
6040,260,2025-Q4,4,2025-12-11
6041,264,2025-Q4,3,2025-12-13
6042,265,2025-Q4,3,2025-12-31
6043,266,2025-Q4,2,2025-12-10
6044,272,2025-Q4,3,2025-12-04
6045,274,2025-Q4,4,2025-12-12
6046,275,2025-Q4,4,2025-12-08
6047,277,2025-Q4,3,2025-12-17
6048,278,2025-Q4,5,2025-12-15
6049,279,2025-Q4,3,2025-12-24
6050,282,2025-Q4,4,2025-12-25
6051,285,2025-Q4,4,2025-12-19
6052,286,2025-Q4,3,2025-12-18
6053,287,2025-Q4,4,2025-12-20
6054,288,2025-Q4,3,2025-12-06
6055,289,2025-Q4,3,2025-12-07
6056,290,2025-Q4,3,2025-12-30
6057,291,2025-Q4,3,2025-12-20
6058,292,2025-Q4,4,2025-12-31
6059,293,2025-Q4,3,2025-12-04
6060,294,2025-Q4,3,2025-12-13
6061,298,2025-Q4,4,2025-12-27
6062,301,2025-Q4,3,2025-12-01
6063,303,2025-Q4,3,2025-12-09
6064,304,2025-Q4,3,2025-12-14
6065,305,2025-Q4,3,2025-12-20
6066,307,2025-Q4,4,2025-12-21
6067,308,2025-Q4,3,2025-12-19
6068,310,2025-Q4,2,2025-12-17
6069,311,2025-Q4,2,2025-12-23
6070,314,2025-Q4,4,2025-12-26
6071,315,2025-Q4,3,2025-12-02
6072,317,2025-Q4,2,2025-12-07
6073,318,2025-Q4,3,2025-12-06
6074,320,2025-Q4,3,2025-12-29
6075,321,2025-Q4,4,2025-12-21
6076,327,2025-Q4,2,2025-12-03
6077,330,2025-Q4,3,2025-12-23
6078,332,2025-Q4,4,2025-12-10
6079,333,2025-Q4,3,2025-12-12
6080,334,2025-Q4,4,2025-12-31
6081,335,2025-Q4,3,2025-12-27
6082,336,2025-Q4,4,2025-12-06
6083,337,2025-Q4,4,2025-12-15
6084,338,2025-Q4,4,2025-12-17
6085,339,2025-Q4,3,2025-12-06
6086,341,2025-Q4,3,2025-12-25
6087,343,2025-Q4,3,2025-12-06
6088,345,2025-Q4,4,2025-12-26
6089,346,2025-Q4,4,2025-12-12
6090,347,2025-Q4,3,2025-12-30
6091,349,2025-Q4,3,2025-12-23
6092,350,2025-Q4,4,2025-12-25
6093,351,2025-Q4,3,2025-12-05
6094,352,2025-Q4,3,2025-12-02
6095,355,2025-Q4,4,2025-12-29
6096,356,2025-Q4,4,2025-12-24
6097,357,2025-Q4,4,2025-12-27
6098,358,2025-Q4,3,2025-12-01
6099,359,2025-Q4,5,2025-12-13
6100,360,2025-Q4,3,2025-12-24
6101,361,2025-Q4,3,2025-12-21
6102,362,2025-Q4,5,2025-12-26
6103,364,2025-Q4,4,2025-12-12
6104,366,2025-Q4,4,2025-12-21
6105,367,2025-Q4,2,2025-12-16
6106,368,2025-Q4,5,2025-12-07
6107,370,2025-Q4,3,2025-12-22
6108,371,2025-Q4,5,2025-12-12
6109,373,2025-Q4,4,2025-12-21
6110,375,2025-Q4,3,2025-12-29
6111,376,2025-Q4,3,2025-12-27
6112,378,2025-Q4,3,2025-12-13
6113,383,2025-Q4,4,2025-12-17
6114,384,2025-Q4,3,2025-12-12
6115,386,2025-Q4,4,2025-12-17
6116,387,2025-Q4,4,2025-12-14
6117,393,2025-Q4,2,2025-12-13
6118,395,2025-Q4,5,2025-12-12
6119,396,2025-Q4,4,2025-12-29
6120,397,2025-Q4,2,2025-12-26
6121,400,2025-Q4,3,2025-12-12
6122,401,2025-Q4,3,2025-12-16
6123,402,2025-Q4,4,2025-12-07
6124,405,2025-Q4,5,2025-12-20
6125,409,2025-Q4,3,2025-12-10
6126,410,2025-Q4,4,2025-12-09
6127,413,2025-Q4,3,2025-12-11
6128,415,2025-Q4,4,2025-12-27
6129,417,2025-Q4,2,2025-12-21
6130,420,2025-Q4,3,2025-12-13
6131,423,2025-Q4,5,2025-12-16
6132,424,2025-Q4,3,2025-12-23
6133,425,2025-Q4,4,2025-12-02
6134,427,2025-Q4,4,2025-12-03
6135,430,2025-Q4,4,2025-12-28
6136,432,2025-Q4,3,2025-12-11
6137,433,2025-Q4,4,2025-12-03
6138,436,2025-Q4,2,2025-12-02
6139,438,2025-Q4,3,2025-12-05
6140,439,2025-Q4,4,2025-12-18
6141,444,2025-Q4,5,2025-12-21
6142,445,2025-Q4,3,2025-12-24
6143,446,2025-Q4,4,2025-12-05
6144,447,2025-Q4,4,2025-12-01
6145,449,2025-Q4,3,2025-12-22
6146,450,2025-Q4,3,2025-12-02
6147,451,2025-Q4,4,2025-12-23
6148,452,2025-Q4,3,2025-12-25
6149,453,2025-Q4,3,2025-12-21
6150,458,2025-Q4,4,2025-12-09
6151,459,2025-Q4,3,2025-12-26
6152,460,2025-Q4,5,2025-12-02
6153,461,2025-Q4,5,2025-12-28
6154,463,2025-Q4,3,2025-12-12
6155,464,2025-Q4,4,2025-12-18
6156,465,2025-Q4,4,2025-12-13
6157,466,2025-Q4,3,2025-12-04
6158,467,2025-Q4,3,2025-12-11
6159,468,2025-Q4,4,2025-12-03
6160,470,2025-Q4,3,2025-12-14
6161,472,2025-Q4,4,2025-12-20
6162,474,2025-Q4,4,2025-12-23
6163,475,2025-Q4,2,2025-12-23
6164,476,2025-Q4,3,2025-12-31
6165,477,2025-Q4,4,2025-12-20
6166,481,2025-Q4,4,2025-12-24
6167,482,2025-Q4,4,2025-12-24
6168,483,2025-Q4,3,2025-12-16
6169,484,2025-Q4,4,2025-12-10
6170,486,2025-Q4,2,2025-12-02
6171,488,2025-Q4,4,2025-12-06
6172,491,2025-Q4,3,2025-12-05
6173,492,2025-Q4,3,2025-12-01
6174,494,2025-Q4,4,2025-12-27
6175,495,2025-Q4,3,2025-12-23
6176,498,2025-Q4,2,2025-12-02
6177,499,2025-Q4,4,2025-12-20
6178,500,2025-Q4,3,2025-12-31
6179,501,2025-Q4,5,2025-12-28
6180,503,2025-Q4,5,2025-12-24
6181,505,2025-Q4,2,2025-12-31
6182,506,2025-Q4,3,2025-12-26
6183,507,2025-Q4,3,2025-12-20
6184,508,2025-Q4,2,2025-12-08
6185,509,2025-Q4,2,2025-12-11
6186,510,2025-Q4,3,2025-12-12
6187,511,2025-Q4,5,2025-12-06
6188,515,2025-Q4,4,2025-12-06
6189,516,2025-Q4,4,2025-12-18
6190,519,2025-Q4,3,2025-12-20
6191,520,2025-Q4,3,2025-12-22
6192,522,2025-Q4,3,2025-12-15
6193,523,2025-Q4,3,2025-12-20
6194,524,2025-Q4,3,2025-12-18
6195,526,2025-Q4,3,2025-12-28
6196,527,2025-Q4,4,2025-12-18
6197,528,2025-Q4,4,2025-12-15
6198,532,2025-Q4,5,2025-12-24
6199,534,2025-Q4,4,2025-12-23
6200,535,2025-Q4,2,2025-12-02
6201,539,2025-Q4,2,2025-12-03
6202,541,2025-Q4,4,2025-12-22
6203,543,2025-Q4,3,2025-12-21
6204,546,2025-Q4,3,2025-12-31
6205,548,2025-Q4,3,2025-12-16
6206,549,2025-Q4,4,2025-12-07
6207,550,2025-Q4,4,2025-12-11
6208,552,2025-Q4,2,2025-12-14
6209,553,2025-Q4,4,2025-12-05
6210,554,2025-Q4,2,2025-12-10
6211,558,2025-Q4,5,2025-12-29
6212,564,2025-Q4,4,2025-12-03
6213,566,2025-Q4,4,2025-12-20
6214,567,2025-Q4,4,2025-12-21
6215,568,2025-Q4,4,2025-12-24
6216,569,2025-Q4,3,2025-12-06
6217,570,2025-Q4,3,2025-12-25
6218,572,2025-Q4,4,2025-12-19
6219,573,2025-Q4,3,2025-12-21
6220,576,2025-Q4,4,2025-12-13
6221,577,2025-Q4,4,2025-12-22
6222,578,2025-Q4,3,2025-12-03
6223,579,2025-Q4,3,2025-12-04
6224,580,2025-Q4,2,2025-12-27
6225,582,2025-Q4,4,2025-12-21
6226,583,2025-Q4,3,2025-12-16
6227,586,2025-Q4,3,2025-12-09
6228,588,2025-Q4,3,2025-12-03
6229,589,2025-Q4,3,2025-12-02
6230,590,2025-Q4,2,2025-12-23
6231,591,2025-Q4,5,2025-12-10
6232,592,2025-Q4,4,2025-12-01
6233,593,2025-Q4,3,2025-12-09
6234,594,2025-Q4,4,2025-12-03
6235,595,2025-Q4,3,2025-12-12
6236,596,2025-Q4,4,2025-12-01
6237,597,2025-Q4,3,2025-12-14
6238,600,2025-Q4,3,2025-12-14
6239,601,2025-Q4,4,2025-12-09
6240,603,2025-Q4,2,2025-12-01
6241,604,2025-Q4,4,2025-12-30
6242,605,2025-Q4,4,2025-12-05
6243,607,2025-Q4,4,2025-12-04
6244,609,2025-Q4,4,2025-12-04
6245,611,2025-Q4,4,2025-12-21
6246,613,2025-Q4,4,2025-12-09
6247,615,2025-Q4,3,2025-12-28
6248,616,2025-Q4,4,2025-12-16
6249,617,2025-Q4,3,2025-12-02
6250,619,2025-Q4,4,2025-12-10
6251,620,2025-Q4,4,2025-12-18
6252,624,2025-Q4,5,2025-12-02
6253,625,2025-Q4,3,2025-12-31
6254,630,2025-Q4,3,2025-12-08
6255,631,2025-Q4,4,2025-12-30
6256,632,2025-Q4,3,2025-12-19
6257,633,2025-Q4,5,2025-12-04
6258,634,2025-Q4,4,2025-12-09
6259,635,2025-Q4,2,2025-12-04
6260,636,2025-Q4,3,2025-12-24
6261,638,2025-Q4,3,2025-12-19
6262,639,2025-Q4,1,2025-12-23
6263,640,2025-Q4,3,2025-12-15
6264,642,2025-Q4,3,2025-12-03
6265,643,2025-Q4,2,2025-12-20
6266,644,2025-Q4,2,2025-12-12
6267,645,2025-Q4,4,2025-12-27
6268,647,2025-Q4,5,2025-12-16
6269,648,2025-Q4,4,2025-12-29
6270,649,2025-Q4,2,2025-12-03
6271,651,2025-Q4,3,2025-12-29
6272,652,2025-Q4,3,2025-12-27
6273,653,2025-Q4,4,2025-12-16
6274,655,2025-Q4,4,2025-12-22
6275,658,2025-Q4,4,2025-12-17
6276,659,2025-Q4,4,2025-12-31
6277,660,2025-Q4,4,2025-12-29
6278,662,2025-Q4,4,2025-12-06
6279,663,2025-Q4,2,2025-12-13
6280,665,2025-Q4,4,2025-12-01
6281,667,2025-Q4,5,2025-12-22
6282,668,2025-Q4,3,2025-12-22
6283,669,2025-Q4,5,2025-12-14
6284,672,2025-Q4,2,2025-12-09
6285,673,2025-Q4,3,2025-12-19
6286,674,2025-Q4,4,2025-12-21
6287,677,2025-Q4,2,2025-12-01
6288,678,2025-Q4,4,2025-12-14
6289,679,2025-Q4,2,2025-12-02
6290,680,2025-Q4,2,2025-12-23
6291,681,2025-Q4,4,2025-12-26
6292,682,2025-Q4,3,2025-12-17
6293,684,2025-Q4,3,2025-12-30
6294,685,2025-Q4,3,2025-12-20
6295,686,2025-Q4,4,2025-12-20
6296,688,2025-Q4,4,2025-12-17
6297,689,2025-Q4,4,2025-12-14
6298,691,2025-Q4,3,2025-12-03
6299,693,2025-Q4,3,2025-12-28
6300,695,2025-Q4,2,2025-12-07
6301,698,2025-Q4,3,2025-12-23
6302,700,2025-Q4,4,2025-12-21
6303,701,2025-Q4,4,2025-12-03
6304,702,2025-Q4,3,2025-12-17
6305,703,2025-Q4,4,2025-12-29
6306,704,2025-Q4,3,2025-12-17
6307,705,2025-Q4,4,2025-12-31
6308,706,2025-Q4,3,2025-12-23
6309,707,2025-Q4,4,2025-12-15
6310,708,2025-Q4,4,2025-12-23
6311,709,2025-Q4,3,2025-12-11
6312,711,2025-Q4,5,2025-12-07
6313,712,2025-Q4,4,2025-12-31
6314,713,2025-Q4,3,2025-12-06
6315,714,2025-Q4,4,2025-12-27
6316,716,2025-Q4,4,2025-12-07
6317,717,2025-Q4,3,2025-12-14
6318,718,2025-Q4,4,2025-12-12
6319,719,2025-Q4,3,2025-12-26
6320,720,2025-Q4,4,2025-12-03
6321,721,2025-Q4,2,2025-12-16
6322,722,2025-Q4,1,2025-12-20
6323,724,2025-Q4,3,2025-12-15
6324,725,2025-Q4,3,2025-12-25
6325,726,2025-Q4,4,2025-12-03
6326,728,2025-Q4,4,2025-12-08
6327,729,2025-Q4,4,2025-12-08
6328,730,2025-Q4,3,2025-12-22
6329,731,2025-Q4,3,2025-12-23
6330,732,2025-Q4,3,2025-12-26
6331,733,2025-Q4,4,2025-12-03
6332,735,2025-Q4,4,2025-12-13
6333,736,2025-Q4,4,2025-12-24
6334,738,2025-Q4,4,2025-12-03
6335,739,2025-Q4,4,2025-12-15
6336,741,2025-Q4,4,2025-12-04
6337,742,2025-Q4,4,2025-12-13
6338,743,2025-Q4,3,2025-12-28
6339,745,2025-Q4,3,2025-12-05
6340,749,2025-Q4,4,2025-12-19
6341,750,2025-Q4,4,2025-12-28
6342,751,2025-Q4,2,2025-12-07
6343,752,2025-Q4,3,2025-12-09
6344,753,2025-Q4,3,2025-12-29
6345,754,2025-Q4,4,2025-12-08
6346,755,2025-Q4,3,2025-12-14
6347,757,2025-Q4,3,2025-12-08
6348,758,2025-Q4,3,2025-12-28
6349,759,2025-Q4,3,2025-12-08
6350,760,2025-Q4,3,2025-12-21
6351,761,2025-Q4,2,2025-12-17
6352,762,2025-Q4,2,2025-12-11
6353,763,2025-Q4,3,2025-12-15
6354,764,2025-Q4,2,2025-12-07
6355,765,2025-Q4,3,2025-12-06
6356,766,2025-Q4,2,2025-12-01
6357,767,2025-Q4,3,2025-12-21
6358,768,2025-Q4,4,2025-12-30
6359,769,2025-Q4,4,2025-12-31
6360,770,2025-Q4,4,2025-12-26
6361,772,2025-Q4,4,2025-12-24
6362,773,2025-Q4,3,2025-12-03
6363,774,2025-Q4,4,2025-12-11
6364,775,2025-Q4,3,2025-12-17
6365,776,2025-Q4,3,2025-12-12
6366,777,2025-Q4,3,2025-12-12
6367,778,2025-Q4,3,2025-12-27
6368,779,2025-Q4,3,2025-12-23
6369,780,2025-Q4,5,2025-12-24
6370,781,2025-Q4,4,2025-12-19
6371,782,2025-Q4,4,2025-12-09
6372,785,2025-Q4,3,2025-12-25
6373,786,2025-Q4,4,2025-12-20
6374,788,2025-Q4,4,2025-12-23
6375,789,2025-Q4,4,2025-12-23
6376,793,2025-Q4,5,2025-12-30
6377,795,2025-Q4,4,2025-12-10
6378,796,2025-Q4,4,2025-12-17
6379,797,2025-Q4,3,2025-12-25
6380,798,2025-Q4,4,2025-12-08
6381,800,2025-Q4,5,2025-12-03
6382,802,2025-Q4,3,2025-12-12
6383,803,2025-Q4,4,2025-12-25
6384,804,2025-Q4,4,2025-12-10
6385,805,2025-Q4,3,2025-12-12
6386,806,2025-Q4,3,2025-12-26
6387,808,2025-Q4,4,2025-12-07
6388,809,2025-Q4,3,2025-12-02
6389,810,2025-Q4,4,2025-12-14
6390,812,2025-Q4,3,2025-12-02
6391,814,2025-Q4,4,2025-12-16
6392,817,2025-Q4,5,2025-12-27
6393,818,2025-Q4,4,2025-12-07
6394,819,2025-Q4,5,2025-12-09
6395,820,2025-Q4,2,2025-12-27
6396,821,2025-Q4,5,2025-12-08
6397,822,2025-Q4,3,2025-12-25
6398,823,2025-Q4,3,2025-12-23
6399,824,2025-Q4,3,2025-12-14
6400,825,2025-Q4,2,2025-12-11
6401,826,2025-Q4,2,2025-12-22
6402,828,2025-Q4,3,2025-12-16
6403,829,2025-Q4,4,2025-12-09
6404,830,2025-Q4,4,2025-12-03
6405,831,2025-Q4,4,2025-12-01
6406,832,2025-Q4,4,2025-12-27
6407,834,2025-Q4,3,2025-12-07
6408,836,2025-Q4,4,2025-12-30
6409,838,2025-Q4,3,2025-12-26
6410,840,2025-Q4,4,2025-12-16
6411,841,2025-Q4,4,2025-12-16
6412,843,2025-Q4,4,2025-12-04
6413,844,2025-Q4,3,2025-12-05
6414,846,2025-Q4,3,2025-12-26
6415,847,2025-Q4,4,2025-12-21
6416,850,2025-Q4,2,2025-12-08
6417,852,2025-Q4,3,2025-12-12
6418,853,2025-Q4,4,2025-12-11
6419,854,2025-Q4,3,2025-12-21
6420,856,2025-Q4,4,2025-12-19
6421,857,2025-Q4,3,2025-12-21
6422,861,2025-Q4,5,2025-12-02
6423,862,2025-Q4,4,2025-12-09
6424,863,2025-Q4,4,2025-12-17
6425,864,2025-Q4,2,2025-12-23
6426,867,2025-Q4,2,2025-12-31
6427,869,2025-Q4,3,2025-12-23
6428,871,2025-Q4,3,2025-12-15
6429,872,2025-Q4,4,2025-12-11
6430,873,2025-Q4,3,2025-12-28
6431,874,2025-Q4,5,2025-12-25
6432,875,2025-Q4,4,2025-12-21
6433,877,2025-Q4,3,2025-12-19
6434,878,2025-Q4,4,2025-12-22
6435,879,2025-Q4,3,2025-12-28
6436,880,2025-Q4,3,2025-12-26
6437,881,2025-Q4,4,2025-12-25
6438,882,2025-Q4,5,2025-12-14
6439,884,2025-Q4,3,2025-12-23
6440,886,2025-Q4,2,2025-12-02
6441,888,2025-Q4,3,2025-12-29
6442,889,2025-Q4,4,2025-12-31
6443,890,2025-Q4,3,2025-12-04
6444,891,2025-Q4,5,2025-12-15
6445,892,2025-Q4,4,2025-12-11
6446,894,2025-Q4,2,2025-12-29
6447,895,2025-Q4,4,2025-12-13
6448,896,2025-Q4,4,2025-12-08
6449,897,2025-Q4,4,2025-12-23
6450,898,2025-Q4,4,2025-12-03
6451,899,2025-Q4,3,2025-12-25
6452,900,2025-Q4,4,2025-12-14
6453,901,2025-Q4,3,2025-12-19
6454,903,2025-Q4,2,2025-12-14
6455,904,2025-Q4,4,2025-12-24
6456,905,2025-Q4,3,2025-12-21
6457,906,2025-Q4,4,2025-12-21
6458,908,2025-Q4,4,2025-12-02
6459,910,2025-Q4,3,2025-12-21
6460,911,2025-Q4,4,2025-12-22
6461,912,2025-Q4,4,2025-12-12
6462,913,2025-Q4,4,2025-12-11
6463,914,2025-Q4,5,2025-12-26
6464,915,2025-Q4,4,2025-12-03
6465,916,2025-Q4,4,2025-12-27
6466,917,2025-Q4,4,2025-12-31
6467,921,2025-Q4,4,2025-12-15
6468,922,2025-Q4,3,2025-12-01
6469,923,2025-Q4,3,2025-12-22
6470,924,2025-Q4,4,2025-12-27
6471,925,2025-Q4,4,2025-12-28
6472,926,2025-Q4,3,2025-12-29
6473,927,2025-Q4,2,2025-12-28
6474,928,2025-Q4,5,2025-12-12
6475,929,2025-Q4,5,2025-12-03
6476,930,2025-Q4,3,2025-12-15
6477,931,2025-Q4,4,2025-12-19
6478,933,2025-Q4,3,2025-12-28
6479,934,2025-Q4,4,2025-12-02
6480,935,2025-Q4,3,2025-12-14
6481,936,2025-Q4,3,2025-12-07
6482,937,2025-Q4,3,2025-12-03
6483,939,2025-Q4,4,2025-12-13
6484,941,2025-Q4,4,2025-12-28
6485,942,2025-Q4,3,2025-12-08
6486,943,2025-Q4,1,2025-12-14
6487,944,2025-Q4,2,2025-12-22
6488,945,2025-Q4,2,2025-12-10
6489,947,2025-Q4,4,2025-12-30
6490,948,2025-Q4,4,2025-12-26
6491,949,2025-Q4,4,2025-12-01
6492,950,2025-Q4,4,2025-12-01
6493,951,2025-Q4,2,2025-12-25
6494,952,2025-Q4,2,2025-12-20
6495,953,2025-Q4,3,2025-12-07
6496,955,2025-Q4,4,2025-12-26
6497,956,2025-Q4,3,2025-12-29
6498,957,2025-Q4,3,2025-12-19
6499,958,2025-Q4,4,2025-12-28
6500,959,2025-Q4,4,2025-12-05
6501,960,2025-Q4,4,2025-12-20
6502,964,2025-Q4,5,2025-12-29
6503,966,2025-Q4,4,2025-12-14
6504,967,2025-Q4,3,2025-12-13
6505,968,2025-Q4,4,2025-12-24
6506,969,2025-Q4,3,2025-12-28
6507,971,2025-Q4,3,2025-12-17
6508,972,2025-Q4,2,2025-12-26
6509,973,2025-Q4,4,2025-12-29
6510,974,2025-Q4,5,2025-12-12
6511,975,2025-Q4,5,2025-12-04
6512,977,2025-Q4,4,2025-12-19
6513,978,2025-Q4,3,2025-12-19
6514,979,2025-Q4,2,2025-12-22
6515,981,2025-Q4,3,2025-12-13
6516,982,2025-Q4,3,2025-12-29
6517,983,2025-Q4,3,2025-12-03
6518,984,2025-Q4,2,2025-12-10
6519,985,2025-Q4,3,2025-12-23
6520,986,2025-Q4,3,2025-12-01
6521,988,2025-Q4,4,2025-12-21
6522,992,2025-Q4,3,2025-12-17
6523,993,2025-Q4,3,2025-12-27
6524,994,2025-Q4,3,2025-12-24
6525,995,2025-Q4,3,2025-12-20
6526,996,2025-Q4,3,2025-12-21
6527,997,2025-Q4,4,2025-12-20
6528,998,2025-Q4,4,2025-12-01
6529,999,2025-Q4,4,2025-12-11
6530,1000,2025-Q4,3,2025-12-06
6531,1001,2025-Q4,3,2025-12-06
6532,1003,2025-Q4,4,2025-12-18
6533,1005,2025-Q4,3,2025-12-01
6534,1007,2025-Q4,1,2025-12-20
6535,1008,2025-Q4,3,2025-12-29
6536,1009,2025-Q4,4,2025-12-11
6537,1011,2025-Q4,3,2025-12-23
6538,1013,2025-Q4,3,2025-12-27
6539,1014,2025-Q4,4,2025-12-25
6540,1016,2025-Q4,2,2025-12-03
6541,1018,2025-Q4,3,2025-12-21
6542,1019,2025-Q4,4,2025-12-17
6543,1020,2025-Q4,3,2025-12-13
6544,1021,2025-Q4,2,2025-12-22
6545,1022,2025-Q4,5,2025-12-05
6546,1023,2025-Q4,2,2025-12-28
6547,1025,2025-Q4,3,2025-12-07
6548,1026,2025-Q4,3,2025-12-05
6549,1027,2025-Q4,5,2025-12-22
6550,1028,2025-Q4,4,2025-12-05
6551,1030,2025-Q4,3,2025-12-26
6552,1031,2025-Q4,3,2025-12-23
6553,1033,2025-Q4,3,2025-12-01
6554,1034,2025-Q4,3,2025-12-16
6555,1035,2025-Q4,4,2025-12-31
6556,1036,2025-Q4,4,2025-12-19
6557,1037,2025-Q4,3,2025-12-15
6558,1038,2025-Q4,4,2025-12-15
6559,1039,2025-Q4,4,2025-12-24
6560,1040,2025-Q4,5,2025-12-04
6561,1041,2025-Q4,4,2025-12-04
6562,1042,2025-Q4,4,2025-12-29
6563,1043,2025-Q4,3,2025-12-04
6564,1044,2025-Q4,4,2025-12-25
6565,1045,2025-Q4,4,2025-12-30
6566,1046,2025-Q4,4,2025-12-11
6567,1047,2025-Q4,3,2025-12-12
6568,1048,2025-Q4,4,2025-12-09
6569,1050,2025-Q4,4,2025-12-18
6570,1051,2025-Q4,1,2025-12-27
6571,1052,2025-Q4,4,2025-12-11
6572,1053,2025-Q4,4,2025-12-04
6573,1054,2025-Q4,3,2025-12-23
6574,1055,2025-Q4,4,2025-12-13
6575,1057,2025-Q4,3,2025-12-05
6576,1058,2025-Q4,2,2025-12-27
6577,1059,2025-Q4,4,2025-12-17
6578,1060,2025-Q4,3,2025-12-03
6579,1062,2025-Q4,3,2025-12-23
6580,1063,2025-Q4,3,2025-12-14
6581,1064,2025-Q4,4,2025-12-12
6582,1065,2025-Q4,3,2025-12-15
6583,1067,2025-Q4,2,2025-12-07
6584,1068,2025-Q4,3,2025-12-10
6585,1069,2025-Q4,3,2025-12-29
6586,1070,2025-Q4,4,2025-12-26
6587,1071,2025-Q4,3,2025-12-02
6588,1072,2025-Q4,4,2025-12-07
6589,1074,2025-Q4,3,2025-12-24
6590,1075,2025-Q4,3,2025-12-01
6591,1076,2025-Q4,4,2025-12-09
6592,1077,2025-Q4,3,2025-12-13
6593,1078,2025-Q4,4,2025-12-03
6594,1079,2025-Q4,3,2025-12-31
6595,1082,2025-Q4,3,2025-12-31
6596,1084,2025-Q4,4,2025-12-29
6597,3,2026-Q1,4,2026-03-19
6598,4,2026-Q1,3,2026-03-08
6599,10,2026-Q1,4,2026-03-09
6600,13,2026-Q1,4,2026-03-23
6601,16,2026-Q1,4,2026-03-05
6602,17,2026-Q1,3,2026-03-07
6603,20,2026-Q1,3,2026-03-21
6604,21,2026-Q1,5,2026-03-29
6605,22,2026-Q1,3,2026-03-30
6606,23,2026-Q1,4,2026-03-23
6607,25,2026-Q1,3,2026-03-04
6608,26,2026-Q1,4,2026-03-02
6609,27,2026-Q1,3,2026-03-09
6610,30,2026-Q1,5,2026-03-02
6611,32,2026-Q1,5,2026-03-04
6612,34,2026-Q1,3,2026-03-24
6613,39,2026-Q1,3,2026-03-30
6614,40,2026-Q1,2,2026-03-21
6615,42,2026-Q1,3,2026-03-30
6616,44,2026-Q1,2,2026-03-18
6617,45,2026-Q1,5,2026-03-21
6618,46,2026-Q1,5,2026-03-26
6619,47,2026-Q1,3,2026-03-06
6620,51,2026-Q1,4,2026-03-30
6621,53,2026-Q1,4,2026-03-26
6622,54,2026-Q1,4,2026-03-31
6623,59,2026-Q1,5,2026-03-18
6624,60,2026-Q1,2,2026-03-30
6625,61,2026-Q1,3,2026-03-22
6626,63,2026-Q1,2,2026-03-15
6627,64,2026-Q1,3,2026-03-14
6628,66,2026-Q1,5,2026-03-22
6629,70,2026-Q1,2,2026-03-15
6630,71,2026-Q1,5,2026-03-17
6631,72,2026-Q1,3,2026-03-10
6632,73,2026-Q1,3,2026-03-22
6633,75,2026-Q1,3,2026-03-20
6634,76,2026-Q1,3,2026-03-08
6635,78,2026-Q1,3,2026-03-09
6636,84,2026-Q1,3,2026-03-20
6637,86,2026-Q1,3,2026-03-20
6638,88,2026-Q1,2,2026-03-25
6639,89,2026-Q1,3,2026-03-08
6640,91,2026-Q1,3,2026-03-08
6641,94,2026-Q1,2,2026-03-27
6642,96,2026-Q1,2,2026-03-13
6643,98,2026-Q1,4,2026-03-06
6644,101,2026-Q1,5,2026-03-07
6645,105,2026-Q1,3,2026-03-23
6646,106,2026-Q1,2,2026-03-13
6647,107,2026-Q1,2,2026-03-08
6648,110,2026-Q1,3,2026-03-12
6649,111,2026-Q1,3,2026-03-01
6650,112,2026-Q1,3,2026-03-04
6651,118,2026-Q1,5,2026-03-22
6652,119,2026-Q1,2,2026-03-25
6653,121,2026-Q1,4,2026-03-05
6654,122,2026-Q1,3,2026-03-24
6655,123,2026-Q1,1,2026-03-01
6656,125,2026-Q1,3,2026-03-06
6657,126,2026-Q1,3,2026-03-20
6658,128,2026-Q1,3,2026-03-05
6659,129,2026-Q1,3,2026-03-20
6660,133,2026-Q1,5,2026-03-19
6661,135,2026-Q1,3,2026-03-02
6662,136,2026-Q1,3,2026-03-16
6663,138,2026-Q1,3,2026-03-05
6664,144,2026-Q1,3,2026-03-20
6665,145,2026-Q1,4,2026-03-12
6666,146,2026-Q1,3,2026-03-14
6667,147,2026-Q1,4,2026-03-25
6668,148,2026-Q1,3,2026-03-30
6669,149,2026-Q1,4,2026-03-26
6670,151,2026-Q1,5,2026-03-14
6671,152,2026-Q1,4,2026-03-16
6672,153,2026-Q1,5,2026-03-12
6673,154,2026-Q1,2,2026-03-31
6674,156,2026-Q1,3,2026-03-13
6675,161,2026-Q1,5,2026-03-20
6676,162,2026-Q1,4,2026-03-20
6677,164,2026-Q1,3,2026-03-16
6678,166,2026-Q1,5,2026-03-07
6679,167,2026-Q1,4,2026-03-18
6680,169,2026-Q1,4,2026-03-31
6681,171,2026-Q1,2,2026-03-30
6682,172,2026-Q1,3,2026-03-16
6683,175,2026-Q1,2,2026-03-11
6684,177,2026-Q1,3,2026-03-16
6685,178,2026-Q1,3,2026-03-28
6686,180,2026-Q1,4,2026-03-27
6687,181,2026-Q1,3,2026-03-11
6688,182,2026-Q1,4,2026-03-12
6689,183,2026-Q1,2,2026-03-27
6690,184,2026-Q1,2,2026-03-17
6691,185,2026-Q1,3,2026-03-09
6692,186,2026-Q1,4,2026-03-20
6693,187,2026-Q1,4,2026-03-26
6694,188,2026-Q1,3,2026-03-14
6695,190,2026-Q1,3,2026-03-08
6696,191,2026-Q1,2,2026-03-26
6697,192,2026-Q1,4,2026-03-23
6698,195,2026-Q1,4,2026-03-28
6699,196,2026-Q1,4,2026-03-06
6700,198,2026-Q1,4,2026-03-25
6701,200,2026-Q1,4,2026-03-22
6702,202,2026-Q1,3,2026-03-27
6703,203,2026-Q1,5,2026-03-29
6704,204,2026-Q1,3,2026-03-31
6705,205,2026-Q1,4,2026-03-15
6706,206,2026-Q1,3,2026-03-22
6707,207,2026-Q1,2,2026-03-09
6708,208,2026-Q1,2,2026-03-26
6709,209,2026-Q1,4,2026-03-11
6710,210,2026-Q1,5,2026-03-28
6711,211,2026-Q1,3,2026-03-20
6712,212,2026-Q1,3,2026-03-03
6713,213,2026-Q1,2,2026-03-30
6714,214,2026-Q1,5,2026-03-21
6715,216,2026-Q1,4,2026-03-21
6716,217,2026-Q1,4,2026-03-01
6717,219,2026-Q1,3,2026-03-10
6718,220,2026-Q1,3,2026-03-15
6719,221,2026-Q1,4,2026-03-29
6720,222,2026-Q1,4,2026-03-14
6721,223,2026-Q1,3,2026-03-28
6722,224,2026-Q1,3,2026-03-22
6723,225,2026-Q1,3,2026-03-20
6724,227,2026-Q1,2,2026-03-21
6725,228,2026-Q1,3,2026-03-21
6726,231,2026-Q1,3,2026-03-28
6727,232,2026-Q1,3,2026-03-17
6728,233,2026-Q1,3,2026-03-30
6729,234,2026-Q1,3,2026-03-09
6730,235,2026-Q1,4,2026-03-01
6731,236,2026-Q1,3,2026-03-27
6732,237,2026-Q1,2,2026-03-17
6733,238,2026-Q1,2,2026-03-11
6734,240,2026-Q1,2,2026-03-02
6735,242,2026-Q1,3,2026-03-11
6736,244,2026-Q1,3,2026-03-12
6737,245,2026-Q1,3,2026-03-20
6738,247,2026-Q1,5,2026-03-07
6739,249,2026-Q1,4,2026-03-27
6740,250,2026-Q1,1,2026-03-19
6741,253,2026-Q1,5,2026-03-13
6742,254,2026-Q1,4,2026-03-07
6743,255,2026-Q1,4,2026-03-26
6744,259,2026-Q1,4,2026-03-28
6745,262,2026-Q1,3,2026-03-06
6746,264,2026-Q1,3,2026-03-24
6747,265,2026-Q1,2,2026-03-05
6748,268,2026-Q1,4,2026-03-27
6749,272,2026-Q1,2,2026-03-29
6750,274,2026-Q1,4,2026-03-01
6751,275,2026-Q1,3,2026-03-14
6752,277,2026-Q1,3,2026-03-01
6753,278,2026-Q1,4,2026-03-22
6754,282,2026-Q1,5,2026-03-19
6755,284,2026-Q1,5,2026-03-16
6756,286,2026-Q1,5,2026-03-30
6757,287,2026-Q1,4,2026-03-28
6758,288,2026-Q1,4,2026-03-19
6759,289,2026-Q1,3,2026-03-23
6760,290,2026-Q1,3,2026-03-28
6761,291,2026-Q1,3,2026-03-26
6762,292,2026-Q1,3,2026-03-28
6763,293,2026-Q1,4,2026-03-08
6764,294,2026-Q1,4,2026-03-29
6765,298,2026-Q1,4,2026-03-06
6766,301,2026-Q1,4,2026-03-15
6767,302,2026-Q1,4,2026-03-25
6768,303,2026-Q1,4,2026-03-24
6769,304,2026-Q1,3,2026-03-17
6770,305,2026-Q1,3,2026-03-07
6771,307,2026-Q1,4,2026-03-27
6772,308,2026-Q1,5,2026-03-29
6773,310,2026-Q1,3,2026-03-04
6774,311,2026-Q1,2,2026-03-17
6775,313,2026-Q1,3,2026-03-29
6776,314,2026-Q1,3,2026-03-12
6777,315,2026-Q1,3,2026-03-10
6778,318,2026-Q1,3,2026-03-11
6779,325,2026-Q1,5,2026-03-21
6780,327,2026-Q1,4,2026-03-04
6781,330,2026-Q1,2,2026-03-27
6782,333,2026-Q1,3,2026-03-21
6783,334,2026-Q1,3,2026-03-09
6784,335,2026-Q1,4,2026-03-02
6785,336,2026-Q1,3,2026-03-06
6786,337,2026-Q1,2,2026-03-26
6787,338,2026-Q1,3,2026-03-30
6788,339,2026-Q1,3,2026-03-04
6789,341,2026-Q1,2,2026-03-02
6790,343,2026-Q1,3,2026-03-29
6791,345,2026-Q1,5,2026-03-23
6792,346,2026-Q1,5,2026-03-12
6793,347,2026-Q1,4,2026-03-15
6794,349,2026-Q1,4,2026-03-05
6795,350,2026-Q1,3,2026-03-25
6796,351,2026-Q1,4,2026-03-14
6797,352,2026-Q1,4,2026-03-19
6798,356,2026-Q1,4,2026-03-21
6799,357,2026-Q1,3,2026-03-13
6800,358,2026-Q1,5,2026-03-23
6801,360,2026-Q1,4,2026-03-19
6802,361,2026-Q1,3,2026-03-19
6803,364,2026-Q1,3,2026-03-19
6804,365,2026-Q1,5,2026-03-20
6805,366,2026-Q1,3,2026-03-29
6806,367,2026-Q1,3,2026-03-10
6807,368,2026-Q1,4,2026-03-05
6808,369,2026-Q1,3,2026-03-12
6809,370,2026-Q1,2,2026-03-31
6810,371,2026-Q1,3,2026-03-13
6811,373,2026-Q1,4,2026-03-10
6812,374,2026-Q1,3,2026-03-16
6813,375,2026-Q1,4,2026-03-11
6814,376,2026-Q1,4,2026-03-18
6815,377,2026-Q1,2,2026-03-29
6816,378,2026-Q1,5,2026-03-08
6817,379,2026-Q1,4,2026-03-18
6818,381,2026-Q1,3,2026-03-25
6819,382,2026-Q1,2,2026-03-11
6820,383,2026-Q1,2,2026-03-08
6821,386,2026-Q1,2,2026-03-05
6822,387,2026-Q1,3,2026-03-15
6823,389,2026-Q1,4,2026-03-05
6824,395,2026-Q1,3,2026-03-07
6825,400,2026-Q1,3,2026-03-10
6826,401,2026-Q1,4,2026-03-06
6827,405,2026-Q1,3,2026-03-16
6828,408,2026-Q1,4,2026-03-27
6829,410,2026-Q1,3,2026-03-20
6830,413,2026-Q1,4,2026-03-22
6831,418,2026-Q1,4,2026-03-01
6832,423,2026-Q1,3,2026-03-21
6833,424,2026-Q1,2,2026-03-29
6834,425,2026-Q1,5,2026-03-06
6835,429,2026-Q1,4,2026-03-26
6836,430,2026-Q1,4,2026-03-29
6837,432,2026-Q1,2,2026-03-19
6838,434,2026-Q1,3,2026-03-23
6839,436,2026-Q1,2,2026-03-26
6840,438,2026-Q1,3,2026-03-06
6841,439,2026-Q1,2,2026-03-18
6842,440,2026-Q1,3,2026-03-05
6843,443,2026-Q1,4,2026-03-07
6844,444,2026-Q1,3,2026-03-21
6845,446,2026-Q1,4,2026-03-07
6846,447,2026-Q1,4,2026-03-20
6847,448,2026-Q1,3,2026-03-28
6848,449,2026-Q1,5,2026-03-31
6849,450,2026-Q1,4,2026-03-27
6850,452,2026-Q1,2,2026-03-03
6851,453,2026-Q1,4,2026-03-04
6852,455,2026-Q1,3,2026-03-10
6853,457,2026-Q1,4,2026-03-26
6854,458,2026-Q1,3,2026-03-06
6855,459,2026-Q1,3,2026-03-19
6856,460,2026-Q1,3,2026-03-30
6857,463,2026-Q1,4,2026-03-29
6858,466,2026-Q1,3,2026-03-20
6859,468,2026-Q1,3,2026-03-17
6860,469,2026-Q1,4,2026-03-22
6861,470,2026-Q1,3,2026-03-02
6862,472,2026-Q1,3,2026-03-19
6863,474,2026-Q1,4,2026-03-27
6864,475,2026-Q1,3,2026-03-03
6865,477,2026-Q1,2,2026-03-04
6866,479,2026-Q1,3,2026-03-12
6867,481,2026-Q1,4,2026-03-02
6868,482,2026-Q1,4,2026-03-01
6869,483,2026-Q1,3,2026-03-28
6870,484,2026-Q1,4,2026-03-04
6871,486,2026-Q1,3,2026-03-02
6872,487,2026-Q1,3,2026-03-13
6873,489,2026-Q1,2,2026-03-08
6874,491,2026-Q1,5,2026-03-30
6875,494,2026-Q1,3,2026-03-21
6876,495,2026-Q1,5,2026-03-03
6877,498,2026-Q1,4,2026-03-03
6878,499,2026-Q1,3,2026-03-02
6879,501,2026-Q1,3,2026-03-06
6880,503,2026-Q1,3,2026-03-07
6881,505,2026-Q1,4,2026-03-03
6882,506,2026-Q1,5,2026-03-07
6883,507,2026-Q1,4,2026-03-08
6884,508,2026-Q1,4,2026-03-13
6885,509,2026-Q1,2,2026-03-22
6886,510,2026-Q1,3,2026-03-28
6887,514,2026-Q1,3,2026-03-26
6888,515,2026-Q1,5,2026-03-31
6889,516,2026-Q1,3,2026-03-26
6890,518,2026-Q1,4,2026-03-20
6891,520,2026-Q1,3,2026-03-24
6892,524,2026-Q1,4,2026-03-30
6893,526,2026-Q1,3,2026-03-28
6894,527,2026-Q1,4,2026-03-14
6895,528,2026-Q1,4,2026-03-15
6896,531,2026-Q1,4,2026-03-12
6897,532,2026-Q1,4,2026-03-24
6898,534,2026-Q1,4,2026-03-12
6899,535,2026-Q1,4,2026-03-10
6900,536,2026-Q1,3,2026-03-13
6901,537,2026-Q1,2,2026-03-31
6902,543,2026-Q1,4,2026-03-21
6903,545,2026-Q1,4,2026-03-04
6904,546,2026-Q1,3,2026-03-13
6905,548,2026-Q1,4,2026-03-20
6906,550,2026-Q1,5,2026-03-24
6907,553,2026-Q1,4,2026-03-03
6908,554,2026-Q1,3,2026-03-09
6909,555,2026-Q1,3,2026-03-26
6910,558,2026-Q1,3,2026-03-17
6911,560,2026-Q1,2,2026-03-17
6912,564,2026-Q1,3,2026-03-17
6913,565,2026-Q1,3,2026-03-17
6914,566,2026-Q1,4,2026-03-31
6915,567,2026-Q1,2,2026-03-15
6916,568,2026-Q1,4,2026-03-25
6917,569,2026-Q1,4,2026-03-30
6918,570,2026-Q1,4,2026-03-28
6919,572,2026-Q1,4,2026-03-13
6920,573,2026-Q1,4,2026-03-16
6921,576,2026-Q1,5,2026-03-30
6922,580,2026-Q1,4,2026-03-06
6923,581,2026-Q1,3,2026-03-17
6924,582,2026-Q1,3,2026-03-28
6925,583,2026-Q1,2,2026-03-30
6926,588,2026-Q1,4,2026-03-04
6927,590,2026-Q1,4,2026-03-14
6928,591,2026-Q1,2,2026-03-21
6929,592,2026-Q1,3,2026-03-06
6930,593,2026-Q1,3,2026-03-29
6931,594,2026-Q1,4,2026-03-24
6932,596,2026-Q1,3,2026-03-20
6933,597,2026-Q1,4,2026-03-25
6934,600,2026-Q1,4,2026-03-15
6935,601,2026-Q1,3,2026-03-08
6936,602,2026-Q1,3,2026-03-01
6937,603,2026-Q1,3,2026-03-26
6938,605,2026-Q1,4,2026-03-16
6939,607,2026-Q1,3,2026-03-16
6940,608,2026-Q1,3,2026-03-31
6941,609,2026-Q1,2,2026-03-05
6942,611,2026-Q1,3,2026-03-25
6943,612,2026-Q1,2,2026-03-02
6944,613,2026-Q1,3,2026-03-03
6945,614,2026-Q1,4,2026-03-25
6946,615,2026-Q1,2,2026-03-04
6947,616,2026-Q1,3,2026-03-02
6948,617,2026-Q1,4,2026-03-16
6949,619,2026-Q1,4,2026-03-14
6950,620,2026-Q1,5,2026-03-15
6951,624,2026-Q1,3,2026-03-03
6952,625,2026-Q1,5,2026-03-13
6953,631,2026-Q1,3,2026-03-20
6954,632,2026-Q1,3,2026-03-02
6955,633,2026-Q1,4,2026-03-22
6956,634,2026-Q1,4,2026-03-24
6957,635,2026-Q1,3,2026-03-30
6958,636,2026-Q1,3,2026-03-08
6959,637,2026-Q1,4,2026-03-27
6960,638,2026-Q1,4,2026-03-05
6961,639,2026-Q1,2,2026-03-28
6962,641,2026-Q1,4,2026-03-11
6963,643,2026-Q1,4,2026-03-30
6964,644,2026-Q1,2,2026-03-24
6965,645,2026-Q1,4,2026-03-15
6966,647,2026-Q1,3,2026-03-16
6967,648,2026-Q1,5,2026-03-10
6968,649,2026-Q1,4,2026-03-26
6969,650,2026-Q1,2,2026-03-18
6970,651,2026-Q1,4,2026-03-05
6971,652,2026-Q1,3,2026-03-30
6972,653,2026-Q1,4,2026-03-11
6973,655,2026-Q1,3,2026-03-03
6974,659,2026-Q1,4,2026-03-28
6975,660,2026-Q1,3,2026-03-27
6976,661,2026-Q1,4,2026-03-11
6977,663,2026-Q1,4,2026-03-23
6978,667,2026-Q1,3,2026-03-09
6979,668,2026-Q1,5,2026-03-31
6980,669,2026-Q1,4,2026-03-11
6981,670,2026-Q1,3,2026-03-14
6982,671,2026-Q1,5,2026-03-31
6983,672,2026-Q1,3,2026-03-10
6984,673,2026-Q1,2,2026-03-16
6985,675,2026-Q1,4,2026-03-05
6986,677,2026-Q1,3,2026-03-21
6987,678,2026-Q1,4,2026-03-14
6988,679,2026-Q1,5,2026-03-26
6989,680,2026-Q1,3,2026-03-17
6990,681,2026-Q1,3,2026-03-18
6991,682,2026-Q1,4,2026-03-02
6992,685,2026-Q1,3,2026-03-08
6993,688,2026-Q1,3,2026-03-13
6994,691,2026-Q1,3,2026-03-14
6995,693,2026-Q1,3,2026-03-31
6996,695,2026-Q1,4,2026-03-20
6997,700,2026-Q1,3,2026-03-21
6998,701,2026-Q1,3,2026-03-26
6999,702,2026-Q1,4,2026-03-27
7000,703,2026-Q1,4,2026-03-09
7001,705,2026-Q1,4,2026-03-30
7002,706,2026-Q1,2,2026-03-23
7003,708,2026-Q1,4,2026-03-04
7004,709,2026-Q1,2,2026-03-15
7005,711,2026-Q1,2,2026-03-06
7006,712,2026-Q1,3,2026-03-28
7007,713,2026-Q1,4,2026-03-25
7008,714,2026-Q1,5,2026-03-11
7009,716,2026-Q1,3,2026-03-20
7010,717,2026-Q1,3,2026-03-10
7011,719,2026-Q1,3,2026-03-02
7012,720,2026-Q1,4,2026-03-24
7013,721,2026-Q1,3,2026-03-11
7014,722,2026-Q1,4,2026-03-29
7015,723,2026-Q1,4,2026-03-18
7016,725,2026-Q1,3,2026-03-31
7017,726,2026-Q1,3,2026-03-14
7018,728,2026-Q1,4,2026-03-06
7019,729,2026-Q1,1,2026-03-25
7020,731,2026-Q1,3,2026-03-12
7021,732,2026-Q1,3,2026-03-29
7022,733,2026-Q1,3,2026-03-22
7023,736,2026-Q1,4,2026-03-23
7024,737,2026-Q1,3,2026-03-07
7025,738,2026-Q1,3,2026-03-03
7026,739,2026-Q1,3,2026-03-03
7027,741,2026-Q1,3,2026-03-30
7028,742,2026-Q1,3,2026-03-03
7029,743,2026-Q1,5,2026-03-17
7030,745,2026-Q1,4,2026-03-12
7031,748,2026-Q1,3,2026-03-24
7032,750,2026-Q1,4,2026-03-19
7033,751,2026-Q1,4,2026-03-21
7034,752,2026-Q1,3,2026-03-15
7035,753,2026-Q1,2,2026-03-05
7036,754,2026-Q1,3,2026-03-26
7037,755,2026-Q1,5,2026-03-18
7038,757,2026-Q1,4,2026-03-21
7039,758,2026-Q1,3,2026-03-15
7040,759,2026-Q1,4,2026-03-05
7041,760,2026-Q1,3,2026-03-05
7042,761,2026-Q1,4,2026-03-14
7043,762,2026-Q1,4,2026-03-13
7044,765,2026-Q1,3,2026-03-14
7045,766,2026-Q1,3,2026-03-10
7046,767,2026-Q1,3,2026-03-24
7047,768,2026-Q1,3,2026-03-17
7048,771,2026-Q1,5,2026-03-03
7049,772,2026-Q1,4,2026-03-08
7050,773,2026-Q1,3,2026-03-29
7051,774,2026-Q1,4,2026-03-07
7052,776,2026-Q1,3,2026-03-28
7053,777,2026-Q1,3,2026-03-24
7054,778,2026-Q1,4,2026-03-18
7055,779,2026-Q1,5,2026-03-12
7056,780,2026-Q1,3,2026-03-09
7057,781,2026-Q1,4,2026-03-29
7058,782,2026-Q1,3,2026-03-31
7059,783,2026-Q1,4,2026-03-10
7060,785,2026-Q1,3,2026-03-30
7061,786,2026-Q1,4,2026-03-06
7062,787,2026-Q1,3,2026-03-12
7063,788,2026-Q1,5,2026-03-09
7064,789,2026-Q1,4,2026-03-19
7065,790,2026-Q1,4,2026-03-15
7066,793,2026-Q1,2,2026-03-12
7067,794,2026-Q1,3,2026-03-24
7068,795,2026-Q1,2,2026-03-23
7069,796,2026-Q1,2,2026-03-24
7070,797,2026-Q1,5,2026-03-06
7071,798,2026-Q1,2,2026-03-30
7072,801,2026-Q1,3,2026-03-02
7073,802,2026-Q1,3,2026-03-12
7074,803,2026-Q1,3,2026-03-31
7075,804,2026-Q1,3,2026-03-28
7076,805,2026-Q1,4,2026-03-13
7077,806,2026-Q1,4,2026-03-07
7078,807,2026-Q1,2,2026-03-17
7079,808,2026-Q1,3,2026-03-08
7080,810,2026-Q1,3,2026-03-04
7081,811,2026-Q1,3,2026-03-22
7082,812,2026-Q1,4,2026-03-18
7083,814,2026-Q1,3,2026-03-03
7084,815,2026-Q1,3,2026-03-19
7085,817,2026-Q1,4,2026-03-18
7086,818,2026-Q1,4,2026-03-03
7087,819,2026-Q1,4,2026-03-22
7088,823,2026-Q1,3,2026-03-09
7089,824,2026-Q1,4,2026-03-11
7090,825,2026-Q1,1,2026-03-16
7091,826,2026-Q1,3,2026-03-22
7092,828,2026-Q1,4,2026-03-28
7093,829,2026-Q1,3,2026-03-18
7094,830,2026-Q1,3,2026-03-18
7095,831,2026-Q1,3,2026-03-05
7096,832,2026-Q1,2,2026-03-16
7097,834,2026-Q1,4,2026-03-22
7098,835,2026-Q1,4,2026-03-23
7099,837,2026-Q1,2,2026-03-13
7100,838,2026-Q1,5,2026-03-04
7101,839,2026-Q1,4,2026-03-31
7102,840,2026-Q1,3,2026-03-11
7103,841,2026-Q1,3,2026-03-10
7104,843,2026-Q1,4,2026-03-08
7105,844,2026-Q1,3,2026-03-18
7106,846,2026-Q1,4,2026-03-31
7107,847,2026-Q1,5,2026-03-22
7108,848,2026-Q1,4,2026-03-25
7109,850,2026-Q1,3,2026-03-04
7110,851,2026-Q1,4,2026-03-28
7111,852,2026-Q1,3,2026-03-23
7112,854,2026-Q1,4,2026-03-24
7113,855,2026-Q1,3,2026-03-21
7114,856,2026-Q1,3,2026-03-17
7115,857,2026-Q1,3,2026-03-30
7116,861,2026-Q1,4,2026-03-15
7117,862,2026-Q1,4,2026-03-31
7118,863,2026-Q1,2,2026-03-30
7119,864,2026-Q1,3,2026-03-14
7120,865,2026-Q1,3,2026-03-24
7121,867,2026-Q1,3,2026-03-07
7122,869,2026-Q1,4,2026-03-08
7123,870,2026-Q1,4,2026-03-23
7124,871,2026-Q1,2,2026-03-15
7125,872,2026-Q1,2,2026-03-13
7126,873,2026-Q1,4,2026-03-02
7127,874,2026-Q1,4,2026-03-01
7128,877,2026-Q1,2,2026-03-02
7129,879,2026-Q1,3,2026-03-30
7130,880,2026-Q1,3,2026-03-05
7131,881,2026-Q1,4,2026-03-20
7132,882,2026-Q1,3,2026-03-28
7133,884,2026-Q1,4,2026-03-09
7134,886,2026-Q1,4,2026-03-09
7135,888,2026-Q1,4,2026-03-14
7136,889,2026-Q1,3,2026-03-07
7137,890,2026-Q1,4,2026-03-01
7138,891,2026-Q1,3,2026-03-01
7139,894,2026-Q1,3,2026-03-29
7140,895,2026-Q1,4,2026-03-19
7141,896,2026-Q1,2,2026-03-17
7142,897,2026-Q1,4,2026-03-26
7143,899,2026-Q1,4,2026-03-14
7144,900,2026-Q1,3,2026-03-17
7145,903,2026-Q1,3,2026-03-01
7146,904,2026-Q1,4,2026-03-02
7147,905,2026-Q1,2,2026-03-24
7148,906,2026-Q1,4,2026-03-14
7149,907,2026-Q1,3,2026-03-06
7150,908,2026-Q1,2,2026-03-30
7151,910,2026-Q1,4,2026-03-11
7152,911,2026-Q1,2,2026-03-31
7153,912,2026-Q1,4,2026-03-20
7154,913,2026-Q1,4,2026-03-10
7155,914,2026-Q1,3,2026-03-26
7156,915,2026-Q1,5,2026-03-22
7157,916,2026-Q1,4,2026-03-20
7158,917,2026-Q1,3,2026-03-03
7159,920,2026-Q1,3,2026-03-25
7160,921,2026-Q1,3,2026-03-13
7161,922,2026-Q1,4,2026-03-04
7162,923,2026-Q1,4,2026-03-23
7163,926,2026-Q1,4,2026-03-01
7164,927,2026-Q1,4,2026-03-10
7165,929,2026-Q1,3,2026-03-11
7166,930,2026-Q1,3,2026-03-21
7167,931,2026-Q1,3,2026-03-23
7168,933,2026-Q1,4,2026-03-05
7169,934,2026-Q1,5,2026-03-04
7170,937,2026-Q1,3,2026-03-31
7171,938,2026-Q1,2,2026-03-29
7172,939,2026-Q1,4,2026-03-02
7173,940,2026-Q1,3,2026-03-02
7174,941,2026-Q1,3,2026-03-22
7175,942,2026-Q1,3,2026-03-30
7176,943,2026-Q1,2,2026-03-24
7177,944,2026-Q1,3,2026-03-16
7178,946,2026-Q1,3,2026-03-10
7179,947,2026-Q1,3,2026-03-26
7180,948,2026-Q1,4,2026-03-23
7181,949,2026-Q1,3,2026-03-03
7182,950,2026-Q1,5,2026-03-12
7183,951,2026-Q1,4,2026-03-20
7184,953,2026-Q1,4,2026-03-13
7185,955,2026-Q1,5,2026-03-29
7186,956,2026-Q1,3,2026-03-02
7187,959,2026-Q1,4,2026-03-22
7188,960,2026-Q1,3,2026-03-28
7189,961,2026-Q1,5,2026-03-22
7190,964,2026-Q1,2,2026-03-16
7191,967,2026-Q1,3,2026-03-23
7192,968,2026-Q1,2,2026-03-01
7193,969,2026-Q1,4,2026-03-20
7194,970,2026-Q1,3,2026-03-25
7195,971,2026-Q1,2,2026-03-30
7196,973,2026-Q1,4,2026-03-24
7197,974,2026-Q1,4,2026-03-22
7198,977,2026-Q1,3,2026-03-04
7199,979,2026-Q1,3,2026-03-17
7200,981,2026-Q1,3,2026-03-16
7201,982,2026-Q1,3,2026-03-18
7202,983,2026-Q1,3,2026-03-10
7203,984,2026-Q1,2,2026-03-16
7204,985,2026-Q1,3,2026-03-29
7205,986,2026-Q1,3,2026-03-04
7206,987,2026-Q1,3,2026-03-20
7207,988,2026-Q1,4,2026-03-10
7208,989,2026-Q1,3,2026-03-20
7209,990,2026-Q1,3,2026-03-31
7210,991,2026-Q1,4,2026-03-08
7211,992,2026-Q1,3,2026-03-28
7212,993,2026-Q1,4,2026-03-28
7213,994,2026-Q1,4,2026-03-16
7214,996,2026-Q1,4,2026-03-28
7215,999,2026-Q1,3,2026-03-08
7216,1000,2026-Q1,4,2026-03-13
7217,1001,2026-Q1,2,2026-03-29
7218,1002,2026-Q1,1,2026-03-05
7219,1003,2026-Q1,5,2026-03-02
7220,1005,2026-Q1,4,2026-03-04
7221,1006,2026-Q1,3,2026-03-10
7222,1007,2026-Q1,5,2026-03-16
7223,1008,2026-Q1,5,2026-03-14
7224,1009,2026-Q1,3,2026-03-01
7225,1010,2026-Q1,4,2026-03-22
7226,1011,2026-Q1,2,2026-03-19
7227,1013,2026-Q1,3,2026-03-17
7228,1015,2026-Q1,4,2026-03-13
7229,1016,2026-Q1,3,2026-03-31
7230,1017,2026-Q1,3,2026-03-28
7231,1018,2026-Q1,3,2026-03-25
7232,1019,2026-Q1,4,2026-03-09
7233,1021,2026-Q1,3,2026-03-30
7234,1022,2026-Q1,2,2026-03-07
7235,1023,2026-Q1,3,2026-03-21
7236,1024,2026-Q1,5,2026-03-19
7237,1025,2026-Q1,4,2026-03-28
7238,1026,2026-Q1,3,2026-03-17
7239,1027,2026-Q1,3,2026-03-02
7240,1029,2026-Q1,3,2026-03-06
7241,1030,2026-Q1,4,2026-03-07
7242,1031,2026-Q1,3,2026-03-29
7243,1033,2026-Q1,3,2026-03-03
7244,1034,2026-Q1,3,2026-03-27
7245,1035,2026-Q1,3,2026-03-21
7246,1036,2026-Q1,4,2026-03-26
7247,1039,2026-Q1,4,2026-03-26
7248,1040,2026-Q1,2,2026-03-30
7249,1041,2026-Q1,3,2026-03-24
7250,1042,2026-Q1,1,2026-03-31
7251,1043,2026-Q1,3,2026-03-04
7252,1044,2026-Q1,4,2026-03-16
7253,1045,2026-Q1,4,2026-03-29
7254,1047,2026-Q1,4,2026-03-16
7255,1048,2026-Q1,4,2026-03-22
7256,1049,2026-Q1,4,2026-03-27
7257,1050,2026-Q1,3,2026-03-13
7258,1051,2026-Q1,3,2026-03-16
7259,1052,2026-Q1,3,2026-03-14
7260,1053,2026-Q1,4,2026-03-23
7261,1054,2026-Q1,4,2026-03-27
7262,1055,2026-Q1,3,2026-03-15
7263,1056,2026-Q1,3,2026-03-04
7264,1057,2026-Q1,3,2026-03-15
7265,1058,2026-Q1,4,2026-03-31
7266,1059,2026-Q1,4,2026-03-16
7267,1060,2026-Q1,5,2026-03-16
7268,1062,2026-Q1,3,2026-03-06
7269,1064,2026-Q1,3,2026-03-06
7270,1065,2026-Q1,3,2026-03-10
7271,1066,2026-Q1,1,2026-03-10
7272,1068,2026-Q1,4,2026-03-01
7273,1069,2026-Q1,5,2026-03-31
7274,1070,2026-Q1,4,2026-03-10
7275,1071,2026-Q1,3,2026-03-18
7276,1072,2026-Q1,2,2026-03-27
7277,1074,2026-Q1,3,2026-03-23
7278,1075,2026-Q1,3,2026-03-23
7279,1076,2026-Q1,4,2026-03-19
7280,1077,2026-Q1,4,2026-03-01
7281,1078,2026-Q1,2,2026-03-24
7282,1079,2026-Q1,5,2026-03-18
7283,1081,2026-Q1,3,2026-03-29
7284,1082,2026-Q1,2,2026-03-01
7285,1083,2026-Q1,3,2026-03-10
7286,1084,2026-Q1,5,2026-03-30
7287,1085,2026-Q1,4,2026-03-15
7288,1086,2026-Q1,4,2026-03-05
7289,1087,2026-Q1,2,2026-03-19
7290,1088,2026-Q1,4,2026-03-29
7291,1090,2026-Q1,3,2026-03-25
7292,1091,2026-Q1,4,2026-03-22
7293,1092,2026-Q1,4,2026-03-16
7294,1093,2026-Q1,4,2026-03-18
7295,1094,2026-Q1,4,2026-03-05
7296,1095,2026-Q1,3,2026-03-25
7297,1096,2026-Q1,4,2026-03-19
7298,1097,2026-Q1,4,2026-03-20
7299,1098,2026-Q1,4,2026-03-08
7300,1099,2026-Q1,2,2026-03-17
7301,1100,2026-Q1,3,2026-03-18
7302,1101,2026-Q1,4,2026-03-13
7303,1102,2026-Q1,4,2026-03-31
7304,1103,2026-Q1,4,2026-03-24
7305,1104,2026-Q1,4,2026-03-06
7306,1105,2026-Q1,3,2026-03-02
7307,1106,2026-Q1,4,2026-03-23
7308,1107,2026-Q1,2,2026-03-18
7309,1109,2026-Q1,3,2026-03-19
7310,1110,2026-Q1,3,2026-03-01
7311,1111,2026-Q1,2,2026-03-20
7312,1112,2026-Q1,3,2026-03-22
7313,1113,2026-Q1,4,2026-03-20
7314,1114,2026-Q1,4,2026-03-24
7315,1115,2026-Q1,1,2026-03-05
7316,1116,2026-Q1,4,2026-03-21
7317,1117,2026-Q1,4,2026-03-15
7318,1119,2026-Q1,3,2026-03-18
7319,1122,2026-Q1,4,2026-03-03
7320,1123,2026-Q1,4,2026-03-20
7321,1124,2026-Q1,2,2026-03-19
7322,1126,2026-Q1,4,2026-03-02
7323,1127,2026-Q1,3,2026-03-06
7324,1129,2026-Q1,5,2026-03-04
7325,1130,2026-Q1,3,2026-03-07
7326,1131,2026-Q1,3,2026-03-04
7327,1132,2026-Q1,3,2026-03-20
7328,1133,2026-Q1,4,2026-03-14
7329,1134,2026-Q1,4,2026-03-13
7330,1135,2026-Q1,4,2026-03-15
7331,1136,2026-Q1,3,2026-03-05
7332,1137,2026-Q1,3,2026-03-22
7333,1138,2026-Q1,3,2026-03-05
7334,1139,2026-Q1,4,2026-03-22
7335,1140,2026-Q1,2,2026-03-12
7336,1141,2026-Q1,3,2026-03-28
7337,1142,2026-Q1,4,2026-03-19
7338,1143,2026-Q1,4,2026-03-29
7339,1144,2026-Q1,4,2026-03-09
7340,1146,2026-Q1,4,2026-03-01
7341,1147,2026-Q1,3,2026-03-17
7342,1148,2026-Q1,4,2026-03-24
7343,1149,2026-Q1,4,2026-03-26
7344,1151,2026-Q1,4,2026-03-20
7345,1152,2026-Q1,4,2026-03-30
7346,1153,2026-Q1,4,2026-03-15
7347,1154,2026-Q1,4,2026-03-22
7348,1155,2026-Q1,3,2026-03-02
7349,1156,2026-Q1,3,2026-03-25
7350,1157,2026-Q1,3,2026-03-02
7351,1159,2026-Q1,2,2026-03-20
7352,1160,2026-Q1,4,2026-03-29
7353,1161,2026-Q1,3,2026-03-02
7354,1163,2026-Q1,4,2026-03-12
7355,1164,2026-Q1,5,2026-03-17
7356,1165,2026-Q1,4,2026-03-25
7357,1166,2026-Q1,3,2026-03-01
7358,1167,2026-Q1,3,2026-03-28
7359,1168,2026-Q1,3,2026-03-12
7360,1169,2026-Q1,3,2026-03-29
7361,1172,2026-Q1,2,2026-03-28
7362,1173,2026-Q1,3,2026-03-09
7363,1174,2026-Q1,3,2026-03-06
7364,1175,2026-Q1,4,2026-03-05
7365,1177,2026-Q1,3,2026-03-26
7366,3,2026-Q2,3,2026-06-16
7367,4,2026-Q2,4,2026-06-16
7368,10,2026-Q2,5,2026-06-19
7369,12,2026-Q2,4,2026-06-01
7370,16,2026-Q2,4,2026-06-20
7371,17,2026-Q2,4,2026-06-19
7372,20,2026-Q2,2,2026-06-17
7373,22,2026-Q2,4,2026-06-24
7374,25,2026-Q2,2,2026-06-26
7375,26,2026-Q2,4,2026-06-02
7376,30,2026-Q2,4,2026-06-21
7377,32,2026-Q2,4,2026-06-29
7378,34,2026-Q2,4,2026-06-10
7379,35,2026-Q2,4,2026-06-19
7380,36,2026-Q2,3,2026-06-22
7381,39,2026-Q2,3,2026-06-03
7382,40,2026-Q2,5,2026-06-05
7383,42,2026-Q2,5,2026-06-01
7384,44,2026-Q2,2,2026-06-23
7385,45,2026-Q2,3,2026-06-30
7386,46,2026-Q2,2,2026-06-25
7387,47,2026-Q2,3,2026-06-02
7388,50,2026-Q2,4,2026-06-10
7389,51,2026-Q2,2,2026-06-23
7390,52,2026-Q2,3,2026-06-22
7391,53,2026-Q2,4,2026-06-05
7392,54,2026-Q2,2,2026-06-17
7393,59,2026-Q2,3,2026-06-08
7394,60,2026-Q2,3,2026-06-19
7395,63,2026-Q2,2,2026-06-21
7396,64,2026-Q2,3,2026-06-11
7397,70,2026-Q2,4,2026-06-06
7398,71,2026-Q2,3,2026-06-19
7399,72,2026-Q2,4,2026-06-30
7400,73,2026-Q2,3,2026-06-11
7401,75,2026-Q2,4,2026-06-15
7402,76,2026-Q2,4,2026-06-02
7403,78,2026-Q2,3,2026-06-30
7404,84,2026-Q2,2,2026-06-12
7405,86,2026-Q2,3,2026-06-12
7406,88,2026-Q2,4,2026-06-04
7407,89,2026-Q2,3,2026-06-11
7408,91,2026-Q2,4,2026-06-03
7409,94,2026-Q2,3,2026-06-14
7410,96,2026-Q2,2,2026-06-27
7411,101,2026-Q2,3,2026-06-02
7412,105,2026-Q2,3,2026-06-03
7413,106,2026-Q2,4,2026-06-04
7414,107,2026-Q2,5,2026-06-20
7415,109,2026-Q2,2,2026-06-20
7416,110,2026-Q2,2,2026-06-23
7417,111,2026-Q2,3,2026-06-16
7418,112,2026-Q2,3,2026-06-13
7419,116,2026-Q2,3,2026-06-09
7420,118,2026-Q2,4,2026-06-07
7421,121,2026-Q2,3,2026-06-03
7422,122,2026-Q2,3,2026-06-02
7423,124,2026-Q2,4,2026-06-18
7424,125,2026-Q2,3,2026-06-13
7425,126,2026-Q2,3,2026-06-27
7426,128,2026-Q2,5,2026-06-03
7427,129,2026-Q2,3,2026-06-19
7428,131,2026-Q2,3,2026-06-21
7429,133,2026-Q2,4,2026-06-15
7430,135,2026-Q2,3,2026-06-28
7431,136,2026-Q2,2,2026-06-02
7432,142,2026-Q2,3,2026-06-20
7433,144,2026-Q2,2,2026-06-01
7434,146,2026-Q2,3,2026-06-09
7435,147,2026-Q2,5,2026-06-02
7436,148,2026-Q2,4,2026-06-11
7437,149,2026-Q2,2,2026-06-07
7438,153,2026-Q2,3,2026-06-13
7439,154,2026-Q2,4,2026-06-26
7440,156,2026-Q2,3,2026-06-30
7441,160,2026-Q2,3,2026-06-12
7442,161,2026-Q2,4,2026-06-19
7443,162,2026-Q2,3,2026-06-01
7444,164,2026-Q2,3,2026-06-02
7445,166,2026-Q2,4,2026-06-15
7446,167,2026-Q2,4,2026-06-01
7447,169,2026-Q2,3,2026-06-13
7448,171,2026-Q2,3,2026-06-24
7449,172,2026-Q2,3,2026-06-12
7450,175,2026-Q2,3,2026-06-07
7451,177,2026-Q2,4,2026-06-27
7452,178,2026-Q2,4,2026-06-23
7453,182,2026-Q2,2,2026-06-26
7454,183,2026-Q2,4,2026-06-14
7455,184,2026-Q2,4,2026-06-30
7456,185,2026-Q2,4,2026-06-28
7457,187,2026-Q2,3,2026-06-20
7458,188,2026-Q2,4,2026-06-21
7459,190,2026-Q2,3,2026-06-15
7460,191,2026-Q2,3,2026-06-05
7461,195,2026-Q2,3,2026-06-30
7462,196,2026-Q2,3,2026-06-04
7463,198,2026-Q2,3,2026-06-21
7464,200,2026-Q2,2,2026-06-24
7465,202,2026-Q2,2,2026-06-28
7466,203,2026-Q2,4,2026-06-01
7467,204,2026-Q2,3,2026-06-13
7468,205,2026-Q2,4,2026-06-26
7469,207,2026-Q2,5,2026-06-26
7470,208,2026-Q2,2,2026-06-29
7471,209,2026-Q2,3,2026-06-09
7472,210,2026-Q2,3,2026-06-12
7473,211,2026-Q2,4,2026-06-22
7474,212,2026-Q2,3,2026-06-20
7475,213,2026-Q2,3,2026-06-20
7476,214,2026-Q2,5,2026-06-28
7477,216,2026-Q2,3,2026-06-01
7478,217,2026-Q2,2,2026-06-30
7479,219,2026-Q2,3,2026-06-06
7480,220,2026-Q2,4,2026-06-30
7481,221,2026-Q2,3,2026-06-29
7482,222,2026-Q2,4,2026-06-15
7483,225,2026-Q2,4,2026-06-26
7484,227,2026-Q2,1,2026-06-29
7485,228,2026-Q2,3,2026-06-23
7486,229,2026-Q2,2,2026-06-09
7487,231,2026-Q2,4,2026-06-08
7488,232,2026-Q2,5,2026-06-19
7489,233,2026-Q2,5,2026-06-03
7490,234,2026-Q2,3,2026-06-26
7491,235,2026-Q2,3,2026-06-11
7492,236,2026-Q2,3,2026-06-26
7493,237,2026-Q2,3,2026-06-04
7494,238,2026-Q2,3,2026-06-05
7495,240,2026-Q2,3,2026-06-06
7496,242,2026-Q2,3,2026-06-30
7497,244,2026-Q2,3,2026-06-14
7498,245,2026-Q2,4,2026-06-15
7499,249,2026-Q2,3,2026-06-03
7500,250,2026-Q2,4,2026-06-07
7501,252,2026-Q2,3,2026-06-05
7502,253,2026-Q2,3,2026-06-30
7503,254,2026-Q2,5,2026-06-27
7504,255,2026-Q2,3,2026-06-21
7505,259,2026-Q2,4,2026-06-02
7506,260,2026-Q2,4,2026-06-09
7507,264,2026-Q2,3,2026-06-15
7508,265,2026-Q2,3,2026-06-30
7509,266,2026-Q2,3,2026-06-08
7510,268,2026-Q2,3,2026-06-03
7511,272,2026-Q2,3,2026-06-11
7512,275,2026-Q2,4,2026-06-27
7513,277,2026-Q2,3,2026-06-04
7514,278,2026-Q2,4,2026-06-09
7515,284,2026-Q2,3,2026-06-04
7516,285,2026-Q2,4,2026-06-27
7517,287,2026-Q2,3,2026-06-25
7518,288,2026-Q2,4,2026-06-13
7519,289,2026-Q2,4,2026-06-14
7520,290,2026-Q2,3,2026-06-26
7521,291,2026-Q2,3,2026-06-05
7522,293,2026-Q2,3,2026-06-23
7523,294,2026-Q2,4,2026-06-16
7524,298,2026-Q2,3,2026-06-05
7525,302,2026-Q2,4,2026-06-18
7526,303,2026-Q2,4,2026-06-28
7527,304,2026-Q2,3,2026-06-10
7528,305,2026-Q2,2,2026-06-23
7529,307,2026-Q2,2,2026-06-29
7530,310,2026-Q2,2,2026-06-13
7531,313,2026-Q2,3,2026-06-14
7532,314,2026-Q2,4,2026-06-04
7533,315,2026-Q2,3,2026-06-16
7534,317,2026-Q2,4,2026-06-04
7535,320,2026-Q2,3,2026-06-20
7536,325,2026-Q2,5,2026-06-06
7537,327,2026-Q2,4,2026-06-15
7538,330,2026-Q2,3,2026-06-07
7539,332,2026-Q2,4,2026-06-23
7540,333,2026-Q2,5,2026-06-20
7541,334,2026-Q2,3,2026-06-03
7542,335,2026-Q2,2,2026-06-05
7543,337,2026-Q2,2,2026-06-27
7544,338,2026-Q2,4,2026-06-20
7545,339,2026-Q2,3,2026-06-16
7546,341,2026-Q2,3,2026-06-09
7547,343,2026-Q2,3,2026-06-26
7548,345,2026-Q2,2,2026-06-25
7549,346,2026-Q2,5,2026-06-28
7550,347,2026-Q2,3,2026-06-03
7551,349,2026-Q2,4,2026-06-22
7552,350,2026-Q2,3,2026-06-02
7553,351,2026-Q2,4,2026-06-10
7554,352,2026-Q2,5,2026-06-29
7555,355,2026-Q2,3,2026-06-07
7556,356,2026-Q2,3,2026-06-20
7557,357,2026-Q2,2,2026-06-05
7558,358,2026-Q2,4,2026-06-23
7559,359,2026-Q2,3,2026-06-20
7560,360,2026-Q2,3,2026-06-11
7561,361,2026-Q2,4,2026-06-18
7562,364,2026-Q2,4,2026-06-14
7563,365,2026-Q2,3,2026-06-26
7564,366,2026-Q2,4,2026-06-10
7565,368,2026-Q2,4,2026-06-25
7566,369,2026-Q2,4,2026-06-08
7567,370,2026-Q2,4,2026-06-03
7568,371,2026-Q2,3,2026-06-09
7569,373,2026-Q2,2,2026-06-04
7570,375,2026-Q2,4,2026-06-05
7571,376,2026-Q2,2,2026-06-09
7572,378,2026-Q2,2,2026-06-26
7573,379,2026-Q2,3,2026-06-12
7574,381,2026-Q2,4,2026-06-13
7575,382,2026-Q2,3,2026-06-11
7576,383,2026-Q2,3,2026-06-09
7577,386,2026-Q2,3,2026-06-20
7578,387,2026-Q2,3,2026-06-03
7579,389,2026-Q2,3,2026-06-03
7580,391,2026-Q2,4,2026-06-26
7581,393,2026-Q2,4,2026-06-13
7582,395,2026-Q2,3,2026-06-04
7583,400,2026-Q2,3,2026-06-09
7584,401,2026-Q2,3,2026-06-30
7585,409,2026-Q2,4,2026-06-15
7586,410,2026-Q2,2,2026-06-15
7587,412,2026-Q2,3,2026-06-20
7588,415,2026-Q2,3,2026-06-01
7589,417,2026-Q2,2,2026-06-09
7590,418,2026-Q2,3,2026-06-13
7591,420,2026-Q2,3,2026-06-07
7592,423,2026-Q2,3,2026-06-27
7593,424,2026-Q2,3,2026-06-19
7594,427,2026-Q2,2,2026-06-06
7595,429,2026-Q2,3,2026-06-17
7596,430,2026-Q2,2,2026-06-07
7597,434,2026-Q2,4,2026-06-17
7598,436,2026-Q2,3,2026-06-11
7599,437,2026-Q2,3,2026-06-04
7600,438,2026-Q2,4,2026-06-22
7601,440,2026-Q2,4,2026-06-06
7602,443,2026-Q2,2,2026-06-30
7603,444,2026-Q2,2,2026-06-10
7604,445,2026-Q2,4,2026-06-17
7605,447,2026-Q2,4,2026-06-27
7606,448,2026-Q2,3,2026-06-28
7607,450,2026-Q2,3,2026-06-02
7608,451,2026-Q2,4,2026-06-09
7609,452,2026-Q2,3,2026-06-10
7610,453,2026-Q2,3,2026-06-01
7611,455,2026-Q2,3,2026-06-30
7612,457,2026-Q2,3,2026-06-22
7613,458,2026-Q2,3,2026-06-18
7614,459,2026-Q2,3,2026-06-03
7615,460,2026-Q2,4,2026-06-20
7616,463,2026-Q2,4,2026-06-08
7617,465,2026-Q2,4,2026-06-06
7618,468,2026-Q2,5,2026-06-14
7619,469,2026-Q2,2,2026-06-30
7620,470,2026-Q2,4,2026-06-13
7621,472,2026-Q2,2,2026-06-13
7622,474,2026-Q2,3,2026-06-15
7623,475,2026-Q2,3,2026-06-01
7624,476,2026-Q2,3,2026-06-22
7625,477,2026-Q2,4,2026-06-10
7626,479,2026-Q2,5,2026-06-12
7627,480,2026-Q2,2,2026-06-05
7628,481,2026-Q2,3,2026-06-12
7629,482,2026-Q2,4,2026-06-11
7630,483,2026-Q2,4,2026-06-09
7631,484,2026-Q2,3,2026-06-21
7632,486,2026-Q2,4,2026-06-14
7633,487,2026-Q2,3,2026-06-03
7634,488,2026-Q2,3,2026-06-09
7635,491,2026-Q2,5,2026-06-06
7636,492,2026-Q2,3,2026-06-08
7637,494,2026-Q2,2,2026-06-24
7638,495,2026-Q2,5,2026-06-30
7639,499,2026-Q2,4,2026-06-01
7640,500,2026-Q2,3,2026-06-12
7641,501,2026-Q2,5,2026-06-24
7642,503,2026-Q2,3,2026-06-05
7643,505,2026-Q2,4,2026-06-19
7644,506,2026-Q2,2,2026-06-18
7645,507,2026-Q2,3,2026-06-17
7646,508,2026-Q2,2,2026-06-01
7647,509,2026-Q2,2,2026-06-25
7648,511,2026-Q2,4,2026-06-17
7649,515,2026-Q2,4,2026-06-07
7650,516,2026-Q2,3,2026-06-09
7651,519,2026-Q2,2,2026-06-08
7652,520,2026-Q2,4,2026-06-01
7653,522,2026-Q2,4,2026-06-29
7654,524,2026-Q2,3,2026-06-12
7655,526,2026-Q2,3,2026-06-26
7656,527,2026-Q2,3,2026-06-15
7657,528,2026-Q2,4,2026-06-15
7658,531,2026-Q2,3,2026-06-28
7659,532,2026-Q2,4,2026-06-19
7660,534,2026-Q2,3,2026-06-12
7661,536,2026-Q2,4,2026-06-15
7662,537,2026-Q2,2,2026-06-10
7663,539,2026-Q2,3,2026-06-09
7664,541,2026-Q2,5,2026-06-17
7665,545,2026-Q2,2,2026-06-12
7666,546,2026-Q2,3,2026-06-03
7667,548,2026-Q2,4,2026-06-27
7668,549,2026-Q2,3,2026-06-21
7669,550,2026-Q2,4,2026-06-18
7670,552,2026-Q2,3,2026-06-10
7671,553,2026-Q2,4,2026-06-08
7672,554,2026-Q2,2,2026-06-25
7673,555,2026-Q2,4,2026-06-11
7674,558,2026-Q2,4,2026-06-06
7675,564,2026-Q2,2,2026-06-13
7676,566,2026-Q2,4,2026-06-27
7677,567,2026-Q2,3,2026-06-09
7678,569,2026-Q2,5,2026-06-25
7679,572,2026-Q2,4,2026-06-15
7680,573,2026-Q2,3,2026-06-23
7681,576,2026-Q2,5,2026-06-12
7682,577,2026-Q2,3,2026-06-29
7683,578,2026-Q2,4,2026-06-14
7684,579,2026-Q2,4,2026-06-18
7685,580,2026-Q2,3,2026-06-03
7686,581,2026-Q2,3,2026-06-28
7687,582,2026-Q2,4,2026-06-30
7688,583,2026-Q2,5,2026-06-04
7689,586,2026-Q2,3,2026-06-02
7690,588,2026-Q2,3,2026-06-24
7691,589,2026-Q2,4,2026-06-26
7692,590,2026-Q2,2,2026-06-18
7693,591,2026-Q2,3,2026-06-14
7694,592,2026-Q2,4,2026-06-19
7695,593,2026-Q2,4,2026-06-02
7696,594,2026-Q2,4,2026-06-23
7697,595,2026-Q2,4,2026-06-17
7698,596,2026-Q2,2,2026-06-02
7699,597,2026-Q2,2,2026-06-12
7700,600,2026-Q2,4,2026-06-24
7701,601,2026-Q2,4,2026-06-15
7702,603,2026-Q2,4,2026-06-27
7703,604,2026-Q2,2,2026-06-05
7704,607,2026-Q2,4,2026-06-25
7705,608,2026-Q2,4,2026-06-25
7706,609,2026-Q2,5,2026-06-01
7707,611,2026-Q2,3,2026-06-10
7708,612,2026-Q2,3,2026-06-09
7709,613,2026-Q2,2,2026-06-28
7710,615,2026-Q2,2,2026-06-19
7711,617,2026-Q2,4,2026-06-11
7712,620,2026-Q2,4,2026-06-05
7713,624,2026-Q2,4,2026-06-17
7714,625,2026-Q2,3,2026-06-30
7715,630,2026-Q2,3,2026-06-04
7716,631,2026-Q2,5,2026-06-22
7717,632,2026-Q2,3,2026-06-10
7718,633,2026-Q2,3,2026-06-03
7719,634,2026-Q2,4,2026-06-06
7720,635,2026-Q2,3,2026-06-27
7721,636,2026-Q2,4,2026-06-26
7722,638,2026-Q2,4,2026-06-17
7723,639,2026-Q2,3,2026-06-18
7724,640,2026-Q2,3,2026-06-21
7725,641,2026-Q2,4,2026-06-09
7726,642,2026-Q2,3,2026-06-07
7727,643,2026-Q2,4,2026-06-06
7728,644,2026-Q2,4,2026-06-01
7729,645,2026-Q2,4,2026-06-23
7730,647,2026-Q2,2,2026-06-16
7731,648,2026-Q2,3,2026-06-03
7732,651,2026-Q2,4,2026-06-17
7733,652,2026-Q2,3,2026-06-21
7734,653,2026-Q2,4,2026-06-18
7735,655,2026-Q2,3,2026-06-07
7736,658,2026-Q2,3,2026-06-17
7737,661,2026-Q2,3,2026-06-04
7738,662,2026-Q2,1,2026-06-19
7739,663,2026-Q2,5,2026-06-25
7740,665,2026-Q2,4,2026-06-30
7741,667,2026-Q2,3,2026-06-25
7742,668,2026-Q2,3,2026-06-23
7743,671,2026-Q2,3,2026-06-27
7744,672,2026-Q2,5,2026-06-15
7745,673,2026-Q2,3,2026-06-20
7746,675,2026-Q2,4,2026-06-16
7747,677,2026-Q2,4,2026-06-11
7748,679,2026-Q2,4,2026-06-07
7749,680,2026-Q2,4,2026-06-17
7750,681,2026-Q2,2,2026-06-05
7751,682,2026-Q2,3,2026-06-02
7752,685,2026-Q2,2,2026-06-01
7753,688,2026-Q2,4,2026-06-21
7754,689,2026-Q2,3,2026-06-14
7755,691,2026-Q2,2,2026-06-17
7756,693,2026-Q2,4,2026-06-17
7757,695,2026-Q2,4,2026-06-24
7758,698,2026-Q2,4,2026-06-08
7759,700,2026-Q2,4,2026-06-02
7760,701,2026-Q2,2,2026-06-10
7761,702,2026-Q2,4,2026-06-24
7762,703,2026-Q2,4,2026-06-20
7763,704,2026-Q2,3,2026-06-15
7764,705,2026-Q2,2,2026-06-13
7765,706,2026-Q2,2,2026-06-26
7766,707,2026-Q2,3,2026-06-06
7767,708,2026-Q2,3,2026-06-11
7768,709,2026-Q2,2,2026-06-28
7769,711,2026-Q2,3,2026-06-05
7770,712,2026-Q2,5,2026-06-16
7771,713,2026-Q2,4,2026-06-15
7772,714,2026-Q2,3,2026-06-23
7773,716,2026-Q2,3,2026-06-08
7774,717,2026-Q2,4,2026-06-02
7775,718,2026-Q2,3,2026-06-23
7776,719,2026-Q2,4,2026-06-20
7777,720,2026-Q2,5,2026-06-04
7778,721,2026-Q2,4,2026-06-16
7779,722,2026-Q2,3,2026-06-01
7780,723,2026-Q2,3,2026-06-10
7781,725,2026-Q2,4,2026-06-24
7782,726,2026-Q2,4,2026-06-10
7783,728,2026-Q2,3,2026-06-01
7784,731,2026-Q2,2,2026-06-21
7785,732,2026-Q2,3,2026-06-28
7786,736,2026-Q2,3,2026-06-12
7787,737,2026-Q2,5,2026-06-15
7788,738,2026-Q2,5,2026-06-30
7789,739,2026-Q2,3,2026-06-09
7790,740,2026-Q2,2,2026-06-17
7791,741,2026-Q2,5,2026-06-04
7792,742,2026-Q2,3,2026-06-23
7793,743,2026-Q2,4,2026-06-08
7794,745,2026-Q2,3,2026-06-27
7795,748,2026-Q2,4,2026-06-30
7796,750,2026-Q2,4,2026-06-19
7797,751,2026-Q2,4,2026-06-02
7798,752,2026-Q2,3,2026-06-14
7799,754,2026-Q2,2,2026-06-30
7800,755,2026-Q2,3,2026-06-08
7801,757,2026-Q2,4,2026-06-30
7802,758,2026-Q2,3,2026-06-13
7803,759,2026-Q2,3,2026-06-20
7804,761,2026-Q2,4,2026-06-28
7805,762,2026-Q2,4,2026-06-04
7806,763,2026-Q2,2,2026-06-04
7807,764,2026-Q2,3,2026-06-06
7808,765,2026-Q2,3,2026-06-29
7809,766,2026-Q2,4,2026-06-17
7810,767,2026-Q2,3,2026-06-05
7811,768,2026-Q2,3,2026-06-01
7812,769,2026-Q2,5,2026-06-21
7813,773,2026-Q2,3,2026-06-06
7814,774,2026-Q2,2,2026-06-12
7815,776,2026-Q2,4,2026-06-24
7816,778,2026-Q2,5,2026-06-03
7817,779,2026-Q2,3,2026-06-13
7818,780,2026-Q2,4,2026-06-28
7819,781,2026-Q2,3,2026-06-05
7820,782,2026-Q2,4,2026-06-15
7821,783,2026-Q2,4,2026-06-30
7822,785,2026-Q2,3,2026-06-24
7823,786,2026-Q2,4,2026-06-25
7824,787,2026-Q2,3,2026-06-26
7825,788,2026-Q2,3,2026-06-14
7826,789,2026-Q2,5,2026-06-20
7827,790,2026-Q2,3,2026-06-13
7828,793,2026-Q2,2,2026-06-20
7829,794,2026-Q2,4,2026-06-25
7830,796,2026-Q2,4,2026-06-27
7831,801,2026-Q2,4,2026-06-28
7832,802,2026-Q2,3,2026-06-29
7833,803,2026-Q2,4,2026-06-06
7834,804,2026-Q2,2,2026-06-21
7835,805,2026-Q2,3,2026-06-24
7836,806,2026-Q2,3,2026-06-30
7837,807,2026-Q2,3,2026-06-03
7838,808,2026-Q2,5,2026-06-08
7839,809,2026-Q2,2,2026-06-21
7840,810,2026-Q2,4,2026-06-12
7841,812,2026-Q2,5,2026-06-15
7842,814,2026-Q2,2,2026-06-20
7843,815,2026-Q2,3,2026-06-27
7844,817,2026-Q2,5,2026-06-22
7845,818,2026-Q2,3,2026-06-30
7846,819,2026-Q2,3,2026-06-13
7847,821,2026-Q2,4,2026-06-05
7848,823,2026-Q2,2,2026-06-13
7849,824,2026-Q2,2,2026-06-18
7850,826,2026-Q2,4,2026-06-13
7851,829,2026-Q2,5,2026-06-30
7852,830,2026-Q2,2,2026-06-20
7853,831,2026-Q2,3,2026-06-03
7854,835,2026-Q2,3,2026-06-26
7855,837,2026-Q2,3,2026-06-16
7856,838,2026-Q2,3,2026-06-06
7857,840,2026-Q2,4,2026-06-27
7858,841,2026-Q2,4,2026-06-07
7859,843,2026-Q2,4,2026-06-10
7860,844,2026-Q2,3,2026-06-06
7861,847,2026-Q2,5,2026-06-28
7862,848,2026-Q2,4,2026-06-09
7863,850,2026-Q2,2,2026-06-05
7864,851,2026-Q2,3,2026-06-30
7865,852,2026-Q2,3,2026-06-26
7866,853,2026-Q2,3,2026-06-17
7867,854,2026-Q2,4,2026-06-06
7868,855,2026-Q2,4,2026-06-20
7869,857,2026-Q2,4,2026-06-29
7870,858,2026-Q2,4,2026-06-26
7871,861,2026-Q2,3,2026-06-16
7872,862,2026-Q2,2,2026-06-28
7873,864,2026-Q2,3,2026-06-20
7874,867,2026-Q2,4,2026-06-17
7875,869,2026-Q2,3,2026-06-08
7876,870,2026-Q2,3,2026-06-11
7877,871,2026-Q2,3,2026-06-30
7878,872,2026-Q2,3,2026-06-10
7879,873,2026-Q2,3,2026-06-19
7880,874,2026-Q2,5,2026-06-23
7881,875,2026-Q2,2,2026-06-18
7882,877,2026-Q2,4,2026-06-27
7883,878,2026-Q2,4,2026-06-29
7884,879,2026-Q2,5,2026-06-22
7885,881,2026-Q2,4,2026-06-08
7886,882,2026-Q2,3,2026-06-22
7887,884,2026-Q2,4,2026-06-06
7888,886,2026-Q2,1,2026-06-19
7889,888,2026-Q2,4,2026-06-08
7890,889,2026-Q2,3,2026-06-11
7891,890,2026-Q2,3,2026-06-16
7892,892,2026-Q2,5,2026-06-20
7893,894,2026-Q2,2,2026-06-15
7894,896,2026-Q2,3,2026-06-03
7895,897,2026-Q2,3,2026-06-06
7896,898,2026-Q2,3,2026-06-16
7897,899,2026-Q2,3,2026-06-19
7898,900,2026-Q2,4,2026-06-02
7899,903,2026-Q2,4,2026-06-24
7900,904,2026-Q2,4,2026-06-13
7901,905,2026-Q2,5,2026-06-20
7902,906,2026-Q2,4,2026-06-01
7903,907,2026-Q2,2,2026-06-03
7904,910,2026-Q2,3,2026-06-06
7905,911,2026-Q2,2,2026-06-23
7906,912,2026-Q2,3,2026-06-23
7907,914,2026-Q2,4,2026-06-12
7908,915,2026-Q2,3,2026-06-16
7909,916,2026-Q2,5,2026-06-21
7910,917,2026-Q2,2,2026-06-08
7911,919,2026-Q2,3,2026-06-02
7912,920,2026-Q2,4,2026-06-22
7913,921,2026-Q2,4,2026-06-04
7914,922,2026-Q2,5,2026-06-03
7915,923,2026-Q2,5,2026-06-02
7916,924,2026-Q2,2,2026-06-11
7917,925,2026-Q2,4,2026-06-29
7918,926,2026-Q2,3,2026-06-06
7919,927,2026-Q2,4,2026-06-20
7920,929,2026-Q2,4,2026-06-11
7921,930,2026-Q2,4,2026-06-22
7922,931,2026-Q2,3,2026-06-17
7923,933,2026-Q2,3,2026-06-21
7924,934,2026-Q2,4,2026-06-13
7925,935,2026-Q2,2,2026-06-17
7926,936,2026-Q2,3,2026-06-10
7927,937,2026-Q2,3,2026-06-06
7928,938,2026-Q2,3,2026-06-21
7929,939,2026-Q2,3,2026-06-11
7930,940,2026-Q2,3,2026-06-29
7931,941,2026-Q2,3,2026-06-02
7932,942,2026-Q2,3,2026-06-21
7933,943,2026-Q2,3,2026-06-17
7934,945,2026-Q2,2,2026-06-10
7935,946,2026-Q2,3,2026-06-25
7936,948,2026-Q2,4,2026-06-06
7937,949,2026-Q2,3,2026-06-03
7938,950,2026-Q2,5,2026-06-11
7939,951,2026-Q2,2,2026-06-30
7940,953,2026-Q2,4,2026-06-27
7941,955,2026-Q2,2,2026-06-20
7942,956,2026-Q2,4,2026-06-03
7943,957,2026-Q2,5,2026-06-19
7944,958,2026-Q2,5,2026-06-08
7945,959,2026-Q2,3,2026-06-23
7946,961,2026-Q2,3,2026-06-22
7947,964,2026-Q2,3,2026-06-28
7948,966,2026-Q2,5,2026-06-16
7949,967,2026-Q2,2,2026-06-07
7950,969,2026-Q2,3,2026-06-08
7951,970,2026-Q2,4,2026-06-21
7952,971,2026-Q2,4,2026-06-19
7953,972,2026-Q2,4,2026-06-24
7954,973,2026-Q2,3,2026-06-11
7955,974,2026-Q2,3,2026-06-23
7956,975,2026-Q2,3,2026-06-02
7957,977,2026-Q2,5,2026-06-30
7958,981,2026-Q2,4,2026-06-13
7959,982,2026-Q2,3,2026-06-17
7960,983,2026-Q2,3,2026-06-26
7961,984,2026-Q2,3,2026-06-19
7962,986,2026-Q2,2,2026-06-05
7963,988,2026-Q2,4,2026-06-05
7964,989,2026-Q2,3,2026-06-10
7965,991,2026-Q2,4,2026-06-05
7966,992,2026-Q2,4,2026-06-12
7967,993,2026-Q2,1,2026-06-29
7968,994,2026-Q2,4,2026-06-16
7969,995,2026-Q2,4,2026-06-10
7970,996,2026-Q2,3,2026-06-01
7971,997,2026-Q2,3,2026-06-16
7972,999,2026-Q2,2,2026-06-15
7973,1000,2026-Q2,4,2026-06-13
7974,1002,2026-Q2,3,2026-06-04
7975,1003,2026-Q2,3,2026-06-25
7976,1005,2026-Q2,4,2026-06-30
7977,1008,2026-Q2,3,2026-06-04
7978,1009,2026-Q2,3,2026-06-10
7979,1010,2026-Q2,5,2026-06-21
7980,1011,2026-Q2,4,2026-06-09
7981,1013,2026-Q2,3,2026-06-19
7982,1014,2026-Q2,2,2026-06-30
7983,1016,2026-Q2,2,2026-06-07
7984,1018,2026-Q2,4,2026-06-17
7985,1020,2026-Q2,2,2026-06-27
7986,1021,2026-Q2,3,2026-06-14
7987,1022,2026-Q2,2,2026-06-21
7988,1023,2026-Q2,5,2026-06-01
7989,1024,2026-Q2,3,2026-06-30
7990,1025,2026-Q2,3,2026-06-23
7991,1026,2026-Q2,4,2026-06-29
7992,1027,2026-Q2,4,2026-06-01
7993,1028,2026-Q2,3,2026-06-26
7994,1034,2026-Q2,3,2026-06-22
7995,1036,2026-Q2,4,2026-06-25
7996,1037,2026-Q2,4,2026-06-02
7997,1038,2026-Q2,3,2026-06-21
7998,1039,2026-Q2,3,2026-06-08
7999,1040,2026-Q2,3,2026-06-10
8000,1042,2026-Q2,3,2026-06-30
8001,1043,2026-Q2,4,2026-06-14
8002,1044,2026-Q2,3,2026-06-12
8003,1045,2026-Q2,4,2026-06-10
8004,1046,2026-Q2,3,2026-06-06
8005,1047,2026-Q2,5,2026-06-23
8006,1048,2026-Q2,3,2026-06-06
8007,1049,2026-Q2,5,2026-06-11
8008,1050,2026-Q2,4,2026-06-04
8009,1051,2026-Q2,4,2026-06-07
8010,1052,2026-Q2,3,2026-06-07
8011,1053,2026-Q2,4,2026-06-19
8012,1054,2026-Q2,3,2026-06-01
8013,1055,2026-Q2,3,2026-06-16
8014,1056,2026-Q2,4,2026-06-08
8015,1057,2026-Q2,4,2026-06-24
8016,1058,2026-Q2,2,2026-06-22
8017,1060,2026-Q2,4,2026-06-02
8018,1062,2026-Q2,3,2026-06-02
8019,1064,2026-Q2,3,2026-06-15
8020,1065,2026-Q2,3,2026-06-15
8021,1068,2026-Q2,4,2026-06-27
8022,1069,2026-Q2,4,2026-06-08
8023,1071,2026-Q2,2,2026-06-10
8024,1074,2026-Q2,4,2026-06-15
8025,1075,2026-Q2,5,2026-06-03
8026,1076,2026-Q2,3,2026-06-12
8027,1079,2026-Q2,4,2026-06-11
8028,1081,2026-Q2,4,2026-06-11
8029,1082,2026-Q2,3,2026-06-02
8030,1083,2026-Q2,3,2026-06-04
8031,1084,2026-Q2,5,2026-06-07
8032,1085,2026-Q2,4,2026-06-02
8033,1086,2026-Q2,4,2026-06-02
8034,1087,2026-Q2,2,2026-06-23
8035,1088,2026-Q2,3,2026-06-29
8036,1090,2026-Q2,2,2026-06-22
8037,1091,2026-Q2,3,2026-06-10
8038,1092,2026-Q2,4,2026-06-12
8039,1093,2026-Q2,3,2026-06-14
8040,1094,2026-Q2,4,2026-06-29
8041,1095,2026-Q2,3,2026-06-20
8042,1096,2026-Q2,3,2026-06-26
8043,1097,2026-Q2,3,2026-06-10
8044,1098,2026-Q2,2,2026-06-05
8045,1100,2026-Q2,4,2026-06-02
8046,1102,2026-Q2,4,2026-06-17
8047,1104,2026-Q2,2,2026-06-06
8048,1105,2026-Q2,4,2026-06-24
8049,1106,2026-Q2,3,2026-06-15
8050,1107,2026-Q2,5,2026-06-04
8051,1108,2026-Q2,2,2026-06-13
8052,1109,2026-Q2,5,2026-06-08
8053,1111,2026-Q2,3,2026-06-15
8054,1112,2026-Q2,4,2026-06-10
8055,1114,2026-Q2,4,2026-06-23
8056,1115,2026-Q2,5,2026-06-18
8057,1116,2026-Q2,4,2026-06-12
8058,1117,2026-Q2,3,2026-06-26
8059,1118,2026-Q2,4,2026-06-03
8060,1119,2026-Q2,3,2026-06-18
8061,1120,2026-Q2,3,2026-06-08
8062,1121,2026-Q2,4,2026-06-25
8063,1122,2026-Q2,3,2026-06-09
8064,1123,2026-Q2,3,2026-06-22
8065,1124,2026-Q2,3,2026-06-05
8066,1126,2026-Q2,3,2026-06-23
8067,1128,2026-Q2,3,2026-06-20
8068,1129,2026-Q2,3,2026-06-11
8069,1130,2026-Q2,3,2026-06-23
8070,1131,2026-Q2,4,2026-06-25
8071,1132,2026-Q2,5,2026-06-26
8072,1133,2026-Q2,4,2026-06-18
8073,1134,2026-Q2,3,2026-06-04
8074,1135,2026-Q2,3,2026-06-18
8075,1136,2026-Q2,4,2026-06-24
8076,1137,2026-Q2,4,2026-06-19
8077,1138,2026-Q2,4,2026-06-14
8078,1139,2026-Q2,4,2026-06-12
8079,1140,2026-Q2,4,2026-06-13
8080,1141,2026-Q2,3,2026-06-13
8081,1142,2026-Q2,4,2026-06-01
8082,1143,2026-Q2,3,2026-06-25
8083,1144,2026-Q2,3,2026-06-05
8084,1145,2026-Q2,4,2026-06-25
8085,1146,2026-Q2,5,2026-06-23
8086,1147,2026-Q2,4,2026-06-02
8087,1148,2026-Q2,3,2026-06-15
8088,1149,2026-Q2,3,2026-06-27
8089,1151,2026-Q2,4,2026-06-02
8090,1152,2026-Q2,3,2026-06-10
8091,1153,2026-Q2,2,2026-06-02
8092,1154,2026-Q2,3,2026-06-23
8093,1155,2026-Q2,4,2026-06-29
8094,1156,2026-Q2,1,2026-06-21
8095,1157,2026-Q2,4,2026-06-25
8096,1158,2026-Q2,3,2026-06-17
8097,1159,2026-Q2,3,2026-06-28
8098,1160,2026-Q2,2,2026-06-03
8099,1161,2026-Q2,2,2026-06-07
8100,1162,2026-Q2,3,2026-06-22
8101,1163,2026-Q2,4,2026-06-07
8102,1164,2026-Q2,3,2026-06-10
8103,1166,2026-Q2,4,2026-06-07
8104,1167,2026-Q2,3,2026-06-26
8105,1168,2026-Q2,3,2026-06-15
8106,1171,2026-Q2,4,2026-06-25
8107,1172,2026-Q2,2,2026-06-23
8108,1173,2026-Q2,3,2026-06-19
8109,1174,2026-Q2,2,2026-06-07
8110,1175,2026-Q2,4,2026-06-29
8111,1177,2026-Q2,3,2026-06-01
8112,1179,2026-Q2,3,2026-06-27
8113,1181,2026-Q2,5,2026-06-25
8114,1182,2026-Q2,4,2026-06-29
8115,1184,2026-Q2,3,2026-06-05
8116,1185,2026-Q2,3,2026-06-24
8117,1186,2026-Q2,3,2026-06-04
8118,1187,2026-Q2,3,2026-06-02
8119,1188,2026-Q2,3,2026-06-11
8120,1189,2026-Q2,4,2026-06-19
8121,1191,2026-Q2,3,2026-06-04
8122,1192,2026-Q2,5,2026-06-19
8123,1193,2026-Q2,5,2026-06-28
8124,1194,2026-Q2,4,2026-06-01
8125,1195,2026-Q2,3,2026-06-16
8126,1196,2026-Q2,5,2026-06-22
8127,1197,2026-Q2,3,2026-06-12
8128,1199,2026-Q2,5,2026-06-08
8129,1200,2026-Q2,4,2026-06-28
8130,1203,2026-Q2,4,2026-06-20
8131,1204,2026-Q2,3,2026-06-29
8132,1205,2026-Q2,2,2026-06-06
8133,1207,2026-Q2,4,2026-06-01
8134,1209,2026-Q2,3,2026-06-13
8135,1210,2026-Q2,4,2026-06-09
8136,1211,2026-Q2,3,2026-06-30
8137,1212,2026-Q2,4,2026-06-16
8138,1213,2026-Q2,3,2026-06-24
8139,1214,2026-Q2,4,2026-06-28
8140,1215,2026-Q2,5,2026-06-06
8141,1217,2026-Q2,3,2026-06-07
8142,1218,2026-Q2,4,2026-06-09
8143,1219,2026-Q2,3,2026-06-21
8144,1220,2026-Q2,2,2026-06-10
8145,1221,2026-Q2,3,2026-06-27
8146,1222,2026-Q2,3,2026-06-02
8147,1223,2026-Q2,3,2026-06-08
8148,1224,2026-Q2,5,2026-06-13
8149,1225,2026-Q2,3,2026-06-28
8150,1226,2026-Q2,3,2026-06-13
